Titulo,Numero_de_likes,Numero_de_visualizacoes,Descricao,Numero_de_comentarios,Data,Video_ID
WanitwaMos x Nkosazana Daughter & Master KG -Mfazi We Phepha (feat.BigZulu & ZeeNxumalo) Music Video,17614,1381215,"Wanitwa Mos Entertainment 2024Distributed by @AfricoriFrom the groundbreaking album Makhelwane, which translates to Neighbour, comes this vibrant collaboration featuring the incredible Big Zulu and Zee Nxumalo. These visulas beautifully blends Afro Pop, Dance, and Amapiano, creating a sound that celebrates the rich tapestry of South African culture.'Mfazi We Phepha,' showcase  a fusion of languages, including Tsonga, Zulu, and Swati. With four talented artists coming together, this song has quickly climbed the charts and captured the hearts of listeners across the nation.Join us on this musical journey and immerse yourself in the rhythm and passion of Makhelwane Album, Available on all digital platformsBookings :dineo@wanitwa-mos.co.za+2774 656 7075#MfaziWePhepha #Makhelwane #Wanitwamos  #Master KG #nkosazanadaughter #BigZulu #ZeeNxumalo  #AfroPop #Amapiano #SouthAfricanMusic #DanceMusic",698,2024-11-01,lIBN-YwkVDI
How Strong is Tin Foil? ğŸ’ª,923545,54645077,"â‡ï¸ SUBSCRIBE - http://brianna.gg/subscribeğŸ‘• FIRE MERCH - http://www.brimerch.comğŸ”¥ DOWNLOAD APP - http://firemerch.app/downloadğŸ‘€ FOLLOW ME HERE!â˜› TikTok - https://www.tiktok.com/@briannaâ˜› Instagram - https://www.instagram.com/brianna_/ â˜› Twitter - https://twitter.com/BriArsementğŸ® MY FAN DISCORD! â˜› https://fire.vip/discord------------------------------Additional music provided by Epidemic SoundClick here for a free trial!  http://share.epidemicsound.com/TBNRIf you believe your copyrighted work was unintentionally used in this video without permission, please contact us at copyright@tbnr.net",1085,2024-11-01,Km9RSCwJUiU
The recruits are going through concealment training #futurelink #movie,646355,11602404,,246,2024-11-01,vyxTs6duZ18
This Handball Play Was As Tough As It Gets,648720,21216377,,2435,2024-11-01,al9l8QxWcD0
Together=Clean - Episode 6 (Last episode),13881,212324,Follow the link and start earning on Pocket Broker. Use the promo code LIFE50 to boost your first deposit by 50%!https://cos.cash/zafast?inf=LIFE50&number=1&int=1,822,2024-11-01,hWp6ahN4Fu8
REAL MADRID 0 - 4 FC BARCELONA | RESUMEN LALIGA EA SPORTS,313483,14736836,El FC Barcelona se lleva El ClÃ¡sico ante el Real Madrid en el Santiago BernabÃ©u con un doblete de Lewandowski y los golazos de Lamine Yamal y Raphinha #elclasico #elclÃ¡sico #RealMadridBarÃ§a J11 LALIGA EA Sports 2024/2025SuscrÃ­bete al canal de LALIGA EA SPORTS: http://goo.gl/Cp0tC,15557,2024-11-01,Hf9pXbnWIK8
Level up your cement game with these hacks ğŸ™ŒğŸ½,89599,3128228,"Advanced cement techniques: expert tips.#shorts #cement #hacks #repairsâ–¶ï¸ TheSoul Music: https://www.music.thesoul-publishing.comâ—‰ Our Spotify: https://sptfy.com/TheSoulMusicâ—‰ TikTok: https://www.tiktok.com/@thesoul.musicâ—‰ YouTube: / @thesoulsoundMusic by Epidemic Sound: https://www.epidemicsound.com/Stock materials: https://www.depositphotos.com https://www.shutterstock.comThis video is made for entertainment purposes. We do not make any warranties about the completeness, safety and reliability. Any action you take upon the information on this video is strictly at your own risk, and we will not be liable for any damages or losses. It is the viewer's responsibility to use judgment, care and precautions if one plans to replicate.The following video might feature activity performed by our actors within controlled environment - please use judgment, care, and precaution if you plan to replicate.All product and company names shown in the video are trademarksâ„¢ï¸ or registeredÂ®ï¸ trademarks of their respective holders. Use of them does not imply any affiliation with or endorsement by them.",516,2024-11-01,0vuWVagcwRY
MAGIC TIME â€‹â @Whoispelagheya,975605,34208310,,649,2024-11-01,re-k88xk9io
Our Son's BIG Accident,136682,9577074,"Our Son's BIG Accidentğ’ğ”ğğ’ğ‚ğ‘ğˆğğ„ HERE ğŸ‘‰ â€‹â @royaltyfam ğ’ğ”ğğ’ğ‚ğ‘ğˆğğ„ To Gaming Channel ğŸ‘‰ â€‹â  â€‹â @RoyaltyGaming1  More AMAZING Videos! ğŸ‘‡Our Son's EPIC 14th Birthday SurpriseğŸ‘‰ https://youtu.be/XuNqMOGENZkEating Only GAS STATION FOOD for 24 Hours!! ğŸ¤®ğŸ‘‰ https://youtu.be/UtcJZnyFTQEi Survived the World's STRICTEST BabysitterğŸ‘‰ https://youtu.be/oC2o2-Nteyw?si=QA8BqYP16RCloMUzHOME ALONE Without Parents for 24 Hours *Security Cameras*ğŸ‘‰ https://youtu.be/T6IuTOAYS8k?si=iG5BjzALXi0uACvlOur Son's EPIC 13th BIRTHDAY SURPRISE!ğŸ‘‰ https://youtu.be/ppAIBR_BxO4He Finally Got His DREAM Christmas PRESENT!! **EMOTIONAL**ğŸ‘‰ https://youtu.be/Ot17zf95YNA?si=SSjqvSYrj8qqMmIgFather Tries to Find his SON Blindfolded!ğŸ‘‰ https://youtu.be/oiY4DK1vgBYSon Tries to Find his MOM Blindfolded!ğŸ‘‰ https://youtu.be/gTPu4NtqSz4?si=BuYVHfLEmKTJdldzour Son's EPIC Birthday Surprise!ğŸ‘‰ https://youtu.be/56NrzRjZDkoExtreme HIDE & SEEK at LARGEST IKEA! ft/ Jordan MatterğŸ‘‰ https://youtu.be/xUB_YHSJYTcWe ADOPTED a GIRL, But Our SON Gets JEALOUS! ft/ Jordan MatterğŸ‘‰ https://youtu.be/foQIRatJyj0FERRAN Has NEW PARENTS! Goodbye Son...W/ Rebecca ZamoloğŸ‘‰ https://youtu.be/atOfjAiSdFoWatch our RECENT VIDEOS  â¡ https://bit.ly/2JotKG4Watch Our POPULAR VIDEOS! â¡ http://bit.ly/2NgagCxWatch Our CHALLENGES  â¡ https://bit.ly/2kqDqVDFOLLOW Iá‘á”•Tá—©Gá–‡á—©á—° HERE â˜ŸANDREA â¡https://www.instagram.com/andreaespadatv/ALI           â¡https://www.instagram.com/4kpapi/FERRAN  â¡https://www.instagram.com/kingferran/MILANÂ  Â Â â¡https://www.instagram.com/princemilan/FAMILYÂ  Â â¡https://www.instagram.com/royaltyfamily/DAWGSÂ  â¡https://www.instagram.com/royaltydawgs/BUSINESS INQUIRIES â¡Â royaltyfambusiness@gmail.comWelcome To THEÂ ROYALTYÂ FAMILY! We're a multiculturalÂ familyÂ based in LA, here to spread positivity. We're all about challenges, fun games, adventure, and sharing ourÂ familyÂ journey. Join us every week in sharing the good times of Andrea, Ali, Ferran & Milan (and of course, our 2 dogs Gucci & Princessa)! Best of all, we believe everyone can beÂ ROYALTYÂ so donâ€™t forget to SUBSCRIBE!!Â #challenge #royalty #RoyaltyFamilyOur Son's BIG Accidenthttps://youtu.be/7RIvq98nXvcThe Royalty Familyhttp://www.youtube.com/RoyaltyFam",25309,2024-11-01,7RIvq98nXvc
"When mom gets home, but you're in rollerblades.",3928635,117566950,,9088,2024-11-01,lfYz8vfonkA
James Johnston & Appel - Country Is For Me (Official Music Video),10284,473593,"Listen to 'Country Is For Me' here: https://JamesJohnston.lnk.to/COUNTRYISFORMEFollow James on social media: Facebook: https://www.facebook.com/share/hgnV1NvkviLZNeT8/?mibextid=LQQJ4dInstagram: https://www.instagram.com/jamesjohnstonmusic?igsh=MWhjNncyaWI1dHgzNA==TikTok: https://www.tiktok.com/@jamesjohnstonmusic?_t=8qonvXB1xzC&_r=1Follow Appel on social media: Facebook - https://www.facebook.com/APPELchristophkotze?mibextid=LQQJ4dInstagram - https://instagram.com/appelmusiek?igshid=NGVhN2U2NjQ0Yg==TikTok - https://www.tiktok.com/@appelmusiek1?_t=8hn6wlJewpp&_r=1A big thank you to Atlas Media (Conrad Theron, WC Kriel), Nahla Safari's, Ngiri Auto, Onca Off-Road, True Timber and Bosbul.",313,2024-11-01,j_HcDFFHdyQ
Vet Pulls Out Croc's Teeth! ğŸ˜± #animals #animaldocumentry #crocodile,941557,26647084,"Vet Pulls Out Croc's Teeth! ğŸ˜± #animals #animaldocumentry #crocodileğŸ¶  Want to watch more? Subscribe to the Bondi Vet channel: https://www.youtube.com/c/BondiVet/featured?sub_confirmation=1Join this channel to get access to perks:https://www.youtube.com/channel/UCRnSnAq44St3dzNdgPpfChA/joinBondi Vet Apprentice:ğŸ¾ BadgesğŸ‰ Emojis ğŸ± Exclusive member-only videosğŸ First to hear about upcoming newsBondi Vet Allstars:ğŸ¦¡ All perks from ApprenticeğŸ¦© Uncensored contentğŸ¦® Updates on the animalsğŸ¾ Click Here for Full Episodes - https://youtube.com/playlist?list=PL2FmLWmdveeLb_tD0p9XKhU-CgS_ERLFIğŸ˜» Bondi Vet is your ultimate content destination for all things pet and vet. Including full episodes, stories, compilations and clips from the world's favourite vet series. Make your world a better place and subscribe today! ğŸ For pet product and vet services - https://www.bondivet.com/Follow our social animals onğŸ“ Facebook - http://tinyurl.com/FacebookBondivet ğŸŠ Instagram - http://tinyurl.com/InstagramBV ğŸ¬ Website - https://bondivet.com/ Share The Love:#BondiVet  #animals #pets #dogs #wildlife #crocodiles #crocs #cats #newbondivet #australiananimals #australia #vet #vetcare #documentary #petcare #petfacts",6229,2024-11-01,BC9MKKrr27Y
Testing a Broken Makeup Hack from TikTok!,649430,9256208,Top: https://nationltd.com/products/organic-cotton-nevina-tee-white,674,2024-11-01,5lFH7y6S9uk
Ù…Ù†Ø­ÙˆØªØ© Ø­Ø°Ø§Ø¡ Ù…Ø°Ù‡Ù„Ø© Ù…ØµÙ†ÙˆØ¹Ø© Ù…Ù† Ø´Ø±ÙŠØ· Ø§Ù„Ø¬Ø¨Ø³! ğŸ¨ğŸ‘Ÿ,281850,47345769,"Ù…Ø­ØªÙˆÙ‰ Ù‡Ø°Ø§ Ø§Ù„ÙÙŠØ¯ÙŠÙˆ Ù„Ø£ØºØ±Ø§Ø¶ ØªØ±ÙÙŠÙ‡ÙŠØ© Ø¨Ø­ØªØ©. Ù„Ø§ Ù†Ù‚Ø¯Ù… Ø£ÙŠ Ø¶Ù…Ø§Ù†Ø§Øª Ø­ÙˆÙ„ Ø§Ù„Ø´Ù…ÙˆÙ„ÙŠØ© ÙˆØ§Ù„Ø³Ù„Ø§Ù…Ø© ÙˆØ§Ù„Ù…ÙˆØ«ÙˆÙ‚ÙŠØ©. Ø¬Ù…ÙŠØ¹ Ø§Ù„Ø¥Ø¬Ø±Ø§Ø¡Ø§Øª Ø§Ù„Ù…ØªØ®Ø°Ø© Ø¨Ø´Ø£Ù† Ø§Ù„Ù…Ø¹Ù„ÙˆÙ…Ø§Øª Ø§Ù„ÙˆØ§Ø±Ø¯Ø© ÙÙŠ Ù‡Ø°Ø§ Ø§Ù„ÙÙŠØ¯ÙŠÙˆ Ù‡ÙŠ Ø¹Ù„Ù‰ Ù…Ø³Ø¤ÙˆÙ„ÙŠØªÙƒ Ø§Ù„Ø®Ø§ØµØ©ØŒ ÙˆÙ„Ù† Ù†ØªØ­Ù…Ù„ Ù…Ø³Ø¤ÙˆÙ„ÙŠØ© Ø£ÙŠ Ø£Ø¶Ø±Ø§Ø± Ø£Ùˆ Ø®Ø³Ø§Ø¦Ø±.Ø­Ø³Ù† Ø§Ù„ØªÙ‚Ø¯ÙŠØ± ÙˆØ§Ù„Ø±Ø¹Ø§ÙŠØ© ÙˆØ§Ù„Ø­Ø°Ø± ØªÙ‚Ø¹ Ø¬Ù…ÙŠØ¹Ù‡Ø§ Ø¹Ù„Ù‰ Ø¹Ø§ØªÙ‚ Ø§Ù„Ù…Ø´Ø§Ù‡Ø¯ØŒ ÙˆÙ†Ù†ØµØ­ Ø¯ÙˆÙ…Ø§Ù‹ Ø¨ÙˆØ¬ÙˆØ¯ Ø´Ø®Øµ Ø¨Ø§Ù„Øº ÙŠØªÙˆÙ„Ù‰ Ø§Ù„Ø¥Ø´Ø±Ø§Ù ÙˆØ§Ù„Ø±Ø¹Ø§ÙŠØ© ÙÙŠ Ø­Ø§Ù„ Ø£Ø±Ø§Ø¯ ØªÙ‚Ù„ÙŠØ¯ Ù…Ø§ ÙˆØ±Ø¯ ÙÙŠ Ø§Ù„ÙÙŠØ¯ÙŠÙˆ. Ù‚Ø¯ ÙŠØ­ØªÙˆÙŠ Ø§Ù„ÙÙŠØ¯ÙŠÙˆ Ø§Ù„ØªØ§Ù„ÙŠ Ø¹Ù„Ù‰ Ø£Ù†Ø´Ø·Ø© ØªØ¤Ø¯Ù‰ Ø¹Ù„Ù‰ ÙŠØ¯ Ù…Ù…Ø«Ù„ÙŠÙ† Ù…ØªÙ…Ø±Ø³ÙŠÙ† ÙÙŠ Ø¨ÙŠØ¦Ø© Ù…Ø¶Ø¨ÙˆØ·Ø© ÙˆØ®Ø§Ø¶Ø¹Ø© Ù„Ù„Ø±Ù‚Ø§Ø¨Ø©Ø› ÙŠØ±Ø¬Ù‰ ØªÙˆØ®ÙŠ Ø§Ù„Ø­Ø°Ø± ÙˆØ§Ù„Ø§Ù†ØªØ¨Ø§Ù‡ ÙˆØ§ØªØ®Ø§Ø° Ø§Ù„Ù‚Ø±Ø§Ø±Ø§Øª Ø§Ù„ØµØ§Ø¦Ø¨Ø© Ø¥Ù† ÙƒÙ†Øª ØªÙ†ÙˆÙŠ Ø§Ù„ØªÙ‚Ù„ÙŠØ¯. Ø¬Ù…ÙŠØ¹ Ø§Ù„Ù…Ù†ØªØ¬Ø§Øª ÙˆØ£Ø³Ù…Ø§Ø¡ Ø§Ù„Ø´Ø±ÙƒØ§Øª Ø§Ù„Ø¸Ø§Ù‡Ø±Ø© ÙÙŠ Ø§Ù„ÙÙŠØ¯ÙŠÙˆ Ù‡ÙŠ Ø¹Ù„Ø§Ù…Ø§Øª ØªØ¬Ø§Ø±ÙŠØ© â„¢ï¸ Ø£Ùˆ Ø¹Ù„Ø§Ù…Ø§Øª ØªØ¬Ø§Ø±ÙŠØ© Ù…Ø³Ø¬Ù„Ø© Â®ï¸ Ù„Ø£ØµØ­Ø§Ø¨Ù‡Ø§. ÙˆØ§Ø³ØªØ®Ø¯Ø§Ù…Ù‡Ø§ Ù„Ø§ ÙŠØ¹Ù†ÙŠ Ø§Ù„Ø§Ù†ØªÙ…Ø§Ø¡ Ø¥Ù„ÙŠÙ‡Ù… Ø£Ùˆ Ø§Ù„Ù‚Ø¨ÙˆÙ„ Ù…Ù† Ø·Ø±ÙÙ‡Ù….",2829,2024-11-01,aH4ADJaySxc
è¿™æ˜¯è‡ªæ•‘çš„å¥½åŠæ³• #è·¯é£#æµ·è´¼ç‹,1773851,86780866,è£…æ‰®æµ·è´¼ç‹è§’è‰²ï¼Œä»¥åŠ¨æ¼«äººè®¾æ¼”ç»ç°ä»£æç¬‘å‰§æƒ…ï¼Œæ²¹ç®¡çš„ä¼™ä¼´ä»¬å¤§å®¶å¥½!æˆ‘æ˜¯è·¯é£ä¸å”èˆæ¡ï¼Œæ­£å¼å…¥é©»æ²¹ç®¡äº†ï¼Œæ­¤é¢‘é“å”¯ä¸€æˆæƒé¢‘é“å…¶ä»–é¢‘é“çš†ä¸ºç›—ç‰ˆï¼Œæ‰“å‡»ç›—ç‰ˆï¼Œä»æˆ‘åšèµ·~æµ·è´¼ç‹ç²‰ä¸åƒåƒä¸‡ï¼Œè·¯é£å®¶çš„å ä¸€åŠè£…æ‰®æµ·è´¼ç‹è§’è‰²ï¼Œä»¥åŠ¨æ¼«äººè®¾æ¼”ç»ç°ä»£æç¬‘å‰§æƒ…æ¯å¤©å¸¦ç»™ä½ ä»¬å¼€å¿ƒå¿«ä¹ ï¼Œè¦è®°å¾—å‡†æ—¶æ”¶çœ‹æˆ‘çš„å½±ç‰‡å“¦!èµ¶ç´§è®¢é˜…ï¼Œè·¯é£ä¸å”èˆæ¡åœ¨ç­‰ä½ ~æœ¬é¢‘é“åˆ¶ä½œçš„æ‰€æœ‰è§†é¢‘éƒ½ç¬¦åˆå¹³å°çš„ä½¿ç”¨æ”¿ç­–ï¼Œæ²¡æœ‰ä»»ä½•è¿è§„è¡Œä¸ºæˆ‘ä»¬çš„è§†é¢‘åˆ¶ä½œå›¢é˜Ÿä¼šç‰¹åˆ«å…³æ³¨å„¿ç«¥çš„å®‰å…¨éœ€æ±‚ï¼Œç¡®ä¿å†…å®¹ä¸ä¼šå¯¹å…¶é€ æˆä»»ä½•å±å®³,1421,2024-11-01,GNHY0s3IlA4
Bo Thata - Babalwa M feat. Stixx & Nvcho | Visualizer,8839,267059,"Enjoy the official visualizer to Bo Thata by Babalwa M featuring Stixx and Nvcho. Thanks for watching, subscribe to my channel and follow me for more exciting content. Instagram: https://www.instagram.com/babalwa__m/Twitter: https://twitter.com/Babalwa___m TikTok: https://www.tiktok.com/@babalwa__mSpotify: https://open.spotify.com/artist/0dUHzfa2msKEpMevzsdwqGApple Music: https://music.apple.com/za/artist/babalwa-m/1525696011Deezer: https://www.deezer.com/en/artist/102631682#amapiano #babalwam #official #official #visualizer",345,2024-11-01,s9XW0tllx4Q
"The Joker and the Angel fell into the hole, but luckily Harley Quinn rescued them #Angel",879263,60711456,Record every moment of life and convey positive energyHello~Hello everyone~âœ¦This is the Superman coupleâœ¦American comics have millions of fansSuperman couple account for halfInterpretation of modern comedy plotBring you happiness every dayRemember to watch my videos on time!#douluodalu #superman  #spiderman #supergirl,432,2024-11-01,A_25Ak4qtzw
This Is How You Train Forâ€¦,997222,23147685,,3810,2024-11-01,_TOVC1pckqo
Quick Defense Hacks ğŸ’ªğŸ›¡ï¸ The Dudes Put 5-Minute Crafts to the Test! #selfdefenseforwoman,281486,6197547,"ğŸ’¥Welcome back to our channel! ğŸ’¥Today, we're diving into another reaction video! We're always thrilled to share these moments with you and we hope you enjoy watching as much as we enjoy creating.Don't forget to LIKE, SHARE, and SUBSCRIBE for more reaction videos! Your support helps us create more content for you!ğŸ”— Follow us on social media: Facebook: https://www.facebook.com/Archie5TikTok: https://www.tiktok.com/@archie.fiveInstagram: https://www.instagram.com/archie.five#ReactionVideo #Archie5Reacts",168,2024-11-01,2XC5eCEJsnc
Joe Rogan Experience #2219 - Donald Trump,2056573,43138780,"Donald Trump is currently the 2024 Presidential Candidate of the Republican Party. He previously served as Americaâ€™s 45th president, and is also a businessman and media personality.",515837,2024-11-01,hBMoPUAeLnY
çˆ†ç¬‘é›»æ¢¯æ•´è ±ï¼ä»Šå¤©é€™å€‹å¦¹å­çš„è‡ªæˆ‘é˜²è­·æ„è­˜æˆ‘çµ¦100åˆ†ï¼,1144056,60602957,å˜ï¼Œé€™è£¡æ˜¯æ•´å€‹è·¯äººğŸ‘» ğŸŒŸçˆ†ç¬‘æ•´è ±åˆ†åˆ†é˜è®“ä½ ç¬‘åˆ°åœä¸ä¸‹ä¾†ğŸ‘‡ç²¾å½©å¿…çœ‹ğŸ‘‡äººå¾çœ¾æŒ‘æˆ°ï¼šhttps://www.youtube.com/playlist?list=PLO0ed6zZJZY7GRdrvg3JTwSfzEcQMzPe0æ¥µé™æŒ‘æˆ°ï¼šhttps://www.youtube.com/playlist?list=PLO0ed6zZJZY7QRnZrjPv27q-P5hKWZ0cAç†±é–€shortsï¼šhttps://www.youtube.com/playlist?list=PLO0ed6zZJZY5KUJkb2jAYMZrgp5s9Yhfbâ€œç˜‹ç‹‚çš„BGMç³»åˆ—â€ æŠ–éŸ³é¦–å‰µä½œè€…å‰µä½œä¸æ˜“ï¼ŒæŠ„è¥²å¿…ç©¶ï¼é—œæ³¨å­¸å¥—è·¯ï¼ŒéŒ¯éè‚¯å®šå¾Œæ‚”ï¼å¦‚æœ‰ç›œç‰ˆå¯ç•™è¨€ï¼Œæ„Ÿè¬æ”¯æŒï¼#é–¨èœœ #æŒ‘æˆ° #vlog,3371,2024-11-01,S8LLmoHrDoA
How to ride a penny-farthing! ğŸ˜®ğŸ¤©  -  ğŸ¥ shopniljourney,2234336,52640235,#UNILAD,9169,2024-11-01,wWTCQbq_vjk
When Sista replaces you to school,462767,10932010,#YAEY,1493,2024-11-01,8musHuA2bCs
How to Cut Glass Bottles: DIY Techniques for Creative Projects!,125152,12057925,Check more cool ideas and tips a @forcraftssakeshorts#forcraftssake #shorts,283,2024-11-01,9VU7hCCkzKg
Better than expected. ğŸ§,584743,9580226,,3098,2024-11-01,sGDHIqxwMDQ
"25K - Deep Waters (Official Audio) ft. Marcus Harvey, A-Reece, Maglera Doe Boy",10228,204190,Music video by 25K performing Deep Waters (Official Audio).(C) 2024 Sony Music Entertainment Africa (Pty) Ltd / Lehlohonolo Molefe,1111,2024-11-01,k5RfFzC1OnM
CAN YOU DO THIS ?,1106290,45461672,,4682,2024-11-01,ButyjwBiVHY
LeBron James Pranked Bronny Before Their First NBA Game ğŸ˜‚,393734,8842551,,5929,2024-11-01,wHTSFUbOIfw
Together=Clean - Episode 5,17121,383077,Follow the link and start earning on Pocket Broker. Use the promo code LIFE50 to boost your first deposit by 50%!https://cos.cash/zafast?inf=LIFE50&number=1&int=1,723,2024-11-01,kcfT_cD8S3Q
* when the enemy has weapons [Nam PhÆ°Æ¡ng] #namphuong #shorts #kungfu #martialarts #fighting #shaolin,525806,39063715,Nháº¥n Ä‘Äƒng kÃ½ theo dÃµi Ä‘á»ƒ xem nhá»¯ng video má»›i nháº¥t cá»§a NAM PHÆ¯Æ NGContact for work : 0905948446#namphuong #eaglesacademy #vothuatdienanh #vothuat #hanhdong #tuve #masterkungfu #haihuoc #tuvethucchien #dienxuat #action #funny #shortfilm #actionfilm #beneagle,1571,2024-11-01,vWsgTlpRfSE
"Tycoon, Sly and Kabza De Small - Iza Mawala [Ft. Dladla Mshunqisi and Goldmax] (Official Audio)",7748,665119,"Tycoon, Sly and Kabza De Small presents the official audio to Iza Mawala , featuring Dladla Mshunqisi and Goldmax. Available to Stream / Download: http://africori.to/izamawalaÂ© 2024 Tyza WavFollow Africori: https://www.facebook.com/africori/https://twitter.com/Africori/https://www.instagram.com/africori/Distribution by Africori: http://www.africori.com#izamawala  #tycoon #amapiano",295,2024-11-01,o5ouQMZIl_Y
Colorful Pasta Painting for Fun Times! ğŸ ğŸ¨,4603017,307728951,,0,2024-11-01,UDIZhLy5HBY
"Cool Items!ğŸ¥° New Gadgets, Smart Appliances, Kitchen Tools Utensils, Home Cleaning, Beauty #shorts",2473843,158675502,"Welcome to the ã€Cool Items Officialã€‘ Channel! ğŸ âœ¨This is an exciting world of family-themed product recommendations. Through our videos, we recommend various practical and interesting household items and demonstrate their applications and fun in daily life. Each video is meticulously produced, and we hope you can find inspiration and useful advice in them. ğŸ¥ğŸ˜ŠWe highly value interaction with our audience; every comment and like from you is our motivation to keep creating. ğŸŒŸIf you like our content, please make sure to subscribe to the channel and click the bell icon ğŸ”” to interact with us and share your thoughts and suggestions. ğŸ’¬Join the ã€Cool Items Officialã€‘ family and explore and share those items that make life better! ğŸŒˆAll videos are authorized by creators from Mainland China and strictly comply with platform regulations. ğŸ›¡ï¸",2515,2024-11-01,THf8kfbfa5M
ä¸‰èƒèƒå§å¦¹è‡ªå¾‹çš„ä¸€æ—©æ™¨ğŸ‘©ğŸ‘©ğŸ‘©  #å®¶æœ‰èŒå¨ƒ #ä¸‰èƒèƒvlog #çˆ¸çˆ¸å¸¶å¨ƒè¨˜  #lovelybaby  #lovely,1154266,51235817,ğŸ‘§ğŸ»åŒåµä¸‰èƒèƒï¼šæ™¨æ™¨ æ¡æ¡ çªçªğŸŒ¸è¨˜éŒ„ä¸‰å°éš»çš„æˆé•·è¶£äº‹ğŸ’•å–œæ­¡ä¸‰å°åªï¼Œåˆ¥å¿˜è¨˜è¿½è¹¤æˆ‘çš„é »é“~ğŸ””é–‹å•Ÿå°éˆ´éºç¬¬ä¸€æ™‚é–“æ¥æ”¶ä¸‰å°éš»æœ€æ–°å‹•æ…‹~,3445,2024-11-01,qDWrH3h3qJI
the balloon deflated while it was flying #tiktok,431999,34808832,,248,2024-11-01,yg0cfPOVfXw
GUESS WHOâ€™S SINGING! ğŸ‘€ğŸ¤”ğŸ¤ | Triple Charm #Shorts,426304,10996116,,62800,2024-11-01,3yKBN4fq_fY
Surviving The Most EVIL Parents for a Day,151351,8680109,"Surviving The Most EVIL Parents for a Dayğ’ğ”ğğ’ğ‚ğ‘ğˆğğ„ HERE ğŸ‘‰ â€‹â @royaltyfam ğ’ğ”ğğ’ğ‚ğ‘ğˆğğ„ To Gaming Channel ğŸ‘‰ â€‹â  â€‹â @RoyaltyGaming1  More AMAZING Videos! ğŸ‘‡Our Son's EPIC 14th Birthday SurpriseğŸ‘‰ https://youtu.be/XuNqMOGENZkEating Only GAS STATION FOOD for 24 Hours!! ğŸ¤®ğŸ‘‰ https://youtu.be/UtcJZnyFTQEi Survived the World's STRICTEST BabysitterğŸ‘‰ https://youtu.be/oC2o2-Nteyw?si=QA8BqYP16RCloMUzHOME ALONE Without Parents for 24 Hours *Security Cameras*ğŸ‘‰ https://youtu.be/T6IuTOAYS8k?si=iG5BjzALXi0uACvlOur Son's EPIC 13th BIRTHDAY SURPRISE!ğŸ‘‰ https://youtu.be/ppAIBR_BxO4He Finally Got His DREAM Christmas PRESENT!! **EMOTIONAL**ğŸ‘‰ https://youtu.be/Ot17zf95YNA?si=SSjqvSYrj8qqMmIgFather Tries to Find his SON Blindfolded!ğŸ‘‰ https://youtu.be/oiY4DK1vgBYSon Tries to Find his MOM Blindfolded!ğŸ‘‰ https://youtu.be/gTPu4NtqSz4?si=BuYVHfLEmKTJdldzour Son's EPIC Birthday Surprise!ğŸ‘‰ https://youtu.be/56NrzRjZDkoExtreme HIDE & SEEK at LARGEST IKEA! ft/ Jordan MatterğŸ‘‰ https://youtu.be/xUB_YHSJYTcWe ADOPTED a GIRL, But Our SON Gets JEALOUS! ft/ Jordan MatterğŸ‘‰ https://youtu.be/foQIRatJyj0FERRAN Has NEW PARENTS! Goodbye Son...W/ Rebecca ZamoloğŸ‘‰ https://youtu.be/atOfjAiSdFoWatch our RECENT VIDEOS  â¡ https://bit.ly/2JotKG4Watch Our POPULAR VIDEOS! â¡ http://bit.ly/2NgagCxWatch Our CHALLENGES  â¡ https://bit.ly/2kqDqVDFOLLOW Iá‘á”•Tá—©Gá–‡á—©á—° HERE â˜ŸANDREA â¡https://www.instagram.com/andreaespadatv/ALI           â¡https://www.instagram.com/4kpapi/FERRAN  â¡https://www.instagram.com/kingferran/MILANÂ  Â Â â¡https://www.instagram.com/princemilan/FAMILYÂ  Â â¡https://www.instagram.com/royaltyfamily/DAWGSÂ  â¡https://www.instagram.com/royaltydawgs/BUSINESS INQUIRIES â¡Â royaltyfambusiness@gmail.comWelcome To THEÂ ROYALTYÂ FAMILY! We're a multiculturalÂ familyÂ based in LA, here to spread positivity. We're all about challenges, fun games, adventure, and sharing ourÂ familyÂ journey. Join us every week in sharing the good times of Andrea, Ali, Ferran & Milan (and of course, our 2 dogs Gucci & Princessa)! Best of all, we believe everyone can beÂ ROYALTYÂ so donâ€™t forget to SUBSCRIBE!!Â #challenge #royalty #RoyaltyFamilySurviving The Most EVIL Parents for a Dayhttps://youtu.be/VKvZvFtyNQAThe Royalty Familyhttp://www.youtube.com/RoyaltyFam",9883,2024-11-01,kMFY7aJ1tvk
HIGHLIGHTS! Man City 5-0 Sparta Prague | Haaland wonder goal as super City hit five!,58751,3473412,"Manchester City made it back-to-back wins in the Champions League with an emphatic 5-0 victory over Czech champions Sparta Prague.Phil Foden took less than three minutes to fire us ahead with a neat finish before three goals in 10 second-half minutes saw City take control of the tie.Erling Haaland scored twice, the first an audacious and acrobatic, head-high flicked volley, either side of John Stonesâ€™ header, before Matheus Nunesâ€™ late penalty.SUBSCRIBE! http://www.youtube.com/subscription_center?add_user=mancityhttp://www.mancity.comhttp://www.facebook.com/mancityhttp://www.twitter.com/mancityhttp://www.instagram.com/mancityhttps://www.tiktok.com/@mancityAbout the Official Man City YouTube Channel:Here you will find all the latest videos from Manchester City, including, all Premier League, Champions League, FA Cup and League Cup goals, highlights, behind-the-scenes footage, training and much more.Get closer to the likes of Jack Grealish, Bunny Shaw, Kevin De Bruyne, Lauren Hemp, Erling Haaland, JoÅ¡ko Gvardiol, Phil Foden, Vivianne Miedema and the rest of Pep Guardiola & Gareth Taylor's teams!",1442,2024-11-01,0z7JOpQpPA4
making passwords is hard tbh,1476495,29375092,,1429,2024-11-01,YyssvbgaDqk
Putting A Rubber Band in Liquid Nitrogen...,711409,21952521,"Whatâ€™s Steve doing now? â–º https://linktr.ee/stevespanglerOther Channelsâ€¦The Spangler Effect â–º https://www.youtube.com/user/TheSpanglerEffectSpangler Science TV â–º https://www.youtube.com/user/SpanglerScienceTVFollow Steveâ€™s Daily Posts onâ€¦INSTAGRAM  â–º  https://www.instagram.com/stevespangler/FACEBOOK  â–º https://www.facebook.com/stevespanglerTIKTOK  â–º https://www.tiktok.com/@stevespanglerSteve Spangler is a bestselling author, STEM educator and Emmy award-winning television personality with more than 2,100 television appearances to his credit. Steve appeared as a regular guest on the Ellen DeGeneres Show from 2007-2022. Learn more about Steve at https://stevespangler.com/about-steve-spangler/Watch Steveâ€™s syndicated television series â–º  https://bit.ly/2KaO0fTThe SICK ScienceÂ® series was created by Steve Spangler. Â© 2010 Steve Spangler, Inc. All Rights Reserved. SICK Science is a registered trademark of Steve Spangler, Inc. Reg. No. 4,398,849",950,2024-11-01,U0iVzuKM0Hs
"Dlala Thukzin, Funky Qla, Zee Nxumalo feat. MK Productions - Ama Gear (Official Music Video)",18127,1608423,"The official Music Video to Ama Gear by Dlala Thukzin, Funky Qla and Zee Nxumalo feat. MK ProductionsThank you for watching, please subscribe to my channel.TikTok: https://www.tiktok.com/@dlalathukzinInstagram : https://www.instagram.com/dlalathukzin/Twitter : https://twitter.com/dlalathukzin_Facebook: https://www.facebook.com/dlalathukzin2Spotify:  https://open.spotify.com/artist/5kmceQl1Y7lveTVbcy5ycDApple Music:  https://music.apple.com/za/artist/dlala-thukzin/1305671349Deezer:  https://www.deezer.com/en/artist/13527457Beatport:  https://www.beatport.com/artist/dlala-thukzin/812349Traxsource:  https://www.traxsource.com/artist/524674/dlala-thukzinBookings: bookings@dlalarecords.co.za#dlalathukzin #dlalarecords #official #officialmusicvideo #musicvideo",518,2024-11-01,mTrxJh34XvM
ğŸ˜­Unbelievable glasses that will change your crying game! ğŸ§…,73378,5861309,"Get ready for the most innovative eyewear! Say goodbye to smudged makeup! ğŸ‘“ğŸ’§#shorts #diy #glasses #crafts â–¶ï¸ TheSoul Music: https://www.music.thesoul-publishing.comâ—‰ Our Spotify: https://sptfy.com/TheSoulMusicâ—‰ TikTok: https://www.tiktok.com/@thesoul.musicâ—‰ YouTube: / @thesoulsoundMusic by Epidemic Sound: https://www.epidemicsound.com/Stock materials: https://www.depositphotos.com https://www.shutterstock.comThis video is made for entertainment purposes. We do not make any warranties about the completeness, safety and reliability. Any action you take upon the information on this video is strictly at your own risk, and we will not be liable for any damages or losses. It is the viewer's responsibility to use judgment, care and precautions if one plans to replicate.The following video might feature activity performed by our actors within controlled environment - please use judgment, care, and precaution if you plan to replicate.All product and company names shown in the video are trademarksâ„¢ï¸ or registeredÂ®ï¸ trademarks of their respective holders. Use of them does not imply any affiliation with or endorsement by them.",300,2024-11-01,sC51QhcCwaM
Mike Oâ€™Hearn Destroys My Scale & Calls the Cops on Me,576439,8265881,,3899,2024-11-01,Q_S1EyN0uHw
Human vs Jet Engine,7012233,174512301,,8858,2024-11-01,ZNt_GoOBHq8
NÃ£o sabe esconder Comida,927234,59872277,,453,2024-11-01,yTm0UzkS5Ho
Sixth sense is turned ON ğŸš©,1398484,21431600,With help from @victorbae,8831,2024-11-01,pBqkoy6dvGY
FINISH THE LYRIC,545018,8590972,,777,2024-11-01,pG9RZCh5OsY
Ù„Ù‚Ø¯ Ù†ÙØ°Øª Ø®Ø¯Ø¹Ø© Ø¥ØµØ¨Ø¹ Ù‚Ø¯Ù… Ø²Ø§Ø¦Ù Ø´Ø±Ø³Ø© Ø¹Ù„Ù‰ Ø§Ù„Ø¬Ø¯! ğŸ¦¶ğŸ˜‚ #Ø®Ø¯Ø¹Ø©,730099,77044922,"Ù‡Ø°Ø§ Ø§Ù„ÙÙŠØ¯ÙŠÙˆ Ù…Ø¹Ø¯Ù‘ Ù„Ø£ØºØ±Ø§Ø¶ ØªØ±ÙÙŠÙ‡ÙŠØ©. ÙˆÙ„Ø§ Ù†Ù‚Ø¯Ù… Ø£ÙŠÙ‘ Ø¶Ù…Ø§Ù†Ø§Øª Ø¨Ø´Ø£Ù† Ø³Ù„Ø§Ù…Ø© Ø§Ù„Ù…Ø­ØªÙˆÙ‰ØŒ Ø´Ù…ÙˆÙ„ÙŠØªÙ‡ Ø£Ùˆ Ù…ÙˆØ«ÙˆÙ‚ÙŠØªÙ‡. Ø£ÙŠÙ‘ Ø¥Ø¬Ø±Ø§Ø¡ ØªÙ‚ÙˆÙ… Ø¨Ù‡ Ø¨Ù†Ø§Ø¡Ù‹ Ø¹Ù„Ù‰ Ø§Ù„Ù…Ø¹Ù„ÙˆÙ…Ø§Øª Ø§Ù„ÙˆØ§Ø±Ø¯Ø© ÙÙŠ Ù‡Ø°Ø§ Ø§Ù„ÙÙŠØ¯ÙŠÙˆ Ù‡Ùˆ Ø­ØµØ±Ø§Ù‹ Ù…Ø³Ø¤ÙˆÙ„ÙŠØªÙƒ Ø§Ù„Ø®Ø§ØµØ©ØŒ ÙˆÙ„Ù† Ù†ÙƒÙˆÙ† Ù…Ø³Ø¤ÙˆÙ„ÙŠÙ† Ø¹Ù† Ø£ÙŠÙ‘ Ø£Ø¶Ø±Ø§Ø± Ø£Ùˆ Ø®Ø³Ø§Ø¦Ø±. Ù…Ø³Ø¤ÙˆÙ„ÙŠØ© ØªØ­Ø±Ù‘ÙŠ Ø§Ù„Ø­ÙƒÙ…Ø© ÙˆØ§Ù„Ø­ÙŠØ·Ø© ÙˆØ¥Ø¬Ø±Ø§Ø¡Ø§Øª Ø§Ù„Ø³Ù„Ø§Ù…Ø© ØªÙ‚Ø¹ Ø¹Ù„Ù‰ Ø¹Ø§ØªÙ‚ Ø§Ù„Ù…Ø´Ø§Ù‡Ø¯ Ø¥Ù† ÙƒØ§Ù† ÙŠØ®Ø·Ø· Ù„ØªÙ‚Ù„ÙŠØ¯ Ù…Ø§ ÙŠØ±Ø§Ù‡ ÙÙŠ Ø§Ù„ÙÙŠØ¯ÙŠÙˆ.Ù‚Ø¯ ÙŠØ¸Ù‡Ø± ÙÙŠ Ø§Ù„ÙÙŠØ¯ÙŠÙˆ Ø§Ù„ØªØ§Ù„ÙŠ Ù†Ø´Ø§Ø· ØªÙ… ØªÙ†ÙÙŠØ°Ù‡ Ø¨ÙˆØ§Ø³Ø·Ø© Ù…Ù…Ø«Ù„ÙŠÙ† Ø¶Ù…Ù† Ø¨ÙŠØ¦Ø© Ø®Ø§Ø¶Ø¹Ø© Ù„Ù„Ø±Ù‚Ø§Ø¨Ø© - ÙŠØ±Ø¬Ù‰ ØªÙˆØ®ÙŠ Ø§Ù„Ø­Ø°Ø± Ø¥Ù† ÙƒÙ†Øª ØªØ®Ø·Ø· Ù„ØªÙ†ÙÙŠØ°Ù‡ Ø¨Ù†ÙØ³Ùƒ.",608,2024-11-01,wFn8lV2LdL8
Friends make memories together part 2  | TrÃ  Äáº·ng #short #bestfriend #bff #tiktok,1775427,77341957,"Welcome to TrÃ  Äáº·ng Official's Channel , where viral trends meet creative storytelling! Join millions of fans worldwide in exploring exciting school crushes, dramatic transformations, and viral challenges. Letâ€™s bring the fun to a global stage! âœ¨Subscribe ğŸ‘ and hit the Notification Bell ğŸ”” to stay updated on all new videos!#tradang #tiktoktradang #tradang904 #tradangtiktok #pov #couplegoals #soaity #schoolcrush #tiktokviral #soaitihocduong #transformation #schooldrama #prankchallenge #viralvideo #vietnamesetiktokerâœ¨ For business inquires : tra.dang.904@gmail.com âœ¨â–º Facebook https://www.facebook.com/Tra.Dang.990.NQDâ–º Tiktok: https://www.tiktok.com/@tra.dang.904________________________________________Â© Copyright by TrÃ  Äáº·ng Official Channel â˜ Do not Reup",1635,2024-11-01,rm-4EtvByhA
How Tough is Tin Foil? ğŸ’ª,1548658,57701778,"SHOUT OUT to the LEGEND @jugglinjosh for coming out to shoot this video with us!!!â‡ï¸ SUBSCRIBE - http://preston.gg/subscribeğŸ‘• FIRE MERCH - http://www.firemerch.com/ğŸ”¥ DOWNLOAD APP - http://firemerch.app/downloadğŸ‘€ FOLLOW ME HERE!â˜› TikTok - https://www.tiktok.com/@prestonâ˜› Instagram - https://www.instagram.com/prestonplayz/â˜› Twitter - https://twitter.com/PrestonğŸ® MY FAN DISCORD! â˜› https://fire.vip/discord------------------------------Additional music provided by Epidemic SoundClick here for a free trial!  http://share.epidemicsound.com/TBNRIf you believe your copyrighted work was unintentionally used in this video without permission, please contact us at copyright@tbnr.net",1587,2024-11-01,EcseUs8FVNw
HahahağŸ˜‚,1300244,32021076,,2339,2024-11-01,TeOHydt__Hc
é¾Ÿå…”èµ›è·‘ï¼šå¥½å¯çˆ±çš„å°ä¹Œé¾Ÿ#short #angel #clown,2812374,108179839,"Welcome to the ã€Super Beauty Teamã€‘ channel! ğŸ›¡ï¸ğŸŒŸHere, we pour our hearts into creating each video, combining meticulously designed Captain America role-playing with original 2D comic-style plots, presenting you with an extraordinary superhero world. ğŸ’¥ğŸ˜†ğŸ”” Our channel is not just about role-playing; it's a gathering place for fans of 2D culture and American comics. If you have a strong interest in Captain America, 2D culture, or the world of American comics, you definitely shouldn't miss our channel. If you like our videos, don't forget to subscribe to the channel and click the bell icon.ğŸš« Rest assured, we strictly adhere to platform rules, all video content is original, and copyright is rigorously protected. Infringement will be prosecuted!",6210,2024-11-01,TLpWKqpIUNY
Son Tries to Save Family From Zombie Apocalypse,585581,13179638,,4519,2024-11-01,h6Ewz1MYmj0
The REAL Truth Behind the DVD Logo,2466270,41680179,,8280,2024-11-01,vqjc5M0le_s
SISTER REVEALED ALL MY MAGIC @Whoispelagheya,1724349,44763570,,1609,2024-11-01,1TDupj8KO6s
RARE JOYRIDE ğŸ›¸,684732,11822549,,4716,2024-11-01,LY7vc3aMDG8
Brother Enigma says he hears from the Lord| What he said will shock you| Unique Heaven experience,14889,529249,"This week we profile Brother EnigmaYou can Listen to our Podcast on:Spotify https://open.spotify.com/show/1EmRAh5MQk9FVnFiVXs2yq?si=6nkXqa4GTAeH8GdwfLfnmQApple Podcastshttps://podcasts.apple.com/za/podcast/ive-been-through-the-most-podcast/id1691771243And Join our WhatsApp Channel for updates https://whatsapp.com/channel/0029VaDVRRN7tkjGmZ23gD0TIâ€™ve Been Through the Most is a documentary series that profiles the lives of the brave, bold and courageous guests who have experienced the most and are on the show to share their story.   Most if not all are back on the podcast to answer some questions which our viewer had, they also get to be interviewed by media personalities Innocent & Millicent also known as the Centtwinz. The podcast allows our guests to dive deeper into in-depth details of their story. This podcast is proudly brought to you by Centtwinz Productions.To be featured on the show please email centtwinz@gmail.comThank you and God Bless.",9449,2024-11-01,9AH68h3LPss
Together=Clean - Episode 4,19156,436795,,1174,2024-11-01,5IbcXXSlsA8
sea turtle stuck in dry tidal mud flats..,1189372,20034150,,11815,2024-11-01,nZ1U_RCD-5w
Wildest 10 SECONDS OF HIS LIFE ğŸ¤¯ @TomIsted,897226,30050665,,7410,2024-11-01,X6VhTzsgQjg
Make yourself at home! ğŸ¿ï¸ #afv #funny #animals,601755,11422977,"Make yourself at home! ğŸ¿ï¸ #afv #funny #animals ___________________________________â–¶ Subscribe to join the #AFVFAM http://bit.ly/afvyoutubeğŸ”” Make sure to enable ALL push notifications! ğŸ”” For all licensing inquiries please contact: info@homevideolicensing.comGet your daily dose of #Funny right here! America's Funniest Videos has the BEST collection of #EPIC videos and we've put together some of our favorites to get you through your week with a laugh! ğŸ˜† Which clip made you #LOL the loudest?! â–¶ Watch the NEWEST videos: http://bit.ly/2MKctsWâ–¶ Submit YOUR Video to AFV: https://bit.ly/SendAVidToAFVConnect with AFV Online:â–¶ Website: http://afv.com/ â–¶ Facebook: http://bit.ly/afvFacebook â–¶ Instagram: http://bit.ly/afvInstagram About AFV:Americaâ€™s Funniest Home Videos is America's longest-running funny video television program. We've been collecting funny viral videos since 1989. Check out our different sections to find some of the best viral, funny, videos around. Comment, share, and subscribe to stay in touch to see funny videos you just can't find anywhere else!",4386,2024-11-01,oKNhgc9Gy3o
Uncomfortable [Nam PhÆ°Æ¡ng] #namphuong #shorts #kungfu #martialarts #fighting #shaolin,1870966,110546934,Nháº¥n Ä‘Äƒng kÃ½ theo dÃµi Ä‘á»ƒ xem nhá»¯ng video má»›i nháº¥t cá»§a NAM PHÆ¯Æ NGContact for work : 0905948446#namphuong #eaglesacademy #vothuatdienanh #vothuat #hanhdong #tuve #masterkungfu #haihuoc #tuvethucchien #dienxuat #action #funny #shortfilm #actionfilm #beneagle,3053,2024-11-01,r0oasQkLYN8
My favourite features after a week of testing! #dodgechallenger #rccars #primalchallenger,433830,14154930,,2152,2024-11-01,rdfmu_If33g
å°ä¸‘è·Ÿå“ˆè‰å¥å› è”æ‰‹å¤§æˆ˜#joker,983336,50159997,æ¬¢è¿æ¥åˆ°ã€ä½åŠ©ä¸é¸£äººã€‘é¢‘é“ï¼Œè¿™é‡Œæ˜¯æˆ‘ä»¬ä»¥ã€Šç«å½±å¿è€…ã€‹ä¸­ä¸¤ä½è§’è‰²çš„èº«ä»½ï¼Œåˆ†äº«ä»–ä»¬ä¹‹é—´å…„å¼Ÿèˆ¬ææ€ªç”Ÿæ´»çš„ç‰¹åˆ«åœ°æ–¹ï¼ğŸœğŸŒªåœ¨æˆ‘ä»¬çš„é¢‘é“é‡Œï¼Œä½ ä¼šçœ‹åˆ°ä½åŠ©å’Œé¸£äººåœ¨ç°ä»£ç”Ÿæ´»ä¸­çš„å„ç§è¶£äº‹ï¼Œä»æ—¥å¸¸æ‰“é—¹åˆ°å…±åŒé¢å¯¹å›°éš¾ï¼Œæˆ‘ä»¬ç”¨ä¸€ç§è½»æ¾å¹½é»˜çš„æ–¹å¼ï¼Œé‡æ–°è¯ é‡Šäº†è¿™ä¸¤ä¸ªè§’è‰²æ·±åšçš„å‹æƒ…ã€‚ğŸ˜‚ğŸ‘¬ğŸ”” å¦‚æœä½ å–œæ¬¢è§†é¢‘ï¼Œä¸è¦çŠ¹è±«ï¼Œå¿«æ¥è®¢é˜…å’Œç‚¹å‡»å°é“ƒé“›å›¾æ ‡ï¼Œè¿™æ ·ä½ å°±ä¸ä¼šé”™è¿‡æˆ‘ä»¬çš„ä»»ä½•æ–°è§†é¢‘ã€‚ğŸš« è¯·æ”¾å¿ƒï¼Œæˆ‘ä»¬ä¸¥æ ¼éµå®ˆYouTubeçš„è§„åˆ™ï¼Œæ‰€æœ‰è§†é¢‘å†…å®¹éƒ½æ˜¯æˆ‘ä»¬åŸåˆ›åˆ¶ä½œçš„ï¼Œæˆ‘ä»¬å°Šé‡å¹¶ä¿æŠ¤çŸ¥è¯†äº§æƒï¼Œå¯¹äºä»»ä½•å½¢å¼çš„ä¾µæƒè¡Œä¸ºï¼Œæˆ‘ä»¬éƒ½å°†åšå†³é‡‡å–æªæ–½ï¼ğŸ›¡ï¸âš–ï¸æˆ‘ä»¬çš„è§†é¢‘åˆ¶ä½œå›¢é˜Ÿä¼šç‰¹åˆ«å…³æ³¨å„¿ç«¥çš„å®‰å…¨éœ€æ±‚ï¼Œç¡®ä¿å†…å®¹ä¸ä¼šå¯¹å…¶é€ æˆä»»ä½•å±å®³,331,2024-11-01,-__b9HGci1Q
Seja Gentil com os Pequenos Animais ğŸ˜¿,1693193,81778182,#shorts,6807,2024-11-01,ChCxsAkmrxA
"Sigma baby, you've conquered soap! ğŸ˜²ğŸ˜®â€ğŸ’¨ LeoNata family #shorts",559264,36118865,,402,2024-11-01,k0TmrBYlPtg
Put a Finger Down if... ğŸ–,533538,8914207,"Put a Finger Down if... ğŸ–â–º Watch Another Video! - https://youtube.com/shorts/sBAipB21U-wHit ğŸ‘ LIKE and âœ… Subscribe - Thank you!Today we'll be watching the BEST 200 IQ plays in Fortnite! These 200 IQ plays will include best plays and moments that are the BEST in Fortnite! The 200 IQ plays in Fortnite are from Chapter 1 and Chapter 2 - So the BEST 200 IQ plays from ALL of Fortnite!#UseCodeAliAâ– Follow me! â–ğŸ“˜ Facebook - https://facebook.com/AliAreactsğŸ¥ Twitter - http://www.twitter.com/OMGitsAliAğŸµ TikTok - https://tiktok.com/@aliağŸ“¸ Instagram - http://instagram.com/AliAğŸ‘¾ Join the Ali-A Discord - https://discord.gg/AliAğŸ‘• Ali-A Merch - http://Ali-A.shopâ– The equipment I use! â–ğŸ§ The headset I use - http://bit.ly/1dXHELhğŸ“· How I record my gameplay - http://e.lga.to/ağŸ•¹ Improve your aim (10% off) - http://www.kontrolfreek.com/discount/ali-ağŸ® My controller - https://scuf.co/AliA (Use ALIA for discount)ğŸ¯ My Gaming gear - https://www.roccat.com/ (Code ALIA for 10% off)ğŸ’° Cheapest games - https://www.g2a.com/r/AliAâ– Intro Music (Listen/Download here) â– ğŸµ https://youtube.com/FutureHouseMusicğŸ¶ https://www.epidemicsound.comSubscribe for more videos!- MoreAli-A---Video uploaded & owned by Ali-A! (PG, Family Friendly + No Swearing!)",18486,2024-11-01,YXvXdAYPj00
Inside Out 2: Help AnythingAlexia Find Baby Nuggy? #shorts #animation,1445164,25134362,"Videos we watched!â™¥https://www.youtube.com/watch?v=gIfzonZ7a3s*ANYTHINGALEXIA MERCH* âœ… (Baby Nuggy + Saucy + Dippy PLUSHIES!) https://shopalexia.com/LISTEN TO I LOST MY BEST FRIEND SONG â™«â™«â™«YOUTUBEâ–º https://youtu.be/6w_n3rd_QR8SPOTIFYâ–º https://open.spotify.com/track/4sQxIDDcuyv7utPpEnYfMVğŸ’¥ FOLLOW MY SNAP â–º https://www.snapchat.com/add/anythingalexiaağŸ’¥ FOLLOW MY TIKTOK â–º https://www.tiktok.com/@anythingalexiaağŸ’¥ FOLLOW MY INSTA â–º https://www.instagram.com/anythingalexiaa/NUGGYLANDğŸ— (Baby Nuggy's Channel)YOUTUBEâ–º   @nuggyland  ğŸ’¥EXTRAğŸ’¥â–ºUse star code âœ ALEXIA when buying Robux to support me!  (using code pays the creator)â–ºBrands âœ alexia@ellify.comâ–ºCreators âœ If you are the owner of any of the content in these videos + would like them removed, please email hello@anythingalexia.com and I will happily remove them!#insideout2 #crazyart #shorts",495,2024-11-01,dN0NDTwijhA
"Anything You Draw, I'll Buy ğŸ–ï¸ï»¿ï»¿ğŸ’¸",382880,10922124,"BIG thank you to Scheel's for letting us film! Check them out at https://shorturl.at/ODYLwâ‡ï¸ SUBSCRIBE - http://brianna.gg/subscribeğŸ‘• FIRE MERCH - http://www.brimerch.comğŸ”¥ DOWNLOAD APP - http://firemerch.app/downloadğŸ‘€ FOLLOW ME HERE!â˜› TikTok - https://www.tiktok.com/@briannaâ˜› Instagram - https://www.instagram.com/brianna_/ â˜› Twitter - https://twitter.com/BriArsementğŸ® MY FAN DISCORD! â˜› https://fire.vip/discord------------------------------Additional music provided by Epidemic SoundClick here for a free trial!  http://share.epidemicsound.com/TBNRIf you believe your copyrighted work was unintentionally used in this video without permission, please contact us at copyright@tbnr.net",615,2024-11-01,Ua-ymIL-zuk
Fake watermelon by Secret Vlog,485650,35275484,,192,2024-11-01,U7XEpdX8iKk
Toronto Argos Players Try the Beardless Filter and Their Reactions Are Too Good,469119,13710667,Toronto Argonauts Football Club:Website: https://www.argonauts.caFacebook: https://www.facebook.com/ArgosFootballTwitter: https://twitter.com/TorontoArgosInstagram: http://instagram.com/torontoargos,3056,2024-11-01,gpyXS5OkQ74
That went too fast! ğŸ˜²,2740594,68035307,,9418,2024-11-01,V9tpUcYQHyI
Port Antonio,371260,6679740,,31601,2024-11-01,BWtBckf8RIw
Fixing A Chipped Tooth ğŸ˜,2198248,60118808,,13217,2024-11-01,dv7oHrm2aug
*are you satisfied [Nam PhÆ°Æ¡ng] #namphuong #shorts #kungfu #martialarts #fighting #shaolin,3556314,191125804,Nháº¥n Ä‘Äƒng kÃ½ theo dÃµi Ä‘á»ƒ xem nhá»¯ng video má»›i nháº¥t cá»§a NAM PHÆ¯Æ NGContact for work : 0905948446#namphuong #eaglesacademy #vothuatdienanh #vothuat #hanhdong #tuve #masterkungfu #haihuoc #tuvethucchien #dienxuat #action #funny #shortfilm #actionfilm #beneagle,7282,2024-11-01,T-vLGMlfioE
Probably Shouldnâ€™t Have Used A Fork ğŸ˜³ (Comment Your Favorite Hairstyle lol),543836,18216110,,2649,2024-11-01,fcfETT2i2Es
Bro think he the MC.. ğŸ˜‚ğŸ‘ŠğŸ”¥,2371219,37384971,,9538,2024-11-01,WPs2bTynDDI
å…”å­å§å§çš„é­”æ³•ä¹Ÿå¤ªå‰å®³äº†#å°ä¸‘#å…”å­è­¦å®˜#å®¶åº­#æç¬‘,885025,36511483,æ¬¢è¿æ¥åˆ°ã€å°èš‚èšå’Œå°å®‡å®™ã€‘é¢‘é“ï¼ğŸ˜‚ğŸŒŸåœ¨è¿™é‡Œï¼Œæˆ‘ä»¬ä¸ºä½ å¸¦æ¥æç¬‘çš„å®¶åº­è§’è‰²æ‰®æ¼”è§†é¢‘ï¼Œå±•ç°æ—¥å¸¸ç”Ÿæ´»ä¸­çš„è¶£å‘³æ—¶åˆ»ã€‚æ— è®ºæ˜¯æç¬‘çš„å®¶åº­äº’åŠ¨ï¼Œè¿˜æ˜¯åˆ›æ„æ»¡æ»¡çš„è§’è‰²æ‰®æ¼”ï¼Œæ¯ä¸€æ®µè§†é¢‘éƒ½èƒ½è®©ä½ æ§è…¹å¤§ç¬‘ï¼æˆ‘ä»¬ç›¸ä¿¡ï¼Œå¿«ä¹æ˜¯å¯ä»¥åˆ†äº«çš„ï¼Œæ¯ä¸ªäººçš„ç”Ÿæ´»éƒ½å¯ä»¥å……æ»¡ä¹è¶£ã€‚ğŸ­ğŸ¡æˆ‘ä»¬éå¸¸é‡è§†ä½ çš„åé¦ˆï¼Œæ¯ä¸€æ¡è¯„è®ºå’Œç‚¹èµéƒ½æ˜¯æˆ‘ä»¬ç»§ç»­åˆ›ä½œçš„åŠ¨åŠ›ã€‚ğŸ’¬â¤ï¸ğŸ“¢ å¦‚æœä½ å–œæ¬¢æˆ‘ä»¬çš„å†…å®¹ï¼Œè¯·åŠ¡å¿…è®¢é˜…é¢‘é“ï¼Œå¹¶ç‚¹å‡»å°é“ƒé“›å›¾æ ‡ğŸ””ï¼Œè¿™æ ·ä½ å°±ä¸ä¼šé”™è¿‡ä»»ä½•ä¸€ä¸ªæç¬‘è§†é¢‘ã€‚åˆ†äº«ä½ çš„æƒ³æ³•å’Œå»ºè®®ï¼Œè®©æˆ‘ä»¬ä¸€èµ·åˆ›é€ æ›´å¤šæ¬¢ç¬‘çš„æ—¶åˆ»å§ï¼ğŸŒˆåŠ å…¥ã€å°èš‚èšå’Œå°å®‡å®™ã€‘çš„æç¬‘æ—…ç¨‹ï¼Œä¸æˆ‘ä»¬ä¸€èµ·äº«å—å®¶åº­çš„å¿«ä¹æ—¶å…‰å§ï¼ğŸŠ  æ‰€æœ‰è§†é¢‘å–å¾—ä¸­å›½å¤§é™†åˆ›ä½œè€…æˆæƒï¼Œä¸¥æ ¼éµå®ˆå¹³å°è§„å®šã€‚ğŸ›¡ï¸æˆ‘ä»¬çš„è§†é¢‘åˆ¶ä½œå›¢é˜Ÿä¼šç‰¹åˆ«å…³æ³¨å„¿ç«¥çš„å®‰å…¨éœ€æ±‚ï¼Œç¡®ä¿å†…å®¹ä¸ä¼šå¯¹å…¶é€ æˆä»»ä½•å±å®³ã€‚,605,2024-11-01,eEe6z9ZMcqo
It's impossible for a girl from Edmundston to make it on MasterChef Canada | MasterChef World,1710041,27850414,Contains Content from MasterChef Canada Season 2 Episode 2. Subscribe for more!,5865,2024-11-01,olx5oFJbivo
ğŸ¦† Waddle Over the Bridge Cake #Shorts,839694,29390318,All our products for kids are available on Amazon: https://tinyurl.com/3t25a5c6,0,2024-11-01,-lmrD15XAnk
ARGENTINA vs. BOLIVIA [6-0] | RESUMEN | ELIMINATORIAS SUDAMERICANAS | FECHA 10,0,11139489,"#Argentina #Bolivia #eliminatoriassudamericanas #CreeEnGrande #CONMEBOL Â¡Goleada de los campeones del mundo y de AmÃ©rica! ğŸ‘ğŸ‡¦ğŸ‡·El cuadro dirigido por Lionel Scaloni superÃ³ 6-0 a Bolivia con una fantÃ¡stica actuaciÃ³n de Lionel Messi, autor de tres goles y dos asistencias, y sigue firme en lo mÃ¡s alto de la tabla de posiciones con 22 puntos.Lionel Messi (19â€², 84â€² y 86â€²), Lautaro MartÃ­nez (42â€²), JuliÃ¡n Ãlvarez (45+2â€²) y Thiago Almada (69â€²) anotaron los goles para el contundente triunfo de la Albiceleste, que volviÃ³ al Ã©xito despuÃ©s de dos partidos y cortÃ³ la racha de tres victorias que traÃ­a La Verde en estas Eliminatorias.SuscrÃ­bete I Inscreva-se I Subscribe: http://bit.ly/CONMEBOLFacebook: facebook.com/CONMEBOLInstagram: instagram.com/conmebol/Twitter: twitter.com/CONMEBOL",11486,2024-11-01,C3wPtKNbAOA
å°èš‚èšä¼šé€‰åˆ°ä»€ä¹ˆå‘¢ï¼#ç«å½±å¿è€… #ä½åŠ© #å®¶åº­,2544469,128877378,æ¬¢è¿æ¥åˆ°ã€å°èš‚èšã€‘é¢‘é“ï¼ğŸœğŸŒğŸ‚è¿™é‡Œæ˜¯å°èš‚èšä¾ä¾ã€å°å®‡å®™æµ©å®‡å’Œå°é­”ç‹æµ©é¸£çš„æ¬¢ä¹é¢†åœ°ï¼Œä¸‰ä¸ªæ€§æ ¼è¿¥å¼‚çš„èŒå¨ƒå°†å¸¦é¢†ä½ è¿›å…¥ä»–ä»¬çš„ææ€ªæ—¥å¸¸ï¼Œä½“éªŒå……æ»¡æ¬¢ç¬‘å’Œæ„æƒ³ä¸åˆ°çš„å†’é™©ã€‚ğŸ˜„ğŸˆä¾ä¾ï¼Œä½œä¸ºå§å§ï¼Œå¤çµç²¾æ€ªï¼Œæ€»èƒ½ä»¥å¥¹ç‹¬ç‰¹çš„è§†è§’å‘ç°ç”Ÿæ´»ä¸­çš„ä¹è¶£ã€‚ğŸœæµ©å®‡ï¼Œæ´»æ³¼å¼€æœ—çš„å¼Ÿå¼Ÿï¼Œä»–çš„å¥½å¥‡å¿ƒæ€»æ˜¯å¼•é¢†ç€å¤§å®¶æ¢ç´¢æœªçŸ¥çš„ä¸–ç•Œã€‚ğŸŒè€Œæµ©é¸£ï¼Œä½œä¸ºå®¶ä¸­çš„å°é­”ç‹ï¼Œè°ƒçš®æ£è›‹å´åˆä¸å¤±å¯çˆ±ï¼Œæ€»èƒ½ç»™å®¶åº­å¸¦æ¥æ»¡æ»¡çš„æ¬¢ä¹ã€‚ğŸ‚åœ¨è¿™é‡Œï¼Œä½ å°†çœ‹åˆ°è¿™ä¸‰ä¸ªå°å®‡å®™çš„æ—¥å¸¸è¶£äº‹ï¼Œæ¯ä¸€åˆ»éƒ½å……æ»¡äº†æ¸©æš–å’Œç¬‘å£°ã€‚ğŸ’–ğŸ”” å¦‚æœä½ å–œæ¬¢æˆ‘ä»¬çš„è§†é¢‘ï¼Œè®°å¾—è®¢é˜…å¹¶ç‚¹å‡»å°é“ƒé“›å›¾æ ‡ã€‚è¯·æ³¨æ„ï¼Œæœ¬è§†é¢‘ç¬¦åˆå¹³å°çš„ä½¿ç”¨è¦æ±‚ï¼Œæ²¡æœ‰ä»»ä½•è¿è§„è¡Œä¸ºã€‚æˆ‘ä»¬çš„è§†é¢‘åˆ¶ä½œå›¢é˜Ÿä¼šç‰¹åˆ«å…³æ³¨å„¿ç«¥çš„å®‰å…¨éœ€æ±‚ï¼Œç¡®ä¿å†…å®¹ä¸ä¼šå¯¹å…¶é€ æˆä»»ä½•å±å®³ã€‚,1645,2024-11-01,h7GMBRVPRGk
å•Šï¼Ÿå°±è¿™ä¹ˆæ°´çµçµçš„ç©¿ä¸Šäº†ï¼Ÿ,3074124,111037411,ğŸŒŸ æ¬¢è¿æ¥åˆ°ã€ä¸€èˆª1ã€‘é¢‘é“ï¼ğŸŒŸğŸ‘¬ åŠ å…¥æˆ‘ä»¬ï¼Œæ²™é›•æ—¥å¸¸ï¼Œä½“éªŒæ»¡æ»¡çš„æ¬¢ç¬‘å’Œä¸å¯æ€è®®çš„æ—¥å¸¸ç¬é—´ï¼è¿™é‡Œæ˜¯æˆ‘ä»¬ä¿©å°åªå¸¦ç»™ä½ çš„æ¬¢ä¹æºæ³‰ã€‚ğŸ˜‚ğŸ‰ æ¯ä¸€æ¬¡è§†é¢‘ï¼Œæˆ‘ä»¬éƒ½ä¼šå°½åŠ›å±•ç°æœ€çœŸå®ã€æœ€æœ‰è¶£çš„ä¸€é¢ï¼Œæ— è®ºæ˜¯æç¬‘æŒ‘æˆ˜è¿˜æ˜¯æ—¥å¸¸ç”Ÿæ´»ï¼Œæˆ‘ä»¬çš„ç›®æ ‡å°±æ˜¯è®©ä½ ç¬‘å‡ºå£°æ¥ï¼ğŸ¬ğŸ“¢ å¦‚æœä½ å–œæ¬¢çœ‹æˆ‘ä»¬çš„è§†é¢‘ï¼Œè®°å¾—è®¢é˜…é¢‘é“å¹¶ç‚¹å‡»å°é“ƒé“›å›¾æ ‡ğŸ””ï¼Œè¿™æ ·ä½ å°±ä¸ä¼šé”™è¿‡ä»»ä½•ä¸€ä¸ªå……æ»¡ç¬‘å£°çš„æ—¶åˆ»ã€‚ğŸš« æ”¾å¿ƒï¼Œæˆ‘ä»¬çš„æ‰€æœ‰è§†é¢‘éƒ½ä¸¥æ ¼éµå®ˆå¹³å°è§„å®šï¼Œç»æ— è¿è§„å†…å®¹ã€‚æ‰€æœ‰è§†é¢‘å†…å®¹å‡ç”±æˆ‘ä»¬åŸåˆ›ï¼Œå—ç‰ˆæƒæ³•ä¿æŠ¤ï¼Œæœªç»å…è®¸ï¼Œä¸¥ç¦å¤åˆ¶æˆ–è½¬è½½ã€‚ä¾µæƒå¿…ç©¶ï¼ğŸ›¡ï¸,9042,2024-11-01,xlRr610Z3dE
