Video_ID,Tag,Video_Snapshot_Data
Acxn7x1kBok,[none],2024-11-01
Zp-Jhuhq0bQ,BABYMONSTER,2024-11-01
Zp-Jhuhq0bQ,베이비몬스터,2024-11-01
Zp-Jhuhq0bQ,베몬,2024-11-01
Zp-Jhuhq0bQ,BABYMON,2024-11-01
Zp-Jhuhq0bQ,BAEMON,2024-11-01
Zp-Jhuhq0bQ,하람,2024-11-01
Zp-Jhuhq0bQ,아현,2024-11-01
Zp-Jhuhq0bQ,루카,2024-11-01
Zp-Jhuhq0bQ,치키타,2024-11-01
Zp-Jhuhq0bQ,파리타,2024-11-01
Zp-Jhuhq0bQ,로라,2024-11-01
Zp-Jhuhq0bQ,아사,2024-11-01
Zp-Jhuhq0bQ,HARAM,2024-11-01
Zp-Jhuhq0bQ,AHYEON,2024-11-01
Zp-Jhuhq0bQ,RUKA,2024-11-01
Zp-Jhuhq0bQ,CHIQUITA,2024-11-01
Zp-Jhuhq0bQ,PHARITA,2024-11-01
Zp-Jhuhq0bQ,RORA,2024-11-01
Zp-Jhuhq0bQ,ASA,2024-11-01
kzPaeWsbano,[none],2024-11-01
Srvt_6up-0o,Joé Dwèt Filé,2024-11-01
Srvt_6up-0o,joedwetfileclips,2024-11-01
Srvt_6up-0o,joe,2024-11-01
Srvt_6up-0o,dwet,2024-11-01
Srvt_6up-0o,file,2024-11-01
Srvt_6up-0o,chaine youtube joe dwet file,2024-11-01
Srvt_6up-0o,4kampe,2024-11-01
Srvt_6up-0o,Kampé,2024-11-01
Vkc_GxD11zU,Damso,2024-11-01
Vkc_GxD11zU,CHROME,2024-11-01
xDUNrUkZbyA,[none],2024-11-01
ji2lbYIB1gI,[none],2024-11-01
IA9tD-Bo4CY,2024,2024-11-01
IA9tD-Bo4CY,26 décembre,2024-11-01
IA9tD-Bo4CY,456,2024-11-01
IA9tD-Bo4CY,Choi Seung-hyun,2024-11-01
IA9tD-Bo4CY,Fandom,2024-11-01
IA9tD-Bo4CY,Gi-hun,2024-11-01
IA9tD-Bo4CY,Jo Yu-ri,2024-11-01
IA9tD-Bo4CY,K-content,2024-11-01
IA9tD-Bo4CY,Kang Ae-sim,2024-11-01
IA9tD-Bo4CY,Kang Ha-neul,2024-11-01
IA9tD-Bo4CY,Lee Byung-hun,2024-11-01
IA9tD-Bo4CY,Lee Jung-jae,2024-11-01
IA9tD-Bo4CY,Netflix,2024-11-01
IA9tD-Bo4CY,Park Sung-hoon,2024-11-01
IA9tD-Bo4CY,Squid Game,2024-11-01
IA9tD-Bo4CY,Squid Game 2,2024-11-01
IA9tD-Bo4CY,Un deux trois soleil,2024-11-01
IA9tD-Bo4CY,Wi Ha-jun,2024-11-01
IA9tD-Bo4CY,Yang Dong-geun,2024-11-01
IA9tD-Bo4CY,Yim Si-wan,2024-11-01
IA9tD-Bo4CY,Young-hee,2024-11-01
IA9tD-Bo4CY,actualités,2024-11-01
IA9tD-Bo4CY,contenus coréens,2024-11-01
IA9tD-Bo4CY,gardes roses,2024-11-01
IA9tD-Bo4CY,jeux d'enfants,2024-11-01
IA9tD-Bo4CY,maître de jeu joueur 456,2024-11-01
IA9tD-Bo4CY,phénomène mondial,2024-11-01
IA9tD-Bo4CY,poupée Squid Game,2024-11-01
IA9tD-Bo4CY,prochainement,2024-11-01
IA9tD-Bo4CY,saison 2,2024-11-01
IA9tD-Bo4CY,série,2024-11-01
IA9tD-Bo4CY,teaser,2024-11-01
IA9tD-Bo4CY,teaser officiel,2024-11-01
XpSdD63j7Y4,[none],2024-11-01
5xZXSisYqk0,[none],2024-11-01
6Vfjgm8AsaA,mylenefarmer,2024-11-01
6Vfjgm8AsaA,mylènefarmer,2024-11-01
6Vfjgm8AsaA,mylène farmer,2024-11-01
6Vfjgm8AsaA,mylène,2024-11-01
6Vfjgm8AsaA,mylene,2024-11-01
6Vfjgm8AsaA,mylene farmer,2024-11-01
6Vfjgm8AsaA,mylene clip,2024-11-01
6Vfjgm8AsaA,mylene farmer clip,2024-11-01
6Vfjgm8AsaA,farmer,2024-11-01
6Vfjgm8AsaA,histoires de,2024-11-01
6Vfjgm8AsaA,histoirede,2024-11-01
6Vfjgm8AsaA,mylene farmer 2020,2024-11-01
6Vfjgm8AsaA,Милен Фармер,2024-11-01
6Vfjgm8AsaA,nevermore,2024-11-01
6Vfjgm8AsaA,nevermore le film,2024-11-01
6Vfjgm8AsaA,désenchantée,2024-11-01
6Vfjgm8AsaA,oui mais non,2024-11-01
6Vfjgm8AsaA,tristana,2024-11-01
6Vfjgm8AsaA,que l'aube est belle,2024-11-01
6Vfjgm8AsaA,mylene farmer nevermore,2024-11-01
6Vfjgm8AsaA,nevermore 2023,2024-11-01
j0ihsNlYldc,aminematue,2024-11-01
j0ihsNlYldc,clips,2024-11-01
j0ihsNlYldc,clip,2024-11-01
j0ihsNlYldc,twitch,2024-11-01
j0ihsNlYldc,aminematue live,2024-11-01
j0ihsNlYldc,aminematue clips,2024-11-01
j0ihsNlYldc,aminematue clip,2024-11-01
j0ihsNlYldc,aminematué,2024-11-01
7EBRuI9NvlY,nba,2024-11-01
7EBRuI9NvlY,basketball,2024-11-01
7EBRuI9NvlY,basket,2024-11-01
7EBRuI9NvlY,résumé,2024-11-01
7EBRuI9NvlY,highlights,2024-11-01
7EBRuI9NvlY,victor,2024-11-01
7EBRuI9NvlY,wemby,2024-11-01
7EBRuI9NvlY,wembanyama,2024-11-01
7EBRuI9NvlY,san,2024-11-01
7EBRuI9NvlY,antonio,2024-11-01
7EBRuI9NvlY,spurs,2024-11-01
7EBRuI9NvlY,utah,2024-11-01
7EBRuI9NvlY,jazz,2024-11-01
WcgxodSFP6M,[none],2024-11-01
2kjolTLZ_Mg,The Weeknd,2024-11-01
2kjolTLZ_Mg,Anitta,2024-11-01
2kjolTLZ_Mg,XO Republic Records,2024-11-01
HTuecCI80es,Basketball,2024-11-01
HTuecCI80es,G League,2024-11-01
HTuecCI80es,NBA,2024-11-01
HTuecCI80es,San Antonio Spurs,2024-11-01
HTuecCI80es,Victor Wembanyama,2024-11-01
HTuecCI80es,game-0022400130,2024-11-01
HTuecCI80es,player-1641705,2024-11-01
HTuecCI80es,team-1610612759,2024-11-01
J0shpb9h95s,Alcaraz,2024-11-01
J0shpb9h95s,Bercy,2024-11-01
J0shpb9h95s,Humbert,2024-11-01
J0shpb9h95s,Humbert Alcaraz,2024-11-01
J0shpb9h95s,Resume Humbert Alcaraz,2024-11-01
J0shpb9h95s,Rolex Paris Masters,2024-11-01
wXxP_nTmiXA,[none],2024-11-01
casDktujf_Y,flamby,2024-11-01
casDktujf_Y,twitch,2024-11-01
casDktujf_Y,ban,2024-11-01
casDktujf_Y,stream,2024-11-01
casDktujf_Y,streameur,2024-11-01
casDktujf_Y,nico,2024-11-01
casDktujf_Y,nicotine84,2024-11-01
apBFun_KgCY,[none],2024-11-01
NMjhjrBIrG8,[none],2024-11-01
BqPNB9Vxl_w,brawl stars,2024-11-01
BqPNB9Vxl_w,mobile game,2024-11-01
BqPNB9Vxl_w,mobile strategy game,2024-11-01
BqPNB9Vxl_w,mobile rpg,2024-11-01
BqPNB9Vxl_w,mobile battle royale,2024-11-01
BqPNB9Vxl_w,battle royale,2024-11-01
BqPNB9Vxl_w,supercell game,2024-11-01
BqPNB9Vxl_w,juju,2024-11-01
BqPNB9Vxl_w,brawler,2024-11-01
BqPNB9Vxl_w,brawl talk,2024-11-01
BqPNB9Vxl_w,spike,2024-11-01
BqPNB9Vxl_w,amber,2024-11-01
BqPNB9Vxl_w,colette,2024-11-01
BqPNB9Vxl_w,champion,2024-11-01
BqPNB9Vxl_w,hero,2024-11-01
BqPNB9Vxl_w,voodoo,2024-11-01
BqPNB9Vxl_w,doll,2024-11-01
svCshubKYuc,studio bagel,2024-11-01
svCshubKYuc,studio,2024-11-01
svCshubKYuc,bagel,2024-11-01
svCshubKYuc,humour,2024-11-01
svCshubKYuc,comedie,2024-11-01
svCshubKYuc,drole,2024-11-01
svCshubKYuc,marrant,2024-11-01
svCshubKYuc,sketch,2024-11-01
svCshubKYuc,parodie,2024-11-01
svCshubKYuc,podcast,2024-11-01
fmC6b6_ovZY,Lady Gaga,2024-11-01
fmC6b6_ovZY,Interscope Records,2024-11-01
fmC6b6_ovZY,Pop,2024-11-01
gXCCiVqI_VQ,Kep1er,2024-11-01
gXCCiVqI_VQ,케플러,2024-11-01
gXCCiVqI_VQ,kpop,2024-11-01
gXCCiVqI_VQ,걸스플래닛,2024-11-01
gXCCiVqI_VQ,걸스플래닛999,2024-11-01
gXCCiVqI_VQ,girlsplanet,2024-11-01
gXCCiVqI_VQ,girlsplanet999,2024-11-01
gXCCiVqI_VQ,최유진,2024-11-01
gXCCiVqI_VQ,김다연,2024-11-01
gXCCiVqI_VQ,서영은,2024-11-01
gXCCiVqI_VQ,김채현,2024-11-01
gXCCiVqI_VQ,마시로,2024-11-01
gXCCiVqI_VQ,샤오팅,2024-11-01
gXCCiVqI_VQ,히카루,2024-11-01
gXCCiVqI_VQ,휴닝바히에,2024-11-01
gXCCiVqI_VQ,강예서,2024-11-01
gXCCiVqI_VQ,YUJIN,2024-11-01
gXCCiVqI_VQ,XIAOTING,2024-11-01
gXCCiVqI_VQ,MASHIRO,2024-11-01
gXCCiVqI_VQ,CHAEHYUN,2024-11-01
gXCCiVqI_VQ,DAYEON,2024-11-01
gXCCiVqI_VQ,HUENING BAHIYYIH,2024-11-01
gXCCiVqI_VQ,HIKARU,2024-11-01
gXCCiVqI_VQ,YESEO,2024-11-01
gXCCiVqI_VQ,YOUNGEUN,2024-11-01
gXCCiVqI_VQ,Magic Hour,2024-11-01
gXCCiVqI_VQ,Galileo,2024-11-01
gXCCiVqI_VQ,Love On Lock,2024-11-01
gXCCiVqI_VQ,TAPE,2024-11-01
gXCCiVqI_VQ,Tropical Light,2024-11-01
gXCCiVqI_VQ,The Door,2024-11-01
gXCCiVqI_VQ,갈릴레오,2024-11-01
gXCCiVqI_VQ,매직아워,2024-11-01
GRvM1ROSA4o,kawasaki,2024-11-01
GRvM1ROSA4o,ninja,2024-11-01
GRvM1ROSA4o,hybrid,2024-11-01
GRvM1ROSA4o,hybride,2024-11-01
GRvM1ROSA4o,ninja 500,2024-11-01
GRvM1ROSA4o,moto hybride,2024-11-01
GRvM1ROSA4o,moto éléctrique,2024-11-01
PufEgTAdXm8,airpods,2024-11-01
PufEgTAdXm8,écouteurs,2024-11-01
PufEgTAdXm8,sourds,2024-11-01
PufEgTAdXm8,sourd,2024-11-01
PufEgTAdXm8,audition,2024-11-01
PufEgTAdXm8,perte,2024-11-01
PufEgTAdXm8,auditive,2024-11-01
PufEgTAdXm8,cancer,2024-11-01
PufEgTAdXm8,ondes,2024-11-01
PufEgTAdXm8,oms,2024-11-01
PufEgTAdXm8,bluetooth,2024-11-01
PufEgTAdXm8,son,2024-11-01
FiQNpCzCW08,benomania,2024-11-01
FiQNpCzCW08,cote ivoire,2024-11-01
FiQNpCzCW08,coupé décalé,2024-11-01
FiQNpCzCW08,couper décaler,2024-11-01
FiQNpCzCW08,talehi,2024-11-01
FiQNpCzCW08,kabableke,2024-11-01
FiQNpCzCW08,okeninkpin,2024-11-01
FiQNpCzCW08,mawa naya,2024-11-01
FiQNpCzCW08,serge beynaud,2024-11-01
FiQNpCzCW08,remanbele,2024-11-01
FiQNpCzCW08,fais comme ça,2024-11-01
lWLp_ptADNU,Hay Day,2024-11-01
lWLp_ptADNU,HayDay,2024-11-01
lWLp_ptADNU,Supercell,2024-11-01
lWLp_ptADNU,Suprcell,2024-11-01
lWLp_ptADNU,Farming,2024-11-01
lWLp_ptADNU,Farm life,2024-11-01
lWLp_ptADNU,mobile,2024-11-01
lWLp_ptADNU,tablet,2024-11-01
lWLp_ptADNU,mobile game,2024-11-01
lWLp_ptADNU,game,2024-11-01
lWLp_ptADNU,yt:cc=on,2024-11-01
lWLp_ptADNU,ios,2024-11-01
lWLp_ptADNU,android,2024-11-01
lWLp_ptADNU,amazon,2024-11-01
lWLp_ptADNU,series,2024-11-01
lWLp_ptADNU,farmer,2024-11-01
lWLp_ptADNU,pig,2024-11-01
lWLp_ptADNU,horse,2024-11-01
lWLp_ptADNU,cow,2024-11-01
lWLp_ptADNU,sheep,2024-11-01
lWLp_ptADNU,goat,2024-11-01
lWLp_ptADNU,puppy,2024-11-01
lWLp_ptADNU,dog,2024-11-01
lWLp_ptADNU,kitten,2024-11-01
lWLp_ptADNU,cat,2024-11-01
lWLp_ptADNU,fishing,2024-11-01
lWLp_ptADNU,sanctuary,2024-11-01
lWLp_ptADNU,elephant,2024-11-01
lWLp_ptADNU,zebra,2024-11-01
lWLp_ptADNU,giraffe,2024-11-01
lWLp_ptADNU,hippo,2024-11-01
tnBY-rCDu9A,MacBook Pro M4,2024-11-01
tnBY-rCDu9A,MacBook Pro M4 Pro,2024-11-01
tnBY-rCDu9A,MacBook Pro M4 Max,2024-11-01
tnBY-rCDu9A,Mac,2024-11-01
tnBY-rCDu9A,M4,2024-11-01
tnBY-rCDu9A,Apple M4,2024-11-01
tnBY-rCDu9A,Apple M4 Pro,2024-11-01
tnBY-rCDu9A,Apple M4 Max,2024-11-01
tnBY-rCDu9A,Test MacBook Pro M4,2024-11-01
tnBY-rCDu9A,Test Mac mini M4,2024-11-01
tnBY-rCDu9A,Test Mac mini M4 Pro,2024-11-01
tnBY-rCDu9A,Mac mini M4,2024-11-01
tnBY-rCDu9A,Apple Mac mini M4,2024-11-01
tnBY-rCDu9A,Mac mini M4 avis,2024-11-01
tnBY-rCDu9A,Mac mini M4 Français,2024-11-01
tnBY-rCDu9A,iMac M4,2024-11-01
tnBY-rCDu9A,Test iMac M4,2024-11-01
tnBY-rCDu9A,Avis iMac M4,2024-11-01
tnBY-rCDu9A,Apple,2024-11-01
tnBY-rCDu9A,Test,2024-11-01
tnBY-rCDu9A,Avis,2024-11-01
tnBY-rCDu9A,TheiCollection,2024-11-01
tnBY-rCDu9A,Tech,2024-11-01
tnBY-rCDu9A,HighTech,2024-11-01
tnBY-rCDu9A,iPhone 16,2024-11-01
tnBY-rCDu9A,Apple Intelligence,2024-11-01
tnBY-rCDu9A,JB,2024-11-01
tnBY-rCDu9A,Jojol,2024-11-01
tnBY-rCDu9A,Gentil,2024-11-01
tnBY-rCDu9A,Garçon,2024-11-01
o0oW3lPoOXM,BABYMONSTER,2024-11-01
o0oW3lPoOXM,베이비몬스터,2024-11-01
o0oW3lPoOXM,베몬,2024-11-01
o0oW3lPoOXM,BABYMON,2024-11-01
o0oW3lPoOXM,BAEMON,2024-11-01
o0oW3lPoOXM,하람,2024-11-01
o0oW3lPoOXM,아현,2024-11-01
o0oW3lPoOXM,루카,2024-11-01
o0oW3lPoOXM,치키타,2024-11-01
o0oW3lPoOXM,파리타,2024-11-01
o0oW3lPoOXM,로라,2024-11-01
o0oW3lPoOXM,아사,2024-11-01
o0oW3lPoOXM,HARAM,2024-11-01
o0oW3lPoOXM,AHYEON,2024-11-01
o0oW3lPoOXM,RUKA,2024-11-01
o0oW3lPoOXM,CHIQUITA,2024-11-01
o0oW3lPoOXM,PHARITA,2024-11-01
o0oW3lPoOXM,RORA,2024-11-01
o0oW3lPoOXM,ASA,2024-11-01
wlqKM8jS0hM,[none],2024-11-01
Or4OJl39EjU,msp,2024-11-01
Or4OJl39EjU,fortnite,2024-11-01
Or4OJl39EjU,fortnite fr,2024-11-01
Or4OJl39EjU,fr,2024-11-01
Or4OJl39EjU,michou,2024-11-01
Or4OJl39EjU,inoxtag,2024-11-01
Or4OJl39EjU,live,2024-11-01
Or4OJl39EjU,la vie de chocoh,2024-11-01
Or4OJl39EjU,chocoh,2024-11-01
Or4OJl39EjU,fortnite rp,2024-11-01
Or4OJl39EjU,la vie,2024-11-01
Or4OJl39EjU,tendance,2024-11-01
Or4OJl39EjU,unchained,2024-11-01
Or4OJl39EjU,vidéo fortnite,2024-11-01
Or4OJl39EjU,live fortnite,2024-11-01
Or4OJl39EjU,rp,2024-11-01
Or4OJl39EjU,rp fortnite,2024-11-01
Or4OJl39EjU,chocolatandvanillah,2024-11-01
Or4OJl39EjU,live rp,2024-11-01
Or4OJl39EjU,gros yeux,2024-11-01
Or4OJl39EjU,safa,2024-11-01
Or4OJl39EjU,webedia,2024-11-01
Or4OJl39EjU,jeanfils,2024-11-01
Or4OJl39EjU,unchained_off,2024-11-01
Or4OJl39EjU,iphone,2024-11-01
Or4OJl39EjU,question,2024-11-01
Or4OJl39EjU,police,2024-11-01
Or4OJl39EjU,Michou,2024-11-01
Or4OJl39EjU,Unchained_Off,2024-11-01
Or4OJl39EjU,[ Unchained ],2024-11-01
Or4OJl39EjU,Tibo InShape,2024-11-01
Or4OJl39EjU,Adem&Bilal,2024-11-01
Or4OJl39EjU,loufitlove,2024-11-01
Or4OJl39EjU,Inoxtag,2024-11-01
Or4OJl39EjU,tendances,2024-11-01
Or4OJl39EjU,thread,2024-11-01
Or4OJl39EjU,siri scary,2024-11-01
Or4OJl39EjU,application,2024-11-01
Or4OJl39EjU,talking to angela,2024-11-01
Or4OJl39EjU,angela,2024-11-01
Or4OJl39EjU,noa,2024-11-01
Or4OJl39EjU,téléphone,2024-11-01
Or4OJl39EjU,JE PRANK MES AMIS PENDANT 24H !,2024-11-01
Or4OJl39EjU,amis,2024-11-01
Or4OJl39EjU,prank,2024-11-01
Or4OJl39EjU,24h,2024-11-01
Or4OJl39EjU,halloween,2024-11-01
zYjPReIp61o,Feldup,2024-11-01
zYjPReIp61o,Findings,2024-11-01
zYjPReIp61o,Backroom,2024-11-01
zYjPReIp61o,Thread horreur,2024-11-01
zYjPReIp61o,Histoires d’horreur,2024-11-01
zYjPReIp61o,Horror story,2024-11-01
zYjPReIp61o,Creepy,2024-11-01
zYjPReIp61o,Creepypasta,2024-11-01
zYjPReIp61o,The oldest view,2024-11-01
zYjPReIp61o,Kane pixels,2024-11-01
zYjPReIp61o,Kane parsons,2024-11-01
zYjPReIp61o,The rolling giant,2024-11-01
zYjPReIp61o,Life of a giant,2024-11-01
zYjPReIp61o,Valley view center,2024-11-01
zYjPReIp61o,Valley view mall,2024-11-01
zYjPReIp61o,Dallas,2024-11-01
zYjPReIp61o,Urbex,2024-11-01
zYjPReIp61o,Abandonné,2024-11-01
zYjPReIp61o,Hanté,2024-11-01
zYjPReIp61o,Liminal,2024-11-01
zYjPReIp61o,Liminal space,2024-11-01
zYjPReIp61o,Analog horror,2024-11-01
zYjPReIp61o,Found footage,2024-11-01
zYjPReIp61o,Scary,2024-11-01
zYjPReIp61o,Terrifiant,2024-11-01
zYjPReIp61o,Effrayant,2024-11-01
zYjPReIp61o,Peur,2024-11-01
AizNfsVf9RM,karmine corp,2024-11-01
AizNfsVf9RM,kcorp,2024-11-01
AizNfsVf9RM,karmine,2024-11-01
AizNfsVf9RM,kc,2024-11-01
AizNfsVf9RM,content,2024-11-01
ZOpLlT0vRxQ,seb,2024-11-01
ZOpLlT0vRxQ,seb la frite,2024-11-01
ZOpLlT0vRxQ,grim,2024-11-01
ZOpLlT0vRxQ,grimkujow,2024-11-01
ZOpLlT0vRxQ,humour,2024-11-01
ZOpLlT0vRxQ,florent bernard,2024-11-01
ZOpLlT0vRxQ,flober,2024-11-01
ZOpLlT0vRxQ,cinéma,2024-11-01
lIoROwhuoBM,cyrilmp4,2024-11-01
lIoROwhuoBM,cyril,2024-11-01
lIoROwhuoBM,mp4,2024-11-01
lIoROwhuoBM,restaurant,2024-11-01
lIoROwhuoBM,star,2024-11-01
lIoROwhuoBM,célébrité,2024-11-01
lIoROwhuoBM,resto,2024-11-01
lIoROwhuoBM,test,2024-11-01
lIoROwhuoBM,mange,2024-11-01
lIoROwhuoBM,vlog,2024-11-01
lIoROwhuoBM,burger,2024-11-01
lIoROwhuoBM,nourriture,2024-11-01
lIoROwhuoBM,vérité,2024-11-01
lIoROwhuoBM,note,2024-11-01
VN_KgZ9Cbbs,apple,2024-11-01
VN_KgZ9Cbbs,temu,2024-11-01
VN_KgZ9Cbbs,j'ai acheté,2024-11-01
VN_KgZ9Cbbs,objets temu,2024-11-01
VN_KgZ9Cbbs,produits temu,2024-11-01
VN_KgZ9Cbbs,jojol,2024-11-01
VN_KgZ9Cbbs,test,2024-11-01
VN_KgZ9Cbbs,unboxing,2024-11-01
VN_KgZ9Cbbs,produit,2024-11-01
VN_KgZ9Cbbs,objet,2024-11-01
VN_KgZ9Cbbs,insolite,2024-11-01
VN_KgZ9Cbbs,acheter pas cher,2024-11-01
VN_KgZ9Cbbs,pas cher,2024-11-01
VN_KgZ9Cbbs,arnaque,2024-11-01
0NrT1R15mgI,toinelag,2024-11-01
0NrT1R15mgI,bilel,2024-11-01
0NrT1R15mgI,bilel toinelag,2024-11-01
0NrT1R15mgI,toinelag bilel,2024-11-01
0NrT1R15mgI,brawl stars,2024-11-01
0NrT1R15mgI,toinelag brawl stars,2024-11-01
0NrT1R15mgI,bilel brawl stars,2024-11-01
0NrT1R15mgI,gemmes brawl stars,2024-11-01
0NrT1R15mgI,pack opening brawl stars,2024-11-01
0NrT1R15mgI,mega boite brawl stars,2024-11-01
0NrT1R15mgI,prix star,2024-11-01
0NrT1R15mgI,stumble guys,2024-11-01
0NrT1R15mgI,toinelag stumble guys,2024-11-01
0NrT1R15mgI,stumble guys toinelag,2024-11-01
WkNHWQlNvFs,lara fabian je t'ai cherché,2024-11-01
WkNHWQlNvFs,lara fabian je t'ai cherché lyrics,2024-11-01
WkNHWQlNvFs,lara fabian je t'ai cherché paroles,2024-11-01
WkNHWQlNvFs,lara fabian t'étais où,2024-11-01
WkNHWQlNvFs,lara fabian paroles,2024-11-01
WkNHWQlNvFs,lara fabian lyrics,2024-11-01
WkNHWQlNvFs,lara fabian t'es ou paroles,2024-11-01
F_7IPm7f1vI,boston dynamics,2024-11-01
F_7IPm7f1vI,atlas,2024-11-01
F_7IPm7f1vI,electric atlas,2024-11-01
F_7IPm7f1vI,robots,2024-11-01
F_7IPm7f1vI,robotics,2024-11-01
F_7IPm7f1vI,humanoid robot,2024-11-01
F_7IPm7f1vI,boston dynamics atlas,2024-11-01
F_7IPm7f1vI,boston dynamics electric robot atlas,2024-11-01
F_7IPm7f1vI,what's new atlas,2024-11-01
F_7IPm7f1vI,boston dynamics atlas parkour,2024-11-01
F_7IPm7f1vI,boston dynamic robots,2024-11-01
F_7IPm7f1vI,atlas robot,2024-11-01
F_7IPm7f1vI,boston dynamics robot,2024-11-01
F_7IPm7f1vI,boston dynamics atlas video,2024-11-01
F_7IPm7f1vI,how does atlas work?,2024-11-01
etXgiD6d5RA,2024/25,2024-11-01
etXgiD6d5RA,allianz cup,2024-11-01
etXgiD6d5RA,football,2024-11-01
etXgiD6d5RA,futebol,2024-11-01
etXgiD6d5RA,goals,2024-11-01
etXgiD6d5RA,golos,2024-11-01
etXgiD6d5RA,highlights,2024-11-01
etXgiD6d5RA,liga portugal,2024-11-01
etXgiD6d5RA,portugal,2024-11-01
etXgiD6d5RA,portuguese league cup,2024-11-01
etXgiD6d5RA,resumo,2024-11-01
etXgiD6d5RA,season 24/25,2024-11-01
etXgiD6d5RA,soccer,2024-11-01
etXgiD6d5RA,sp:dt=2024-10-30T20:15:00Z,2024-11-01
etXgiD6d5RA,sp:li=port_cup,2024-11-01
etXgiD6d5RA,sp:st=soccer,2024-11-01
etXgiD6d5RA,sp:ti:away=CDSC,2024-11-01
etXgiD6d5RA,sp:ti:home=SLB,2024-11-01
etXgiD6d5RA,sp:ty=high,2024-11-01
etXgiD6d5RA,taça da liga,2024-11-01
UV-QLtZC3nA,ballon d'or 2024,2024-11-01
UV-QLtZC3nA,ballon d'or live,2024-11-01
UV-QLtZC3nA,ballon d'or 2024 live,2024-11-01
UV-QLtZC3nA,ballon d'or 2024 direct,2024-11-01
UV-QLtZC3nA,ballon d'or 2024 en direct,2024-11-01
UV-QLtZC3nA,ceremonie ballon d'or,2024-11-01
UV-QLtZC3nA,ceremonie ballon d'or 2024,2024-11-01
UV-QLtZC3nA,ceremonie ballon d'or 2024 live,2024-11-01
UV-QLtZC3nA,vinicius ballon d'or,2024-11-01
UV-QLtZC3nA,lequipe ballon d'or 2024,2024-11-01
UV-QLtZC3nA,ballon d'or,2024-11-01
UV-QLtZC3nA,ceremonie ballon d'or live,2024-11-01
UV-QLtZC3nA,ceremonie ballon d'or 2024 en direct,2024-11-01
UV-QLtZC3nA,ceremonie ballon d'or en direct,2024-11-01
UV-QLtZC3nA,remise ballon d'or 2024,2024-11-01
UV-QLtZC3nA,vini ballon d'or 2024,2024-11-01
UV-QLtZC3nA,l'equipe,2024-11-01
UV-QLtZC3nA,france football,2024-11-01
UV-QLtZC3nA,l'equipe ballon d'or 2024,2024-11-01
UV-QLtZC3nA,live ballon d'or 2024,2024-11-01
fnPxkuFIA48,bruno mars,2024-11-01
fnPxkuFIA48,bruno,2024-11-01
fnPxkuFIA48,atlantic records,2024-11-01
fnPxkuFIA48,official video,2024-11-01
fnPxkuFIA48,pop music,2024-11-01
fnPxkuFIA48,R&B,2024-11-01
fnPxkuFIA48,funk,2024-11-01
fnPxkuFIA48,soul,2024-11-01
fnPxkuFIA48,bruno mars lady gaga,2024-11-01
fnPxkuFIA48,bruno mars lady gaga die with a smile,2024-11-01
fnPxkuFIA48,die with a smile,2024-11-01
fnPxkuFIA48,lady gaga bruno mars live,2024-11-01
fnPxkuFIA48,die with a smile live,2024-11-01
fnPxkuFIA48,lady gaga die with a smile,2024-11-01
fnPxkuFIA48,bruno mars die with a smile,2024-11-01
pm_G1sXjUIA,[none],2024-11-01
Nj4uLGRmuok,[none],2024-11-01
dn2XZVJrpIY,Joyca,2024-11-01
dn2XZVJrpIY,video,2024-11-01
dn2XZVJrpIY,reaction,2024-11-01
dn2XZVJrpIY,Français,2024-11-01
dn2XZVJrpIY,ombre et lumiere,2024-11-01
dn2XZVJrpIY,sécurité maison,2024-11-01
dn2XZVJrpIY,protection maison,2024-11-01
dn2XZVJrpIY,halloween,2024-11-01
nq1xPWDkSRo,Skate Park,2024-11-01
nq1xPWDkSRo,Destruction,2024-11-01
nq1xPWDkSRo,Fin,2024-11-01
nq1xPWDkSRo,Philippecantenot,2024-11-01
-QKbH3Jd9kg,[none],2024-11-01
zyue702zZIQ,gota,2024-11-01
zyue702zZIQ,gotaga,2024-11-01
zyue702zZIQ,mygota,2024-11-01
zyue702zZIQ,the,2024-11-01
zyue702zZIQ,french,2024-11-01
zyue702zZIQ,monster,2024-11-01
zyue702zZIQ,pc,2024-11-01
zyue702zZIQ,ps4,2024-11-01
zyue702zZIQ,gameplay,2024-11-01
zyue702zZIQ,xbox,2024-11-01
zyue702zZIQ,joueur pro,2024-11-01
zyue702zZIQ,professional player,2024-11-01
zyue702zZIQ,france,2024-11-01
zyue702zZIQ,fr,2024-11-01
ZC-egC-ElAU,brawl stars,2024-11-01
ZC-egC-ElAU,mobile game,2024-11-01
ZC-egC-ElAU,mobile strategy game,2024-11-01
ZC-egC-ElAU,mobile rpg,2024-11-01
ZC-egC-ElAU,mobile battle royale,2024-11-01
ZC-egC-ElAU,battle royale,2024-11-01
ZC-egC-ElAU,supercell game,2024-11-01
ZC-egC-ElAU,bswf,2024-11-01
ZC-egC-ElAU,brawl world finals,2024-11-01
Tv16uBaDzQA,[none],2024-11-01
rMKCGIsg2D4,yt:cc=on,2024-11-01
GjMEyUUul_Y,black ops 6,2024-11-01
GjMEyUUul_Y,call of duty,2024-11-01
GjMEyUUul_Y,black ops 6 gameplay,2024-11-01
GjMEyUUul_Y,black ops 6 multiplayer,2024-11-01
GjMEyUUul_Y,call of duty black ops 6,2024-11-01
GjMEyUUul_Y,black ops 6 camouflage,2024-11-01
GjMEyUUul_Y,black ops 6 prestige 1,2024-11-01
GjMEyUUul_Y,prestige 1,2024-11-01
GjMEyUUul_Y,black ops 6 avis,2024-11-01
kGJiTw0ZMtw,Foot,2024-11-01
kGJiTw0ZMtw,Football,2024-11-01
kGJiTw0ZMtw,résumé,2024-11-01
kGJiTw0ZMtw,highlights,2024-11-01
kGJiTw0ZMtw,but,2024-11-01
kGJiTw0ZMtw,buts,2024-11-01
kGJiTw0ZMtw,Real madrid,2024-11-01
kGJiTw0ZMtw,real,2024-11-01
kGJiTw0ZMtw,madrid,2024-11-01
kGJiTw0ZMtw,courtois,2024-11-01
kGJiTw0ZMtw,valverde,2024-11-01
kGJiTw0ZMtw,vinicius,2024-11-01
kGJiTw0ZMtw,rodrygo,2024-11-01
kGJiTw0ZMtw,carvajal,2024-11-01
kGJiTw0ZMtw,ferland mendy,2024-11-01
kGJiTw0ZMtw,Eduardo Camavinga,2024-11-01
kGJiTw0ZMtw,Aurelien Tchouameni,2024-11-01
kGJiTw0ZMtw,Antonio Rudiger,2024-11-01
kGJiTw0ZMtw,jude bellingham,2024-11-01
kGJiTw0ZMtw,kylian mbappé,2024-11-01
kGJiTw0ZMtw,mbappé,2024-11-01
kGJiTw0ZMtw,arda Güler,2024-11-01
kGJiTw0ZMtw,Güler,2024-11-01
kGJiTw0ZMtw,brahim diaz,2024-11-01
kGJiTw0ZMtw,endrick,2024-11-01
kGJiTw0ZMtw,FC Barcelone,2024-11-01
kGJiTw0ZMtw,Barça,2024-11-01
kGJiTw0ZMtw,Marc-Andre ter Stegen,2024-11-01
kGJiTw0ZMtw,Jules Kounde,2024-11-01
kGJiTw0ZMtw,Frenkie De Jong,2024-11-01
kGJiTw0ZMtw,Alejandro Balde,2024-11-01
kGJiTw0ZMtw,Gavi,2024-11-01
kGJiTw0ZMtw,Lamine Yamal,2024-11-01
kGJiTw0ZMtw,Robert Lewandowski,2024-11-01
kGJiTw0ZMtw,Pedri,2024-11-01
kGJiTw0ZMtw,Ferran Torres,2024-11-01
kGJiTw0ZMtw,Ansu Fati,2024-11-01
kGJiTw0ZMtw,Ronald Araujo,2024-11-01
kGJiTw0ZMtw,Raphinha,2024-11-01
kGJiTw0ZMtw,casado,2024-11-01
kGJiTw0ZMtw,inaki pena,2024-11-01
kGJiTw0ZMtw,fermin torres,2024-11-01
T-vi7mNScPI,ballon d'or,2024-11-01
T-vi7mNScPI,rodri,2024-11-01
T-vi7mNScPI,vinicius,2024-11-01
T-vi7mNScPI,riles,2024-11-01
T-vi7mNScPI,les vidéos de riles,2024-11-01
T-vi7mNScPI,scandale,2024-11-01
T-vi7mNScPI,honte,2024-11-01
T-vi7mNScPI,vol,2024-11-01
T-vi7mNScPI,real madrid,2024-11-01
g6M_YHex0Wc,HugoDécrypte,2024-11-01
g6M_YHex0Wc,Hugo,2024-11-01
g6M_YHex0Wc,Travers,2024-11-01
g6M_YHex0Wc,Hugo Travers,2024-11-01
g6M_YHex0Wc,Actus,2024-11-01
g6M_YHex0Wc,Reportage,2024-11-01
g6M_YHex0Wc,Documentaire,2024-11-01
g6M_YHex0Wc,Actus du jour,2024-11-01
dW3LFibXOHc,[none],2024-11-01
9keP04yUXcc,scoot2street,2024-11-01
9keP04yUXcc,scoot 2 street,2024-11-01
9keP04yUXcc,scoot de street,2024-11-01
9keP04yUXcc,s2s,2024-11-01
9keP04yUXcc,paris marseille,2024-11-01
9keP04yUXcc,trottinette freestyle,2024-11-01
9keP04yUXcc,7 Jours pour faire Paris - Marseille en Voiture pour Enfant ?,2024-11-01
9keP04yUXcc,voiture electrique,2024-11-01
9keP04yUXcc,voiture pour enfant,2024-11-01
9keP04yUXcc,voiture,2024-11-01
9keP04yUXcc,automobile,2024-11-01
9keP04yUXcc,voiture electrique enfant,2024-11-01
9keP04yUXcc,je traverse la france,2024-11-01
hCcwCv3G1FQ,Tyler,2024-11-01
hCcwCv3G1FQ,The Creator Daniel Caesar CHROMAKOPIA St. Chroma,2024-11-01
zxtShdF2dyg,snaptrox,2024-11-01
zxtShdF2dyg,nico la,2024-11-01
zxtShdF2dyg,nico,2024-11-01
zxtShdF2dyg,evan,2024-11-01
zxtShdF2dyg,pape san,2024-11-01
zxtShdF2dyg,papesan,2024-11-01
zxtShdF2dyg,snaptrox échange,2024-11-01
zxtShdF2dyg,qui fera le meilleur échange,2024-11-01
KyEHjUXzKow,Pokémon,2024-11-01
KyEHjUXzKow,Pokemon,2024-11-01
KyEHjUXzKow,Écarlate,2024-11-01
KyEHjUXzKow,Violet,2024-11-01
KyEHjUXzKow,Scarlet,2024-11-01
KyEHjUXzKow,Astuces,2024-11-01
KyEHjUXzKow,Théorie,2024-11-01
KyEHjUXzKow,Capture,2024-11-01
y8auoNALjSI,amixem,2024-11-01
y8auoNALjSI,humour,2024-11-01
y8auoNALjSI,delire,2024-11-01
y8auoNALjSI,publicité,2024-11-01
y8auoNALjSI,promesses,2024-11-01
y8auoNALjSI,mensonges,2024-11-01
y8auoNALjSI,tests,2024-11-01
y8auoNALjSI,fails,2024-11-01
elLLBKQztsI,PSG,2024-11-01
elLLBKQztsI,PARIS SAINT-GERMAIN,2024-11-01
elLLBKQztsI,PARIS,2024-11-01
elLLBKQztsI,FOOTBALL,2024-11-01
elLLBKQztsI,Gianluigi Donnarumma,2024-11-01
elLLBKQztsI,Achraf Hakimi,2024-11-01
elLLBKQztsI,Presnel Kimpembe,2024-11-01
elLLBKQztsI,Marquinhos,2024-11-01
elLLBKQztsI,Nuno Mendes,2024-11-01
elLLBKQztsI,Nordi Mukiele,2024-11-01
elLLBKQztsI,Fabian Ruiz,2024-11-01
elLLBKQztsI,Danilo Pereira,2024-11-01
elLLBKQztsI,Vitinha,2024-11-01
elLLBKQztsI,Carlos Soler,2024-11-01
elLLBKQztsI,No Comment,2024-11-01
elLLBKQztsI,Inside,2024-11-01
elLLBKQztsI,Highlights,2024-11-01
elLLBKQztsI,Skill,2024-11-01
elLLBKQztsI,Training,2024-11-01
elLLBKQztsI,Goal,2024-11-01
elLLBKQztsI,Interview,2024-11-01
elLLBKQztsI,Warren,2024-11-01
elLLBKQztsI,Zaïre-Emery,2024-11-01
elLLBKQztsI,Ugarte,2024-11-01
elLLBKQztsI,Kang-In Lee,2024-11-01
elLLBKQztsI,Kolo Muani,2024-11-01
elLLBKQztsI,Dembélé,2024-11-01
elLLBKQztsI,Lucas Hernandez,2024-11-01
elLLBKQztsI,Hernandez,2024-11-01
elLLBKQztsI,Asensio,2024-11-01
elLLBKQztsI,Tenas,2024-11-01
elLLBKQztsI,Skriniar,2024-11-01
elLLBKQztsI,Beraldo,2024-11-01
elLLBKQztsI,Moscardo,2024-11-01
elLLBKQztsI,Mayulu,2024-11-01
elLLBKQztsI,Barcola,2024-11-01
elLLBKQztsI,Randal,2024-11-01
elLLBKQztsI,Gonçalo Ramos,2024-11-01
elLLBKQztsI,Safonov,2024-11-01
elLLBKQztsI,Luis Enrique,2024-11-01
elLLBKQztsI,France,2024-11-01
elLLBKQztsI,이강인,2024-11-01
elLLBKQztsI,João Neves,2024-11-01
elLLBKQztsI,Pacho,2024-11-01
elLLBKQztsI,désiré doué,2024-11-01
WGol0kWjSxU,foot,2024-11-01
WGol0kWjSxU,football,2024-11-01
WGol0kWjSxU,streaming,2024-11-01
WGol0kWjSxU,direct,2024-11-01
WGol0kWjSxU,match,2024-11-01
WGol0kWjSxU,sowdred,2024-11-01
WGol0kWjSxU,ligue 1,2024-11-01
WGol0kWjSxU,classico,2024-11-01
WGol0kWjSxU,paris saint germain,2024-11-01
WGol0kWjSxU,paris sg,2024-11-01
WGol0kWjSxU,paris,2024-11-01
WGol0kWjSxU,psg,2024-11-01
WGol0kWjSxU,olympique de marseille,2024-11-01
WGol0kWjSxU,marseille,2024-11-01
WGol0kWjSxU,om,2024-11-01
WGol0kWjSxU,psg om,2024-11-01
WGol0kWjSxU,psg vs om,2024-11-01
WGol0kWjSxU,paris om,2024-11-01
WGol0kWjSxU,paris vs om,2024-11-01
WGol0kWjSxU,paris sg om,2024-11-01
WGol0kWjSxU,paris sg vs om,2024-11-01
WGol0kWjSxU,om psg,2024-11-01
WGol0kWjSxU,psg marseille,2024-11-01
WGol0kWjSxU,psg vs marseille,2024-11-01
WGol0kWjSxU,paris marseille,2024-11-01
WGol0kWjSxU,paris vs marseille,2024-11-01
WGol0kWjSxU,match en direct,2024-11-01
WGol0kWjSxU,matche en direct,2024-11-01
WGol0kWjSxU,match en direct aujourd-hui,2024-11-01
WGol0kWjSxU,psg om live,2024-11-01
WGol0kWjSxU,psg om en direct,2024-11-01
WGol0kWjSxU,psg marseille live,2024-11-01
WGol0kWjSxU,paris marseille live,2024-11-01
WGol0kWjSxU,live psg om,2024-11-01
WGol0kWjSxU,psg live,2024-11-01
WGol0kWjSxU,om live,2024-11-01
WGol0kWjSxU,psg match,2024-11-01
WGol0kWjSxU,dazn,2024-11-01
eFJseauOO8A,Jeux vidéo,2024-11-01
eFJseauOO8A,Jeu vidéo,2024-11-01
eFJseauOO8A,Gaming,2024-11-01
eFJseauOO8A,Game,2024-11-01
eFJseauOO8A,portal,2024-11-01
eFJseauOO8A,zelda tears of the kingdom,2024-11-01
eFJseauOO8A,half life 2,2024-11-01
eFJseauOO8A,fifa,2024-11-01
MesWtDPzFLA,Serie A,2024-11-01
MesWtDPzFLA,Dybala,2024-11-01
MesWtDPzFLA,highlights,2024-11-01
MesWtDPzFLA,Juventus,2024-11-01
MesWtDPzFLA,AC Milan,2024-11-01
MesWtDPzFLA,Inter Milan,2024-11-01
MesWtDPzFLA,Napoli,2024-11-01
MesWtDPzFLA,Roma,2024-11-01
MesWtDPzFLA,goals,2024-11-01
MesWtDPzFLA,full highlights,2024-11-01
MesWtDPzFLA,watch,2024-11-01
MesWtDPzFLA,partita,2024-11-01
MesWtDPzFLA,migliori gol,2024-11-01
MesWtDPzFLA,gol del mese,2024-11-01
MesWtDPzFLA,calcio,2024-11-01
MesWtDPzFLA,Italia,2024-11-01
MesWtDPzFLA,lukaku,2024-11-01
MesWtDPzFLA,Lazio,2024-11-01
MesWtDPzFLA,highlights serie a,2024-11-01
MesWtDPzFLA,highlights inter,2024-11-01
MesWtDPzFLA,highlights juventus,2024-11-01
MesWtDPzFLA,highlights milan,2024-11-01
MesWtDPzFLA,highlights juve,2024-11-01
MesWtDPzFLA,highlights roma,2024-11-01
MesWtDPzFLA,lautaro,2024-11-01
MesWtDPzFLA,lautaro martinez,2024-11-01
MesWtDPzFLA,inter,2024-11-01
MesWtDPzFLA,juventus,2024-11-01
MesWtDPzFLA,juve,2024-11-01
MesWtDPzFLA,liga italiana,2024-11-01
MesWtDPzFLA,liga italia,2024-11-01
MesWtDPzFLA,lega italiana,2024-11-01
MesWtDPzFLA,lega italia,2024-11-01
g797wzW1euU,sofyan,2024-11-01
g797wzW1euU,sofian,2024-11-01
g797wzW1euU,sofiane,2024-11-01
g797wzW1euU,cinéma,2024-11-01
g797wzW1euU,black mirror,2024-11-01
g797wzW1euU,netflix,2024-11-01
g797wzW1euU,2024,2024-11-01
g797wzW1euU,prédiction,2024-11-01
g797wzW1euU,elon musk,2024-11-01
g797wzW1euU,neuralink,2024-11-01
g797wzW1euU,saison,2024-11-01
g797wzW1euU,série,2024-11-01
g797wzW1euU,serie,2024-11-01
1GMrpY1YAMI,ballon d'or 2024,2024-11-01
1GMrpY1YAMI,ballon d'or live,2024-11-01
1GMrpY1YAMI,ballon d'or 2024 live,2024-11-01
1GMrpY1YAMI,ballon d'or 2024 direct,2024-11-01
1GMrpY1YAMI,ballon d'or 2024 en direct,2024-11-01
1GMrpY1YAMI,ceremonie ballon d'or,2024-11-01
1GMrpY1YAMI,ceremonie ballon d'or 2024,2024-11-01
1GMrpY1YAMI,ceremonie ballon d'or 2024 live,2024-11-01
1GMrpY1YAMI,vinicius ballon d'or,2024-11-01
1GMrpY1YAMI,lequipe ballon d'or 2024,2024-11-01
1GMrpY1YAMI,ballon d'or,2024-11-01
1GMrpY1YAMI,ceremonie ballon d'or live,2024-11-01
1GMrpY1YAMI,ceremonie ballon d'or 2024 en direct,2024-11-01
1GMrpY1YAMI,ceremonie ballon d'or en direct,2024-11-01
1GMrpY1YAMI,remise ballon d'or 2024,2024-11-01
1GMrpY1YAMI,vini ballon d'or 2024,2024-11-01
1GMrpY1YAMI,l'equipe,2024-11-01
1GMrpY1YAMI,france football,2024-11-01
1GMrpY1YAMI,l'equipe ballon d'or 2024,2024-11-01
1GMrpY1YAMI,live ballon d'or 2024,2024-11-01
E9cM_-apwCo,nico,2024-11-01
E9cM_-apwCo,flamby,2024-11-01
E9cM_-apwCo,port aventura,2024-11-01
E9cM_-apwCo,attraction,2024-11-01
E9cM_-apwCo,sensation,2024-11-01
E9cM_-apwCo,fete foraine,2024-11-01
E9cM_-apwCo,manege,2024-11-01
E9cM_-apwCo,espagne,2024-11-01
IjTtFzgSFys,[none],2024-11-01
EVojhWRPOOc,OM,2024-11-01
EVojhWRPOOc,Olympique de Marseille,2024-11-01
EVojhWRPOOc,Football,2024-11-01
EVojhWRPOOc,Ligue 1,2024-11-01
EVojhWRPOOc,Mercato OM,2024-11-01
Yo0SRlDgCPs,[none],2024-11-01
t3JgvbchVYs,Droitufc,2024-11-01
t3JgvbchVYs,sports de combat,2024-11-01
t3JgvbchVYs,mma,2024-11-01
t3JgvbchVYs,ufc,2024-11-01
t3JgvbchVYs,chimaev,2024-11-01
t3JgvbchVYs,ufc308,2024-11-01
t3JgvbchVYs,whittaker,2024-11-01
tfabFvr3JWM,#TANALAND,2024-11-01
tfabFvr3JWM,#polska,2024-11-01
tfabFvr3JWM,#tootatis,2024-11-01
tfabFvr3JWM,#lucile,2024-11-01
tfabFvr3JWM,#tana,2024-11-01
C-2T6qBWWy8,[none],2024-11-01
IKmKJdYHDpQ,nba,2024-11-01
IKmKJdYHDpQ,basketball,2024-11-01
IKmKJdYHDpQ,basket,2024-11-01
IKmKJdYHDpQ,nba extra,2024-11-01
IKmKJdYHDpQ,wembanyama,2024-11-01
IKmKJdYHDpQ,victor wembanyama,2024-11-01
IKmKJdYHDpQ,wemby,2024-11-01
IKmKJdYHDpQ,spurs,2024-11-01
IKmKJdYHDpQ,san antonio spurs,2024-11-01
IKmKJdYHDpQ,houston rockets,2024-11-01
DIWsSpvHj8o,brawl stars,2024-11-01
DIWsSpvHj8o,mobile game,2024-11-01
DIWsSpvHj8o,battle royale,2024-11-01
DIWsSpvHj8o,angels,2024-11-01
DIWsSpvHj8o,demons,2024-11-01
DIWsSpvHj8o,epic,2024-11-01
DIWsSpvHj8o,angelic,2024-11-01
DIWsSpvHj8o,demonic,2024-11-01
DIWsSpvHj8o,brawl talk,2024-11-01
DIWsSpvHj8o,brawl,2024-11-01
DIWsSpvHj8o,dani,2024-11-01
DIWsSpvHj8o,drew,2024-11-01
DIWsSpvHj8o,marzio,2024-11-01
DIWsSpvHj8o,skins,2024-11-01
DIWsSpvHj8o,game mode,2024-11-01
kEw-InUtcEY,squeezie best of,2024-11-01
kEw-InUtcEY,squeezie moments marrants,2024-11-01
kEw-InUtcEY,squeezie compilation,2024-11-01
NrUlydECU-8,JYP Entertainment,2024-11-01
NrUlydECU-8,JYP,2024-11-01
NrUlydECU-8,ITZY,2024-11-01
NrUlydECU-8,있지,2024-11-01
NrUlydECU-8,イッチ,2024-11-01
NrUlydECU-8,예지,2024-11-01
NrUlydECU-8,리아,2024-11-01
NrUlydECU-8,류진,2024-11-01
NrUlydECU-8,채령,2024-11-01
NrUlydECU-8,유나,2024-11-01
NrUlydECU-8,YEJI,2024-11-01
NrUlydECU-8,LIA,2024-11-01
NrUlydECU-8,RYUJIN,2024-11-01
NrUlydECU-8,CHAERYEONG,2024-11-01
NrUlydECU-8,YUNA,2024-11-01
NrUlydECU-8,イェジ,2024-11-01
NrUlydECU-8,リア,2024-11-01
NrUlydECU-8,リュジン,2024-11-01
NrUlydECU-8,チェリョン,2024-11-01
NrUlydECU-8,ユナ,2024-11-01
NrUlydECU-8,อิทจี,2024-11-01
NrUlydECU-8,เยจี,2024-11-01
NrUlydECU-8,ลีอา,2024-11-01
NrUlydECU-8,รยูจิน,2024-11-01
NrUlydECU-8,แชรยอง,2024-11-01
NrUlydECU-8,ยูนา,2024-11-01
NrUlydECU-8,ITZY VIDEOS,2024-11-01
NrUlydECU-8,MV,2024-11-01
NrUlydECU-8,ITZY MV,2024-11-01
NrUlydECU-8,ITZY MUSIC VIDEOS,2024-11-01
NrUlydECU-8,Teaser,2024-11-01
NrUlydECU-8,ITZY Teaser,2024-11-01
NrUlydECU-8,IT'z Different,2024-11-01
NrUlydECU-8,IT'z ICY,2024-11-01
NrUlydECU-8,IT'z ME,2024-11-01
NrUlydECU-8,Not Shy,2024-11-01
NrUlydECU-8,GUESS WHO,2024-11-01
NrUlydECU-8,CRAZY IN LOVE,2024-11-01
NrUlydECU-8,DALLA DALLA,2024-11-01
NrUlydECU-8,ICY,2024-11-01
NrUlydECU-8,WANNABE,2024-11-01
NrUlydECU-8,마.피.아.IN THE MORNING,2024-11-01
NrUlydECU-8,LOCO,2024-11-01
NrUlydECU-8,ITZY?ITZY!,2024-11-01
NrUlydECU-8,ITZY CHECKMATE,2024-11-01
NrUlydECU-8,CHECKMATE,2024-11-01
NrUlydECU-8,ITZY COMEBACK,2024-11-01
NrUlydECU-8,SNEAKERS,2024-11-01
NrUlydECU-8,Boys Like You,2024-11-01
NrUlydECU-8,CHESHIRE,2024-11-01
NrUlydECU-8,KILL MY DOUBT,2024-11-01
NrUlydECU-8,CAKE,2024-11-01
NrUlydECU-8,BORN TO BE,2024-11-01
NrUlydECU-8,UNTOUCHABLE,2024-11-01
NrUlydECU-8,GOLD,2024-11-01
NrUlydECU-8,Imaginary Friend,2024-11-01
P7uVxE_Pkw8,debordo leekunfa,2024-11-01
P7uVxE_Pkw8,djeneba djaba,2024-11-01
-J_w9K6DgRo,미사모,2024-11-01
-J_w9K6DgRo,MISAMO,2024-11-01
-J_w9K6DgRo,미사모 Identity,2024-11-01
-J_w9K6DgRo,MISAMO Identity,2024-11-01
-J_w9K6DgRo,미사모 Identity MV,2024-11-01
-J_w9K6DgRo,MISAMO Identity M/V,2024-11-01
-J_w9K6DgRo,미사모 2집,2024-11-01
-J_w9K6DgRo,MISAMO 2nd Mini Album,2024-11-01
-J_w9K6DgRo,미사모 Haute Couture,2024-11-01
-J_w9K6DgRo,MISAMO Haute Couture,2024-11-01
fe_TSWDt60I,charles et melanie,2024-11-01
fe_TSWDt60I,charles & mélanie,2024-11-01
fe_TSWDt60I,melanie buffetaud,2024-11-01
fe_TSWDt60I,charles poujade,2024-11-01
fe_TSWDt60I,charles mega mur,2024-11-01
fe_TSWDt60I,charles ninja warrior,2024-11-01
fe_TSWDt60I,charles ninja,2024-11-01
fe_TSWDt60I,joyca,2024-11-01
fe_TSWDt60I,grappin,2024-11-01
fe_TSWDt60I,on test des grappins,2024-11-01
fe_TSWDt60I,batman grappin,2024-11-01
fe_TSWDt60I,joyca tiktok,2024-11-01
fe_TSWDt60I,joyca charles melanie,2024-11-01
9CMP22eZ8-Y,2024/25,2024-11-01
9CMP22eZ8-Y,football,2024-11-01
9CMP22eZ8-Y,futebol,2024-11-01
9CMP22eZ8-Y,goals,2024-11-01
9CMP22eZ8-Y,golos,2024-11-01
9CMP22eZ8-Y,highlights,2024-11-01
9CMP22eZ8-Y,liga portugal,2024-11-01
9CMP22eZ8-Y,liga portugal betclic,2024-11-01
9CMP22eZ8-Y,liga portuguesa,2024-11-01
9CMP22eZ8-Y,portugal,2024-11-01
9CMP22eZ8-Y,portuguese league,2024-11-01
9CMP22eZ8-Y,primeira liga,2024-11-01
9CMP22eZ8-Y,resumo,2024-11-01
9CMP22eZ8-Y,season 24/25,2024-11-01
9CMP22eZ8-Y,soccer,2024-11-01
9CMP22eZ8-Y,sp:dt=2024-10-27T18:00:00Z,2024-11-01
9CMP22eZ8-Y,sp:li=port,2024-11-01
9CMP22eZ8-Y,sp:st=soccer,2024-11-01
9CMP22eZ8-Y,sp:ti:away=RAFC,2024-11-01
9CMP22eZ8-Y,sp:ti:home=SLB,2024-11-01
9CMP22eZ8-Y,sp:ty=high,2024-11-01
UjRikc_ldIQ,sfm animation,2024-11-01
UjRikc_ldIQ,skibidi toilet vs cameramen,2024-11-01
UjRikc_ldIQ,skibidi toilet,2024-11-01
UjRikc_ldIQ,titan cameraman,2024-11-01
UjRikc_ldIQ,titan speakerman,2024-11-01
UjRikc_ldIQ,skibidi toilet all episodes,2024-11-01
UjRikc_ldIQ,titan tv man,2024-11-01
WTAzkpreixU,Guillaume et Kim,2024-11-01
WTAzkpreixU,brawl stars android,2024-11-01
WTAzkpreixU,brawl stars multi,2024-11-01
WTAzkpreixU,brawl stars duo,2024-11-01
WTAzkpreixU,brawl stars legendaires,2024-11-01
WTAzkpreixU,brawl talk,2024-11-01
WTAzkpreixU,new brawler,2024-11-01
WTAzkpreixU,pack opening,2024-11-01
WTAzkpreixU,brawl pass,2024-11-01
WTAzkpreixU,brawl stars gratuit,2024-11-01
WTAzkpreixU,brawler gratuit,2024-11-01
WTAzkpreixU,skin gratuit,2024-11-01
WTAzkpreixU,brawler legendaire,2024-11-01
rhTZTy1rZhw,Riot Games,2024-11-01
rhTZTy1rZhw,Riot,2024-11-01
rhTZTy1rZhw,League of Legends,2024-11-01
rhTZTy1rZhw,League,2024-11-01
rhTZTy1rZhw,LoL,2024-11-01
rhTZTy1rZhw,MOBA,2024-11-01
rhTZTy1rZhw,league of legends,2024-11-01
rhTZTy1rZhw,league,2024-11-01
rhTZTy1rZhw,lol,2024-11-01
rhTZTy1rZhw,ambessa,2024-11-01
rhTZTy1rZhw,ambessa cinematic,2024-11-01
rhTZTy1rZhw,arcane ambessa,2024-11-01
rhTZTy1rZhw,new champion,2024-11-01
rhTZTy1rZhw,arcane champion,2024-11-01
rhTZTy1rZhw,league ambessa,2024-11-01
rhTZTy1rZhw,lol ambessa,2024-11-01
rhTZTy1rZhw,arcane music,2024-11-01
rhTZTy1rZhw,arcane music video,2024-11-01
rhTZTy1rZhw,fortiche,2024-11-01
rhTZTy1rZhw,league ambessa music,2024-11-01
rhTZTy1rZhw,league ambessa theme song,2024-11-01
rhTZTy1rZhw,champion theme,2024-11-01
rhTZTy1rZhw,league theme,2024-11-01
rhTZTy1rZhw,champ theme,2024-11-01
rhTZTy1rZhw,music theme,2024-11-01
rhTZTy1rZhw,champion music,2024-11-01
rhTZTy1rZhw,league music,2024-11-01
rhTZTy1rZhw,riot music,2024-11-01
JjpGvjy0Gxk,Apple,2024-11-01
JjpGvjy0Gxk,Mac,2024-11-01
JjpGvjy0Gxk,Mac mini,2024-11-01
JjpGvjy0Gxk,M4,2024-11-01
JjpGvjy0Gxk,M4 Pro,2024-11-01
JjpGvjy0Gxk,Apple silicon,2024-11-01
JjpGvjy0Gxk,Apple Event,2024-11-01
JjpGvjy0Gxk,ports,2024-11-01
JjpGvjy0Gxk,desktop,2024-11-01
JjpGvjy0Gxk,Apple Intelligence,2024-11-01
JjpGvjy0Gxk,carbon neutral,2024-11-01
JjpGvjy0Gxk,Kirsten Lepore,2024-11-01
JjpGvjy0Gxk,stop motion,2024-11-01
JjpGvjy0Gxk,mini,2024-11-01
JjpGvjy0Gxk,code complete,2024-11-01
JjpGvjy0Gxk,3 displays,2024-11-01
JjpGvjy0Gxk,cute,2024-11-01
JjpGvjy0Gxk,little,2024-11-01
JjpGvjy0Gxk,small,2024-11-01
JjpGvjy0Gxk,compact,2024-11-01
JjpGvjy0Gxk,tiny,2024-11-01
JjpGvjy0Gxk,environment,2024-11-01
JjpGvjy0Gxk,2030,2024-11-01
JjpGvjy0Gxk,iPhone,2024-11-01
JjpGvjy0Gxk,music,2024-11-01
JjpGvjy0Gxk,GarageBand,2024-11-01
JjpGvjy0Gxk,smallest,2024-11-01
JjpGvjy0Gxk,photo,2024-11-01
JjpGvjy0Gxk,Slack,2024-11-01
JjpGvjy0Gxk,Xcode,2024-11-01
JjpGvjy0Gxk,control,2024-11-01
JjpGvjy0Gxk,gaming,2024-11-01
JjpGvjy0Gxk,AI PC,2024-11-01
JjpGvjy0Gxk,houseplants,2024-11-01
JjpGvjy0Gxk,Thunderbolt,2024-11-01
fgtMfquOfd4,MrFlapix57,2024-11-01
fgtMfquOfd4,mr,2024-11-01
fgtMfquOfd4,flapix,2024-11-01
fgtMfquOfd4,57,2024-11-01
fgtMfquOfd4,fr,2024-11-01
fgtMfquOfd4,Français,2024-11-01
fgtMfquOfd4,Flapix,2024-11-01
fgtMfquOfd4,FlapixTV,2024-11-01
fgtMfquOfd4,FlapixCorp,2024-11-01
fgtMfquOfd4,Call of Duty,2024-11-01
fgtMfquOfd4,COD,2024-11-01
fgtMfquOfd4,Black Ops 6,2024-11-01
fgtMfquOfd4,BO6,2024-11-01
fgtMfquOfd4,Zombie,2024-11-01
fgtMfquOfd4,Zombies,2024-11-01
fgtMfquOfd4,Mode,2024-11-01
fgtMfquOfd4,Map,2024-11-01
fgtMfquOfd4,Guide,2024-11-01
fgtMfquOfd4,Tuto,2024-11-01
fgtMfquOfd4,Tutoriel,2024-11-01
fgtMfquOfd4,FR,2024-11-01
fgtMfquOfd4,Aide,2024-11-01
fgtMfquOfd4,Complet,2024-11-01
fgtMfquOfd4,Facile,2024-11-01
fgtMfquOfd4,Liberty Falls,2024-11-01
fgtMfquOfd4,Secret,2024-11-01
fgtMfquOfd4,Easter Egg,2024-11-01
fgtMfquOfd4,Boss Fight,2024-11-01
fgtMfquOfd4,étapes,2024-11-01
fgtMfquOfd4,quest,2024-11-01
fgtMfquOfd4,quête,2024-11-01
fgtMfquOfd4,principale,2024-11-01
fgtMfquOfd4,Zombie Fight,2024-11-01
fgtMfquOfd4,Secret principal,2024-11-01
fgtMfquOfd4,Jett gun,2024-11-01
fgtMfquOfd4,Dark Aether,2024-11-01
fgtMfquOfd4,Éther Noir,2024-11-01
eaB7nCdId0Y,Apple,2024-11-01
eaB7nCdId0Y,Apple announcement,2024-11-01
eaB7nCdId0Y,keynote,2024-11-01
eaB7nCdId0Y,iMac announcement,2024-11-01
eaB7nCdId0Y,iMac,2024-11-01
eaB7nCdId0Y,Apple Intelligence,2024-11-01
eaB7nCdId0Y,October 2024,2024-11-01
z5d94mOS0GY,Joé Dwèt Filé,2024-11-01
z5d94mOS0GY,joedwetfileclips,2024-11-01
z5d94mOS0GY,joe,2024-11-01
z5d94mOS0GY,dwet,2024-11-01
z5d94mOS0GY,file,2024-11-01
z5d94mOS0GY,chaine youtube joe dwet file,2024-11-01
DnsPZ5rbars,Real madrid,2024-11-01
DnsPZ5rbars,barcelone,2024-11-01
DnsPZ5rbars,clasico,2024-11-01
DnsPZ5rbars,classico,2024-11-01
DnsPZ5rbars,riles,2024-11-01
DnsPZ5rbars,les vidéos de riles,2024-11-01
DnsPZ5rbars,résumé,2024-11-01
DnsPZ5rbars,highlights,2024-11-01
DnsPZ5rbars,highligts,2024-11-01
DnsPZ5rbars,bein,2024-11-01
DnsPZ5rbars,liga,2024-11-01
DnsPZ5rbars,fin,2024-11-01
or8ZH-1eYkQ,Arsenal,2024-11-01
or8ZH-1eYkQ,Arsenal vs. Liverpool,2024-11-01
or8ZH-1eYkQ,Liverpool,2024-11-01
oYKPGZq8HhI,Basketball,2024-11-01
oYKPGZq8HhI,G League,2024-11-01
oYKPGZq8HhI,NBA,2024-11-01
oYKPGZq8HhI,San Antonio Spurs,2024-11-01
oYKPGZq8HhI,Victor Wembanyama,2024-11-01
oYKPGZq8HhI,game-0022400094,2024-11-01
oYKPGZq8HhI,player-1641705,2024-11-01
oYKPGZq8HhI,team-1610612759,2024-11-01
t_kWOKjXHQA,F1,2024-11-01
t_kWOKjXHQA,Formula One,2024-11-01
t_kWOKjXHQA,Formula 1,2024-11-01
t_kWOKjXHQA,Sports,2024-11-01
t_kWOKjXHQA,Sport,2024-11-01
t_kWOKjXHQA,Action,2024-11-01
t_kWOKjXHQA,GP,2024-11-01
t_kWOKjXHQA,Grand Prix,2024-11-01
t_kWOKjXHQA,Auto Racing,2024-11-01
t_kWOKjXHQA,Motor Racing,2024-11-01
t_kWOKjXHQA,Mexico City Grand Prix,2024-11-01
t_kWOKjXHQA,Mexico City,2024-11-01
t_kWOKjXHQA,Carlos Sainz,2024-11-01
8h3w0-Oq8bg,Star,2024-11-01
8h3w0-Oq8bg,Academy,2024-11-01
8h3w0-Oq8bg,Star Academy,2024-11-01
8h3w0-Oq8bg,Clip,2024-11-01
8h3w0-Oq8bg,École,2024-11-01
r4HrgittfLk,football,2024-11-01
r4HrgittfLk,messi,2024-11-01
r4HrgittfLk,ronaldo,2024-11-01
r4HrgittfLk,soccer,2024-11-01
r4HrgittfLk,les outsiderz,2024-11-01
r4HrgittfLk,outsiderz,2024-11-01
r4HrgittfLk,chelsea,2024-11-01
r4HrgittfLk,bayern,2024-11-01
r4HrgittfLk,manutd,2024-11-01
r4HrgittfLk,mancity,2024-11-01
r4HrgittfLk,real madrid,2024-11-01
r4HrgittfLk,barca,2024-11-01
r4HrgittfLk,cristiano,2024-11-01
r4HrgittfLk,barça,2024-11-01
r4HrgittfLk,psg,2024-11-01
r4HrgittfLk,mbappe neymar,2024-11-01
r4HrgittfLk,champions league,2024-11-01
r4HrgittfLk,premier league,2024-11-01
r4HrgittfLk,ligue 1,2024-11-01
r4HrgittfLk,serie a,2024-11-01
r4HrgittfLk,la liga,2024-11-01
r4HrgittfLk,fifa,2024-11-01
DO_iGu_U9xo,poppy playtime,2024-11-01
DO_iGu_U9xo,ppt,2024-11-01
DO_iGu_U9xo,poppy playtime chapter 4,2024-11-01
DO_iGu_U9xo,chapter 4,2024-11-01
DO_iGu_U9xo,huggy wuggy,2024-11-01
DO_iGu_U9xo,yarnaby,2024-11-01
DO_iGu_U9xo,mommy long legs,2024-11-01
DO_iGu_U9xo,catnap,2024-11-01
DO_iGu_U9xo,smiling critters,2024-11-01
DO_iGu_U9xo,nightmare critters,2024-11-01
DO_iGu_U9xo,mob entertainment,2024-11-01
DO_iGu_U9xo,mob games,2024-11-01
FAb129MWhlk,[none],2024-11-01
duKteIE_4Ws,math,2024-11-01
duKteIE_4Ws,msf,2024-11-01
duKteIE_4Ws,math se fait,2024-11-01
duKteIE_4Ws,humour,2024-11-01
duKteIE_4Ws,critique,2024-11-01
duKteIE_4Ws,cinéma,2024-11-01
duKteIE_4Ws,drôle,2024-11-01
duKteIE_4Ws,films,2024-11-01
duKteIE_4Ws,film,2024-11-01
duKteIE_4Ws,série,2024-11-01
duKteIE_4Ws,matt,2024-11-01
duKteIE_4Ws,deadpool,2024-11-01
duKteIE_4Ws,marvel,2024-11-01
duKteIE_4Ws,avengers,2024-11-01
duKteIE_4Ws,dc,2024-11-01
duKteIE_4Ws,wolverine,2024-11-01
duKteIE_4Ws,disney,2024-11-01
vxKUsQAtPs8,Michou,2024-11-01
vxKUsQAtPs8,Valouzz,2024-11-01
vxKUsQAtPs8,Vlog,2024-11-01
vxKUsQAtPs8,Team Crouton,2024-11-01
vxKUsQAtPs8,Cadeau,2024-11-01
vxKUsQAtPs8,10M,2024-11-01
vxKUsQAtPs8,10 Millions,2024-11-01
vxKUsQAtPs8,Booster pokemon,2024-11-01
vxKUsQAtPs8,set de base,2024-11-01
vxKUsQAtPs8,ed1,2024-11-01
vxKUsQAtPs8,edition 1,2024-11-01
vxKUsQAtPs8,cadeau valouzz,2024-11-01
vxKUsQAtPs8,cadeau michou,2024-11-01
vxKUsQAtPs8,elsa,2024-11-01
vxKUsQAtPs8,flamby,2024-11-01
vxKUsQAtPs8,nico,2024-11-01
vxKUsQAtPs8,dobby,2024-11-01
aGfUgLfqoxA,[none],2024-11-01
myyI6lkAoRI,Ninho,2024-11-01
myyI6lkAoRI,Niska,2024-11-01
myyI6lkAoRI,GOAT,2024-11-01
myyI6lkAoRI,Boucherie,2024-11-01
Sih0v01Wbek,Lady Gaga,2024-11-01
Sih0v01Wbek,Interscope Records,2024-11-01
Sih0v01Wbek,Pop,2024-11-01
Pq5-CalOnkc,liv,2024-11-01
Pq5-CalOnkc,live,2024-11-01
Pq5-CalOnkc,liz,2024-11-01
Pq5-CalOnkc,liz paranormal,2024-11-01
Pq5-CalOnkc,lise,2024-11-01
Pq5-CalOnkc,liv paranormal,2024-11-01
Pq5-CalOnkc,divertissement,2024-11-01
Pq5-CalOnkc,vidéo peur,2024-11-01
Pq5-CalOnkc,vidéo horreur,2024-11-01
Pq5-CalOnkc,paranormal,2024-11-01
Pq5-CalOnkc,histoire d'horreur,2024-11-01
Pq5-CalOnkc,Thread horreur,2024-11-01
Pq5-CalOnkc,horreur,2024-11-01
Pq5-CalOnkc,Fait divers,2024-11-01
Pq5-CalOnkc,histoire criminelle,2024-11-01
Pq5-CalOnkc,Histoire de crime,2024-11-01
Pq5-CalOnkc,histoire vraie,2024-11-01
Pq5-CalOnkc,histoire vraie flippante,2024-11-01
Pq5-CalOnkc,dérangeant,2024-11-01
Pq5-CalOnkc,flippant,2024-11-01
Pq5-CalOnkc,mystère,2024-11-01
Pq5-CalOnkc,true crime,2024-11-01
Pq5-CalOnkc,yeonmi park,2024-11-01
Pq5-CalOnkc,yeonmi park francais,2024-11-01
Pq5-CalOnkc,yeonmi park histoire,2024-11-01
Pq5-CalOnkc,controverse,2024-11-01
Pq5-CalOnkc,scandale,2024-11-01
Pq5-CalOnkc,corée du nord,2024-11-01
4Dr7HljrsoQ,[none],2024-11-01
fSHoePrnmMw,[none],2024-11-01
y38qQRg3UDI,NPR,2024-11-01
y38qQRg3UDI,NPR Music,2024-11-01
y38qQRg3UDI,National Public Radio,2024-11-01
y38qQRg3UDI,Live,2024-11-01
y38qQRg3UDI,Performance,2024-11-01
y38qQRg3UDI,tiny desk,2024-11-01
y38qQRg3UDI,tiny desk concert,2024-11-01
y38qQRg3UDI,tony desk,2024-11-01
y38qQRg3UDI,tiny concert,2024-11-01
Z4-g8UXa944,Born With Broken Heart,2024-11-01
Z4-g8UXa944,Damiano David,2024-11-01
yOA9DlhceMQ,[none],2024-11-01
K4fO-fBajD4,All Blacks,2024-11-01
K4fO-fBajD4,New Zealand Rugby,2024-11-01
K4fO-fBajD4,Rugby,2024-11-01
K4fO-fBajD4,Rugby Union,2024-11-01
Ddunvi2p1Eg,kevin tran,2024-11-01
Ddunvi2p1Eg,kevin tran 陈科伟,2024-11-01
Ddunvi2p1Eg,rire jaune,2024-11-01
Ddunvi2p1Eg,le rire jaune,2024-11-01
Ddunvi2p1Eg,show jaune,2024-11-01
Ddunvi2p1Eg,le show jaune,2024-11-01
Ddunvi2p1Eg,kevin tran empereur,2024-11-01
Ddunvi2p1Eg,henry tran,2024-11-01
Ddunvi2p1Eg,tokyo,2024-11-01
Ddunvi2p1Eg,japon,2024-11-01
Ddunvi2p1Eg,japan,2024-11-01
Ddunvi2p1Eg,vlog,2024-11-01
Ddunvi2p1Eg,travel,2024-11-01
Ddunvi2p1Eg,vlogs,2024-11-01
Ddunvi2p1Eg,trip,2024-11-01
Ddunvi2p1Eg,journey,2024-11-01
Ddunvi2p1Eg,asia,2024-11-01
Ddunvi2p1Eg,asian,2024-11-01
Ddunvi2p1Eg,japanese,2024-11-01
Ddunvi2p1Eg,food,2024-11-01
Ddunvi2p1Eg,dubbing,2024-11-01
Ddunvi2p1Eg,vivre au japon,2024-11-01
Ddunvi2p1Eg,vivre au japon pour un français,2024-11-01
Ddunvi2p1Eg,vivre au japon documentaire,2024-11-01
Ddunvi2p1Eg,vivre au japon sans parler japonais,2024-11-01
Ddunvi2p1Eg,japanese food,2024-11-01
Ddunvi2p1Eg,japanese culture,2024-11-01
Ddunvi2p1Eg,animation,2024-11-01
Ddunvi2p1Eg,animateur,2024-11-01
Ddunvi2p1Eg,one piece,2024-11-01
Ddunvi2p1Eg,toei,2024-11-01
Ddunvi2p1Eg,my hero academia,2024-11-01
PWjZ3p1jNho,HYBE,2024-11-01
PWjZ3p1jNho,HYBE LABELS,2024-11-01
PWjZ3p1jNho,하이브,2024-11-01
PWjZ3p1jNho,하이브레이블즈,2024-11-01
patziz3cNf0,booskap,2024-11-01
patziz3cNf0,booska-p,2024-11-01
patziz3cNf0,rap,2024-11-01
patziz3cNf0,hiphop,2024-11-01
patziz3cNf0,interview,2024-11-01
patziz3cNf0,freestyle,2024-11-01
patziz3cNf0,rap français,2024-11-01
patziz3cNf0,musique,2024-11-01
patziz3cNf0,jdr,2024-11-01
patziz3cNf0,rap fr,2024-11-01
patziz3cNf0,booska,2024-11-01
patziz3cNf0,booska p,2024-11-01
patziz3cNf0,hip hop,2024-11-01
gkwKrIlc9bQ,stupeflip,2024-11-01
gkwKrIlc9bQ,clip officiel,2024-11-01
gkwKrIlc9bQ,king ju,2024-11-01
gkwKrIlc9bQ,stupever,2024-11-01
gkwKrIlc9bQ,mc salo,2024-11-01
gkwKrIlc9bQ,tellement bon,2024-11-01
gkwKrIlc9bQ,vengeance,2024-11-01
gkwKrIlc9bQ,dtb,2024-11-01
gkwKrIlc9bQ,dans ton baladeur,2024-11-01
gkwKrIlc9bQ,cadillac,2024-11-01
gkwKrIlc9bQ,kingju,2024-11-01
gkwKrIlc9bQ,lapin,2024-11-01
gkwKrIlc9bQ,dragon accel,2024-11-01
gkwKrIlc9bQ,crou,2024-11-01
gkwKrIlc9bQ,pop-hip,2024-11-01
gkwKrIlc9bQ,pop hip,2024-11-01
gkwKrIlc9bQ,raggalloween,2024-11-01
gkwKrIlc9bQ,halloween,2024-11-01
gkwKrIlc9bQ,ragaloween,2024-11-01
gkwKrIlc9bQ,sons2ouf,2024-11-01
YTMaEM54ijw,[none],2024-11-01
lhxTqkSglaM,sir gibsy,2024-11-01
lhxTqkSglaM,sir,2024-11-01
lhxTqkSglaM,gibsy,2024-11-01
lhxTqkSglaM,sans langue de bois,2024-11-01
lhxTqkSglaM,analyse,2024-11-01
lhxTqkSglaM,analyse non constructive,2024-11-01
lhxTqkSglaM,avis,2024-11-01
lhxTqkSglaM,fr,2024-11-01
lhxTqkSglaM,cyril hanouna,2024-11-01
lhxTqkSglaM,tpmp,2024-11-01
lhxTqkSglaM,touche pas à mon poste,2024-11-01
wJIVRImbyXs,[none],2024-11-01
ZlSkIALzNbI,Stervio,2024-11-01
ZlSkIALzNbI,fr,2024-11-01
ZlSkIALzNbI,mods,2024-11-01
ZlSkIALzNbI,Farming Simulator,2024-11-01
ZlSkIALzNbI,3.0,2024-11-01
ZlSkIALzNbI,fs25,2024-11-01
ZlSkIALzNbI,decouverte,2024-11-01
ZlSkIALzNbI,episode 1,2024-11-01
ZlSkIALzNbI,test,2024-11-01
ZlSkIALzNbI,giants,2024-11-01
ZlSkIALzNbI,asia,2024-11-01
uKmaGTWmDA4,[none],2024-11-01
niIDy2QSNCI,[none],2024-11-01
_ipN0XWS60E,black ops 6,2024-11-01
_ipN0XWS60E,call of duty,2024-11-01
_ipN0XWS60E,black ops 6 gameplay,2024-11-01
_ipN0XWS60E,black ops 6 multiplayer,2024-11-01
_ipN0XWS60E,bo 6 nuketown,2024-11-01
_ipN0XWS60E,sniper,2024-11-01
_ipN0XWS60E,l96,2024-11-01
_ipN0XWS60E,gameplay sniper,2024-11-01
_ipN0XWS60E,sniper black ops 6,2024-11-01
_ipN0XWS60E,BLACK OPS 6 découverte,2024-11-01
_ipN0XWS60E,call of duty black ops 6,2024-11-01
_ipN0XWS60E,menu black ops 6,2024-11-01
8Ebqe2Dbzls,bruno mars,2024-11-01
8Ebqe2Dbzls,bruno,2024-11-01
8Ebqe2Dbzls,atlantic records,2024-11-01
8Ebqe2Dbzls,official video,2024-11-01
8Ebqe2Dbzls,pop music,2024-11-01
8Ebqe2Dbzls,R&B,2024-11-01
8Ebqe2Dbzls,funk,2024-11-01
8Ebqe2Dbzls,soul,2024-11-01
8Ebqe2Dbzls,rose,2024-11-01
8Ebqe2Dbzls,rose bruno mars,2024-11-01
8Ebqe2Dbzls,apt lyrics,2024-11-01
8Ebqe2Dbzls,rose bruno mars lyrics,2024-11-01
8Ebqe2Dbzls,bruno mars lyrics,2024-11-01
8Ebqe2Dbzls,bruno mars rose lyrics,2024-11-01
8Ebqe2Dbzls,rose apt lyrics,2024-11-01
8Ebqe2Dbzls,bruno mars apt lyrics,2024-11-01
8Ebqe2Dbzls,apt,2024-11-01
8Ebqe2Dbzls,apt.,2024-11-01
8Ebqe2Dbzls,bruno mars rose apt,2024-11-01
8Ebqe2Dbzls,apt rose bruno mars,2024-11-01
8Ebqe2Dbzls,rose bruno mars apt,2024-11-01
8Ebqe2Dbzls,meet me at the apt,2024-11-01
8Ebqe2Dbzls,rosie bruno mars,2024-11-01
8Ebqe2Dbzls,bruno mars rosie,2024-11-01
qLPih0ITYKE,Niska,2024-11-01
qLPih0ITYKE,Nisqua,2024-11-01
qLPih0ITYKE,Ninho,2024-11-01
qLPih0ITYKE,Nino,2024-11-01
qLPih0ITYKE,Un rappeur ça rap,2024-11-01
qLPih0ITYKE,Un rappeur ça rappe,2024-11-01
qLPih0ITYKE,Un rapeur sa rap,2024-11-01
qLPih0ITYKE,Niska ninho freestyle,2024-11-01
qLPih0ITYKE,GOAT,2024-11-01
WvHRn0djiAM,trash,2024-11-01
WvHRn0djiAM,histoire,2024-11-01
WvHRn0djiAM,véhicules,2024-11-01
WvHRn0djiAM,voitures,2024-11-01
WvHRn0djiAM,avion,2024-11-01
WvHRn0djiAM,bateau,2024-11-01
WvHRn0djiAM,grand,2024-11-01
WvHRn0djiAM,science,2024-11-01
3PBseakOe0U,UFC,2024-11-01
3PBseakOe0U,Gane,2024-11-01
3PBseakOe0U,Imavov,2024-11-01
3PBseakOe0U,o'malley,2024-11-01
3PBseakOe0U,pantoja,2024-11-01
3PBseakOe0U,topuria,2024-11-01
3PBseakOe0U,makhachev,2024-11-01
3PBseakOe0U,muhammad,2024-11-01
3PBseakOe0U,du plessis,2024-11-01
3PBseakOe0U,pereira,2024-11-01
3PBseakOe0U,jones,2024-11-01
3PBseakOe0U,weili,2024-11-01
3PBseakOe0U,grasso,2024-11-01
3PBseakOe0U,fiorot,2024-11-01
3PBseakOe0U,pennington,2024-11-01
3PBseakOe0U,BSD,2024-11-01
3PBseakOe0U,benoit saint denis,2024-11-01
3PBseakOe0U,gomis,2024-11-01
3PBseakOe0U,jousset,2024-11-01
3PBseakOe0U,charriere,2024-11-01
3PBseakOe0U,ziam,2024-11-01
3PBseakOe0U,cornolle,2024-11-01
3PBseakOe0U,adesanya,2024-11-01
3PBseakOe0U,oliveira,2024-11-01
3PBseakOe0U,volkanovski,2024-11-01
3PBseakOe0U,holloway,2024-11-01
3PBseakOe0U,poirier,2024-11-01
3PBseakOe0U,usman,2024-11-01
3PBseakOe0U,edwards,2024-11-01
3PBseakOe0U,chimaev,2024-11-01
3PBseakOe0U,aspinall,2024-11-01
3PBseakOe0U,yoka,2024-11-01
3PBseakOe0U,ksw,2024-11-01
3PBseakOe0U,top rank,2024-11-01
3PBseakOe0U,canelo,2024-11-01
3PBseakOe0U,mbili,2024-11-01
3PBseakOe0U,parnasse,2024-11-01
3PBseakOe0U,varela,2024-11-01
3PBseakOe0U,jambiev,2024-11-01
Qt6YiVZLhG0,Addison Rae,2024-11-01
Qt6YiVZLhG0,Aquamarine,2024-11-01
wN3fd2LU6o8,[none],2024-11-01
GrNDD4KTxdw,L2B,2024-11-01
GrNDD4KTxdw,KLN,2024-11-01
GrNDD4KTxdw,D2,2024-11-01
GrNDD4KTxdw,IDS,2024-11-01
GrNDD4KTxdw,Movie,2024-11-01
GrNDD4KTxdw,Je suis dans mon movie,2024-11-01
GrNDD4KTxdw,Moovie,2024-11-01
GrNDD4KTxdw,Clip,2024-11-01
GrNDD4KTxdw,4k video,2024-11-01
GrNDD4KTxdw,uhd,2024-11-01
GrNDD4KTxdw,4k,2024-11-01
XrrtNX7bbTI,Ninho,2024-11-01
XrrtNX7bbTI,Niska,2024-11-01
XrrtNX7bbTI,GOAT,2024-11-01
XrrtNX7bbTI,Ghetto Star,2024-11-01
A-hbsWHzfFg,[none],2024-11-01
QxTkZTLWdo4,Megan Thee Stallion,2024-11-01
QxTkZTLWdo4,Rap,2024-11-01
QxTkZTLWdo4,Houston,2024-11-01
QxTkZTLWdo4,Hottie,2024-11-01
QxTkZTLWdo4,Hip Hop 2019,2024-11-01
QxTkZTLWdo4,Hip Hop,2024-11-01
xwOWwRYKHN4,Ninho,2024-11-01
xwOWwRYKHN4,Niska,2024-11-01
xwOWwRYKHN4,GOAT,2024-11-01
xwOWwRYKHN4,Jungle,2024-11-01
sRszduw0my4,nba,2024-11-01
sRszduw0my4,basketball,2024-11-01
sRszduw0my4,basket,2024-11-01
LrmveoIa4fg,[none],2024-11-01
lHADwiOD6k8,manchester united,2024-11-01
lHADwiOD6k8,mufc,2024-11-01
lHADwiOD6k8,man utd,2024-11-01
lHADwiOD6k8,manutd,2024-11-01
lHADwiOD6k8,mu,2024-11-01
lHADwiOD6k8,ggmu,2024-11-01
lHADwiOD6k8,old trafford,2024-11-01
lHADwiOD6k8,goals,2024-11-01
lHADwiOD6k8,highlights,2024-11-01
lHADwiOD6k8,raphael varane,2024-11-01
lHADwiOD6k8,jadon sancho,2024-11-01
lHADwiOD6k8,cristiano ronaldo,2024-11-01
lHADwiOD6k8,ronaldo,2024-11-01
lHADwiOD6k8,ronaldo goals,2024-11-01
lHADwiOD6k8,david de gea,2024-11-01
lHADwiOD6k8,de gea,2024-11-01
lHADwiOD6k8,maguire,2024-11-01
lHADwiOD6k8,shaw,2024-11-01
lHADwiOD6k8,fred,2024-11-01
lHADwiOD6k8,mctominay,2024-11-01
lHADwiOD6k8,man utd goals,2024-11-01
lHADwiOD6k8,Elanga,2024-11-01
lHADwiOD6k8,Rashford,2024-11-01
lHADwiOD6k8,Marcus Rashford,2024-11-01
lHADwiOD6k8,Bruno,2024-11-01
lHADwiOD6k8,Bruno Fernandes,2024-11-01
lHADwiOD6k8,Lindelof,2024-11-01
lHADwiOD6k8,Erik ten Hag,2024-11-01
lHADwiOD6k8,Ten Hag,2024-11-01
lHADwiOD6k8,Martinez,2024-11-01
lHADwiOD6k8,Malacia,2024-11-01
lHADwiOD6k8,Eriksen,2024-11-01
lHADwiOD6k8,Casemiro,2024-11-01
lHADwiOD6k8,Antony,2024-11-01
lHADwiOD6k8,MU Highlights,2024-11-01
E6o55fxt9d8,[none],2024-11-01
ZP6NC42BhB0,Adem,2024-11-01
ZP6NC42BhB0,et,2024-11-01
ZP6NC42BhB0,bilal,2024-11-01
x0pMItRPeMY,Crash Lab,2024-11-01
x0pMItRPeMY,sciencoder,2024-11-01
x0pMItRPeMY,science coder,2024-11-01
x0pMItRPeMY,sciencecoder,2024-11-01
x0pMItRPeMY,science,2024-11-01
x0pMItRPeMY,fluide non newtonien,2024-11-01
x0pMItRPeMY,oobleck,2024-11-01
x0pMItRPeMY,scientifique,2024-11-01
x0pMItRPeMY,fluide,2024-11-01
x0pMItRPeMY,non newtonien,2024-11-01
x0pMItRPeMY,non-newtonien,2024-11-01
x0pMItRPeMY,gluant,2024-11-01
x0pMItRPeMY,liquide,2024-11-01
x0pMItRPeMY,solide,2024-11-01
x0pMItRPeMY,science 2.0,2024-11-01
x0pMItRPeMY,maïzemna,2024-11-01
x0pMItRPeMY,expliactions,2024-11-01
x0pMItRPeMY,test,2024-11-01
x0pMItRPeMY,expériences,2024-11-01
ODdSozhYF2Q,Maes,2024-11-01
ODdSozhYF2Q,FCB,2024-11-01
6WcuiubcgQ4,[none],2024-11-01
0z7JOpQpPA4,man city,2024-11-01
0z7JOpQpPA4,manchester city,2024-11-01
0z7JOpQpPA4,mcfc,2024-11-01
0z7JOpQpPA4,man city highlights,2024-11-01
0z7JOpQpPA4,man city goals,2024-11-01
0z7JOpQpPA4,city,2024-11-01
0z7JOpQpPA4,city vs,2024-11-01
0z7JOpQpPA4,man city vs,2024-11-01
0z7JOpQpPA4,man city v,2024-11-01
0z7JOpQpPA4,champions league,2024-11-01
0z7JOpQpPA4,UCL,2024-11-01
0z7JOpQpPA4,MCIvSPA,2024-11-01
0z7JOpQpPA4,Sparta Prague,2024-11-01
0z7JOpQpPA4,Group stage,2024-11-01
0z7JOpQpPA4,Haaland,2024-11-01
0z7JOpQpPA4,Haaland goal,2024-11-01
0z7JOpQpPA4,Haaland wondergoal,2024-11-01
SFddctbZzw8,Summer Walker,2024-11-01
SFddctbZzw8,LVRN/Interscope Records,2024-11-01
-WedmH_lCOw,dailyromane,2024-11-01
-WedmH_lCOw,freelyfall,2024-11-01
-WedmH_lCOw,ROMY,2024-11-01
-WedmH_lCOw,romyoutube,2024-11-01
-WedmH_lCOw,romylooks,2024-11-01
-WedmH_lCOw,rrrromy,2024-11-01
-WedmH_lCOw,gurky,2024-11-01
-WedmH_lCOw,rose lucy,2024-11-01
-WedmH_lCOw,valouz,2024-11-01
-WedmH_lCOw,iris,2024-11-01
-WedmH_lCOw,imii,2024-11-01
-WedmH_lCOw,burgouzz,2024-11-01
-WedmH_lCOw,la pimenterie,2024-11-01
-WedmH_lCOw,face synergy,2024-11-01
-WedmH_lCOw,noka matcha,2024-11-01
-WedmH_lCOw,stelle,2024-11-01
-WedmH_lCOw,fabian,2024-11-01
-WedmH_lCOw,cosmetics,2024-11-01
-WedmH_lCOw,for.me,2024-11-01
-WedmH_lCOw,fleur,2024-11-01
-WedmH_lCOw,fleur et compagnie,2024-11-01
-WedmH_lCOw,skincare,2024-11-01
-WedmH_lCOw,kbeauty,2024-11-01
5c0_u9PsrsQ,Megan Thee Stallion,2024-11-01
5c0_u9PsrsQ,Rap,2024-11-01
5c0_u9PsrsQ,Houston,2024-11-01
5c0_u9PsrsQ,Hottie,2024-11-01
5c0_u9PsrsQ,Hip Hop,2024-11-01
5c0_u9PsrsQ,Megan Thee Stallion - Where Them Girls At [Official Audio],2024-11-01
5c0_u9PsrsQ,meg,2024-11-01
5c0_u9PsrsQ,meg the stallion,2024-11-01
5c0_u9PsrsQ,megan,2024-11-01
5c0_u9PsrsQ,thee,2024-11-01
5c0_u9PsrsQ,stallion,2024-11-01
5c0_u9PsrsQ,meg the stallion new music,2024-11-01
5c0_u9PsrsQ,meg the stallion new release,2024-11-01
5c0_u9PsrsQ,meg new music,2024-11-01
5c0_u9PsrsQ,hottie,2024-11-01
5c0_u9PsrsQ,hotties,2024-11-01
5c0_u9PsrsQ,MEGAN,2024-11-01
5c0_u9PsrsQ,megan new album,2024-11-01
5c0_u9PsrsQ,Mamushi (Remix) [feat. TWICE],2024-11-01
5c0_u9PsrsQ,Megan thee stallion TWICE,2024-11-01
5c0_u9PsrsQ,TWICE,2024-11-01
5c0_u9PsrsQ,TWICE Megan the stallion,2024-11-01
5c0_u9PsrsQ,megan thee stallion mamushi TWICE remix,2024-11-01
5c0_u9PsrsQ,mamushi twice remix,2024-11-01
5c0_u9PsrsQ,mamushi megan thee stallion twice remix,2024-11-01
KVMJcccae0o,smells like gasoline,2024-11-01
KVMJcccae0o,top gear,2024-11-01
KVMJcccae0o,restauration voiture abandonnée,2024-11-01
KVMJcccae0o,rénovation voiture,2024-11-01
KVMJcccae0o,wheeler dealers,2024-11-01
KVMJcccae0o,youngtimer,2024-11-01
KVMJcccae0o,années 80,2024-11-01
KVMJcccae0o,années 90,2024-11-01
KVMJcccae0o,v8,2024-11-01
KVMJcccae0o,v12,2024-11-01
KVMJcccae0o,automobile,2024-11-01
KVMJcccae0o,voiture,2024-11-01
KVMJcccae0o,barn find restoration,2024-11-01
KVMJcccae0o,rénovation sortie de grange,2024-11-01
KVMJcccae0o,v6 alfa,2024-11-01
KVMJcccae0o,alpha romeo,2024-11-01
KVMJcccae0o,156 gta,2024-11-01
KVMJcccae0o,147 gta,2024-11-01
KVMJcccae0o,v6 arese,2024-11-01
KVMJcccae0o,v6 busso,2024-11-01
KVMJcccae0o,alfa restoration,2024-11-01
KVMJcccae0o,rénovation alfa,2024-11-01
KVMJcccae0o,smell like gasoline,2024-11-01
KVMJcccae0o,slg,2024-11-01
KVMJcccae0o,abandoned alfa,2024-11-01
KVMJcccae0o,barn find,2024-11-01
KVMJcccae0o,will it run,2024-11-01
KVMJcccae0o,will it drive,2024-11-01
JYKvkvo88pg,Henry Tran,2024-11-01
JYKvkvo88pg,Henrirejaune,2024-11-01
JYKvkvo88pg,Kevin Tran,2024-11-01
JYKvkvo88pg,Le Rire Jaune,2024-11-01
JYKvkvo88pg,SuperHenryTran,2024-11-01
JYKvkvo88pg,SuperKevinTran,2024-11-01
JYKvkvo88pg,Best Of,2024-11-01
JYKvkvo88pg,soirée confessions,2024-11-01
JYKvkvo88pg,radio libre,2024-11-01
-geHvVb_tJc,[none],2024-11-01
EBdQgDpXlMs,[none],2024-11-01
lhUMf-sKqrQ,[none],2024-11-01
1zKn_NtWO-8,CJ100,2024-11-01
1zKn_NtWO-8,MCOUNTDOWN,2024-11-01
1zKn_NtWO-8,Mnet,2024-11-01
1zKn_NtWO-8,Whiplash,2024-11-01
1zKn_NtWO-8,aespa,2024-11-01
1zKn_NtWO-8,에스파,2024-11-01
1zKn_NtWO-8,엠넷,2024-11-01
1zKn_NtWO-8,엠카운트다운,2024-11-01
1zKn_NtWO-8,위플래시,2024-11-01
1zKn_NtWO-8,티빙에서스트리밍,2024-11-01
uSezIBAqaL0,Rap,2024-11-01
uSezIBAqaL0,Marseille,2024-11-01
uSezIBAqaL0,Castellane,2024-11-01
uSezIBAqaL0,SLZ,2024-11-01
uSezIBAqaL0,So la zone,2024-11-01
uSezIBAqaL0,Ghetto child music,2024-11-01
uSezIBAqaL0,Ghetto child,2024-11-01
uSezIBAqaL0,Bricarde,2024-11-01
uSezIBAqaL0,Air-Bel,2024-11-01
uSezIBAqaL0,13016,2024-11-01
uSezIBAqaL0,caste,2024-11-01
uSezIBAqaL0,Quartiers nords,2024-11-01
uSezIBAqaL0,So,2024-11-01
uSezIBAqaL0,Zone,2024-11-01
uSezIBAqaL0,Porche,2024-11-01
uSezIBAqaL0,Rentre dans le porche,2024-11-01
uSezIBAqaL0,instable,2024-11-01
uSezIBAqaL0,de la cellule au chateau,2024-11-01
wR2g1gU1JUg,malik bentalha,2024-11-01
wR2g1gU1JUg,encore,2024-11-01
wR2g1gU1JUg,titanic,2024-11-01
wR2g1gU1JUg,jamel comedy club,2024-11-01
wR2g1gU1JUg,marrakech du rire,2024-11-01
wR2g1gU1JUg,sketch,2024-11-01
wR2g1gU1JUg,nouveau,2024-11-01
wR2g1gU1JUg,spectacle,2024-11-01
wR2g1gU1JUg,stand-up,2024-11-01
wR2g1gU1JUg,entier,2024-11-01
wR2g1gU1JUg,nouveau monde,2024-11-01
wR2g1gU1JUg,chalgoumi,2024-11-01
wR2g1gU1JUg,michou,2024-11-01
wR2g1gU1JUg,rainbfever,2024-11-01
wR2g1gU1JUg,takwondo,2024-11-01
wR2g1gU1JUg,cnews,2024-11-01
wR2g1gU1JUg,grolet,2024-11-01
wR2g1gU1JUg,jacquemous,2024-11-01
wR2g1gU1JUg,jul,2024-11-01
wR2g1gU1JUg,la bul,2024-11-01
wR2g1gU1JUg,freeze,2024-11-01
wR2g1gU1JUg,rap,2024-11-01
wR2g1gU1JUg,twitch,2024-11-01
wR2g1gU1JUg,parody,2024-11-01
wR2g1gU1JUg,parodie,2024-11-01
wR2g1gU1JUg,comedie,2024-11-01
wR2g1gU1JUg,impro,2024-11-01
wR2g1gU1JUg,agent,2024-11-01
wR2g1gU1JUg,cinema,2024-11-01
wR2g1gU1JUg,hot ones,2024-11-01
wR2g1gU1JUg,pork ones,2024-11-01
wR2g1gU1JUg,harbouni,2024-11-01
wR2g1gU1JUg,le code,2024-11-01
wR2g1gU1JUg,mehdi maizi,2024-11-01
wR2g1gU1JUg,colors,2024-11-01
wR2g1gU1JUg,reaction,2024-11-01
wR2g1gU1JUg,the voice,2024-11-01
wR2g1gU1JUg,zoom,2024-11-01
wR2g1gU1JUg,betisier,2024-11-01
wR2g1gU1JUg,snap,2024-11-01
wR2g1gU1JUg,tiktok,2024-11-01
wR2g1gU1JUg,react,2024-11-01
wR2g1gU1JUg,sadek,2024-11-01
wR2g1gU1JUg,riadh,2024-11-01
wR2g1gU1JUg,face a,2024-11-01
wR2g1gU1JUg,haters,2024-11-01
wR2g1gU1JUg,rtwitter,2024-11-01
wR2g1gU1JUg,rage,2024-11-01
wR2g1gU1JUg,haine,2024-11-01
wR2g1gU1JUg,trash talk,2024-11-01
wR2g1gU1JUg,abde,2024-11-01
wR2g1gU1JUg,guillotin,2024-11-01
wR2g1gU1JUg,juif,2024-11-01
wR2g1gU1JUg,israel,2024-11-01
wR2g1gU1JUg,palestine,2024-11-01
0qtoLnp_p7o,[none],2024-11-01
7Pl4rvZ9amc,[none],2024-11-01
qEGMVHsi92I,brawl stars,2024-11-01
qEGMVHsi92I,brawl stars fr,2024-11-01
qEGMVHsi92I,brawl stars mise à jour,2024-11-01
qEGMVHsi92I,brawl stars histoire,2024-11-01
j2I7z5orb44,[none],2024-11-01
k46nIQXg6nw,Stervio,2024-11-01
k46nIQXg6nw,fr,2024-11-01
k46nIQXg6nw,mods,2024-11-01
k46nIQXg6nw,Farming Simulator,2024-11-01
k46nIQXg6nw,3.0,2024-11-01
k46nIQXg6nw,fs25,2024-11-01
k46nIQXg6nw,decouverte,2024-11-01
k46nIQXg6nw,episode 1,2024-11-01
k46nIQXg6nw,test,2024-11-01
k46nIQXg6nw,giants,2024-11-01
gJC3MtgBm54,[none],2024-11-01
ISh12Nt0RsY,cyrilmp4,2024-11-01
ISh12Nt0RsY,cyril,2024-11-01
ISh12Nt0RsY,mp4,2024-11-01
ISh12Nt0RsY,cs,2024-11-01
ISh12Nt0RsY,counter strike,2024-11-01
ISh12Nt0RsY,tous les,2024-11-01
ISh12Nt0RsY,une seule vidéo,2024-11-01
x7JnA8ssuqY,[none],2024-11-01
BzM5TvAVREk,succulent,2024-11-01
BzM5TvAVREk,succulent animation,2024-11-01
BzM5TvAVREk,leo succulent,2024-11-01
BzM5TvAVREk,vidéo,2024-11-01
BzM5TvAVREk,drole,2024-11-01
BzM5TvAVREk,marrante,2024-11-01
BzM5TvAVREk,vidéo marrant,2024-11-01
BzM5TvAVREk,succulent gaming,2024-11-01
BzM5TvAVREk,jeux vidéo,2024-11-01
BzM5TvAVREk,gameplay,2024-11-01
BzM5TvAVREk,gameplay fr,2024-11-01
IRnE4_3UJms,[none],2024-11-01
jWQx2f-CErU,aespa,2024-11-01
jWQx2f-CErU,에스파,2024-11-01
jWQx2f-CErU,KARINA,2024-11-01
jWQx2f-CErU,GISELLE,2024-11-01
jWQx2f-CErU,WINTER,2024-11-01
jWQx2f-CErU,NINGNING,2024-11-01
jWQx2f-CErU,카리나,2024-11-01
jWQx2f-CErU,지젤,2024-11-01
jWQx2f-CErU,윈터,2024-11-01
jWQx2f-CErU,닝닝,2024-11-01
jWQx2f-CErU,Whiplash,2024-11-01
jWQx2f-CErU,위플래시,2024-11-01
jWQx2f-CErU,music video,2024-11-01
jWQx2f-CErU,mv,2024-11-01
jWQx2f-CErU,뮤직비디오,2024-11-01
jWQx2f-CErU,뮤비,2024-11-01
ahy0AO8WwRc,monster hunter,2024-11-01
ahy0AO8WwRc,mh,2024-11-01
ahy0AO8WwRc,action,2024-11-01
ahy0AO8WwRc,rpg,2024-11-01
ahy0AO8WwRc,hunting,2024-11-01
ahy0AO8WwRc,multiplayer,2024-11-01
ahy0AO8WwRc,capcom,2024-11-01
ahy0AO8WwRc,#MHWilds,2024-11-01
ahy0AO8WwRc,#MonsterHunter,2024-11-01
Qer3lwd5hyA,tyler the creator,2024-11-01
Qer3lwd5hyA,chromakopia,2024-11-01
Qer3lwd5hyA,call me if you get lost,2024-11-01
Qer3lwd5hyA,cmiygl,2024-11-01
Qer3lwd5hyA,st chroma,2024-11-01
Qer3lwd5hyA,igor,2024-11-01
MzBUdvXdzWw,michou,2024-11-01
MzBUdvXdzWw,cocotte,2024-11-01
MzBUdvXdzWw,nico,2024-11-01
MzBUdvXdzWw,nico colombien,2024-11-01
MzBUdvXdzWw,booska colombien,2024-11-01
MzBUdvXdzWw,nico la,2024-11-01
MzBUdvXdzWw,nicotine,2024-11-01
MzBUdvXdzWw,nicotine84,2024-11-01
MzBUdvXdzWw,pendu,2024-11-01
MzBUdvXdzWw,jeu,2024-11-01
MzBUdvXdzWw,le jeu du pendu,2024-11-01
MzBUdvXdzWw,divertissement,2024-11-01
7MqmF3AzOo8,squeezie best of,2024-11-01
7MqmF3AzOo8,squeezie moments marrants,2024-11-01
7MqmF3AzOo8,squeezie compilation,2024-11-01
6vQHRCcq3iQ,[none],2024-11-01
AdCEdFUz_dk,[none],2024-11-01
56VkXZlLgvw,HugoDécrypte,2024-11-01
56VkXZlLgvw,Hugo,2024-11-01
56VkXZlLgvw,Travers,2024-11-01
56VkXZlLgvw,Hugo Travers,2024-11-01
56VkXZlLgvw,Actus,2024-11-01
56VkXZlLgvw,Reportage,2024-11-01
56VkXZlLgvw,Documentaire,2024-11-01
56VkXZlLgvw,Actus du jour,2024-11-01
fMO_oG62ICI,[none],2024-11-01
tbDGl7jEazA,HYBE,2024-11-01
tbDGl7jEazA,HYBE LABELS,2024-11-01
tbDGl7jEazA,하이브,2024-11-01
tbDGl7jEazA,하이브레이블즈,2024-11-01
ghh-28ln-z4,[none],2024-11-01
tyJB96JJXYo,Maes,2024-11-01
tyJB96JJXYo,JRK 19,2024-11-01
tyJB96JJXYo,LA VIE CONTINUE,2024-11-01
tyJB96JJXYo,NOUVEAU OPPS,2024-11-01
qkvZChA6Mxw,[none],2024-11-01
gw7ObeO1yrI,faq,2024-11-01
gw7ObeO1yrI,feldup,2024-11-01
gw7ObeO1yrI,findings,2024-11-01
gw7ObeO1yrI,reponse,2024-11-01
gw7ObeO1yrI,bilan,2024-11-01
gw7ObeO1yrI,communauté,2024-11-01
gw7ObeO1yrI,jesaispas,2024-11-01
gw7ObeO1yrI,backrooms,2024-11-01
wapVCBBcCiM,mcfly,2024-11-01
wapVCBBcCiM,carlito,2024-11-01
wapVCBBcCiM,golden moustache,2024-11-01
wapVCBBcCiM,fatshow,2024-11-01
wapVCBBcCiM,badass,2024-11-01
wapVCBBcCiM,dab,2024-11-01
wapVCBBcCiM,j'effectue,2024-11-01
wapVCBBcCiM,le,2024-11-01
wapVCBBcCiM,et,2024-11-01
wapVCBBcCiM,on,2024-11-01
wapVCBBcCiM,appelle,2024-11-01
wapVCBBcCiM,des,2024-11-01
wapVCBBcCiM,gens,2024-11-01
wapVCBBcCiM,au,2024-11-01
wapVCBBcCiM,hasard,2024-11-01
wapVCBBcCiM,banane,2024-11-01
AbQl0hVllqs,[none],2024-11-01
VVSUonMRY04,arbitre,2024-11-01
VVSUonMRY04,arbitrage,2024-11-01
VVSUonMRY04,foot,2024-11-01
VVSUonMRY04,football,2024-11-01
VVSUonMRY04,carton jaune,2024-11-01
VVSUonMRY04,carton rouge,2024-11-01
VVSUonMRY04,referee,2024-11-01
VVSUonMRY04,rg28,2024-11-01
VVSUonMRY04,rayan herry,2024-11-01
VVSUonMRY04,district,2024-11-01
VVSUonMRY04,régional,2024-11-01
VVSUonMRY04,national,2024-11-01
VVSUonMRY04,ligue,2024-11-01
VVSUonMRY04,départemental,2024-11-01
VVSUonMRY04,série foot,2024-11-01
VVSUonMRY04,foot amateur,2024-11-01
VVSUonMRY04,série foot amateur,2024-11-01
VVSUonMRY04,saison foot,2024-11-01
dcTAk9ASfIk,amixem,2024-11-01
dcTAk9ASfIk,humour,2024-11-01
dcTAk9ASfIk,delire,2024-11-01
BcRhsGEUj5o,GMK001,2024-11-01
BcRhsGEUj5o,GMK,2024-11-01
BcRhsGEUj5o,Maroun,2024-11-01
BcRhsGEUj5o,Kikano,2024-11-01
BcRhsGEUj5o,C63,2024-11-01
BcRhsGEUj5o,AMG,2024-11-01
BcRhsGEUj5o,Camo,2024-11-01
BcRhsGEUj5o,RS6,2024-11-01
BcRhsGEUj5o,M3,2024-11-01
BcRhsGEUj5o,Bentayga,2024-11-01
BcRhsGEUj5o,Sound,2024-11-01
BcRhsGEUj5o,Top,2024-11-01
BcRhsGEUj5o,AUDI,2024-11-01
BcRhsGEUj5o,RS3,2024-11-01
BcRhsGEUj5o,RS4,2024-11-01
BcRhsGEUj5o,RS5,2024-11-01
BcRhsGEUj5o,RS7,2024-11-01
BcRhsGEUj5o,BMW,2024-11-01
BcRhsGEUj5o,MOTORSPORT,2024-11-01
BcRhsGEUj5o,Referencement,2024-11-01
BcRhsGEUj5o,M2,2024-11-01
BcRhsGEUj5o,M4,2024-11-01
BcRhsGEUj5o,M5,2024-11-01
BcRhsGEUj5o,M6,2024-11-01
BcRhsGEUj5o,compétition,2024-11-01
BcRhsGEUj5o,C63s,2024-11-01
BcRhsGEUj5o,E63,2024-11-01
BcRhsGEUj5o,GLE63,2024-11-01
BcRhsGEUj5o,tuning,2024-11-01
BcRhsGEUj5o,prepa,2024-11-01
BcRhsGEUj5o,moteur,2024-11-01
BcRhsGEUj5o,Inixtag,2024-11-01
BcRhsGEUj5o,INOXTAG,2024-11-01
BcRhsGEUj5o,Inox,2024-11-01
BcRhsGEUj5o,Kaizen,2024-11-01
BcRhsGEUj5o,Michou,2024-11-01
Yh9taP4tlTI,clara runaway,2024-11-01
Yh9taP4tlTI,clararunaway,2024-11-01
Yh9taP4tlTI,Clararunaway,2024-11-01
Yh9taP4tlTI,Aladdin,2024-11-01
Yh9taP4tlTI,anecdotes,2024-11-01
Yh9taP4tlTI,cinéma,2024-11-01
Yh9taP4tlTI,Et tu savais pour,2024-11-01
Yh9taP4tlTI,Et tu savais pour Aladdin ?,2024-11-01
Yh9taP4tlTI,Aladdin 2,2024-11-01
Yh9taP4tlTI,ALADDIN,2024-11-01
Yh9taP4tlTI,Clara runaway,2024-11-01
Yh9taP4tlTI,anecdotes cinéma,2024-11-01
Yh9taP4tlTI,Robin Williams,2024-11-01
Yh9taP4tlTI,Ron Clements,2024-11-01
Yh9taP4tlTI,Linda Larkin,2024-11-01
Yh9taP4tlTI,Aladdin behind the scenes,2024-11-01
Yh9taP4tlTI,aladdin,2024-11-01
Yh9taP4tlTI,1992,2024-11-01
Yh9taP4tlTI,behind the scene,2024-11-01
Yh9taP4tlTI,making of,2024-11-01
Yh9taP4tlTI,films Disney,2024-11-01
Wlyw-uSL8Qk,chris,2024-11-01
Wlyw-uSL8Qk,bad nwar,2024-11-01
Wlyw-uSL8Qk,a la select,2024-11-01
Wlyw-uSL8Qk,a l'aveugle,2024-11-01
Wlyw-uSL8Qk,bound,2024-11-01
Wlyw-uSL8Qk,accuser de meurtre,2024-11-01
Wlyw-uSL8Qk,nwaar,2024-11-01
Wlyw-uSL8Qk,bad,2024-11-01
Wlyw-uSL8Qk,93,2024-11-01
Wlyw-uSL8Qk,chris 93,2024-11-01
Wlyw-uSL8Qk,la select,2024-11-01
Wlyw-uSL8Qk,la select a l'aveugle,2024-11-01
Wlyw-uSL8Qk,chris bad nwar,2024-11-01
Wlyw-uSL8Qk,team casquette,2024-11-01
Wlyw-uSL8Qk,casquette,2024-11-01
Wlyw-uSL8Qk,BH,2024-11-01
Wlyw-uSL8Qk,Nerou,2024-11-01
Wlyw-uSL8Qk,Polska,2024-11-01
Wlyw-uSL8Qk,Un Diner Presque Parfait,2024-11-01
Wlyw-uSL8Qk,Un diner parfait,2024-11-01
Wlyw-uSL8Qk,diner presque,2024-11-01
Wlyw-uSL8Qk,diner parfait,2024-11-01
Wlyw-uSL8Qk,chris nerou bh,2024-11-01
Wlyw-uSL8Qk,alicia,2024-11-01
Wlyw-uSL8Qk,chris et alicia,2024-11-01
U-r_OMYhjro,Brawl stars,2024-11-01
U-r_OMYhjro,Rzm64,2024-11-01
U-r_OMYhjro,PRo,2024-11-01
U-r_OMYhjro,rzmfr,2024-11-01
U-r_OMYhjro,rzm64fr,2024-11-01
U-r_OMYhjro,RANG 30,2024-11-01
U-r_OMYhjro,bibi,2024-11-01
U-r_OMYhjro,brawl ball,2024-11-01
U-r_OMYhjro,rmz64,2024-11-01
U-r_OMYhjro,star,2024-11-01
U-r_OMYhjro,classé,2024-11-01
U-r_OMYhjro,jzm64,2024-11-01
l-u1IFbSu38,Cyrus north,2024-11-01
4FdSbK0GocE,[none],2024-11-01
CHqnF_hZj08,Star Academy,2024-11-01
CHqnF_hZj08,Recommence-moi (Version hymne de la promo 2024),2024-11-01
ekr2nIex040,YG Entertainment,2024-11-01
ekr2nIex040,YG,2024-11-01
ekr2nIex040,와이지,2024-11-01
ekr2nIex040,K-pop,2024-11-01
ekr2nIex040,BLACKPINK,2024-11-01
ekr2nIex040,블랙핑크,2024-11-01
ekr2nIex040,블핑,2024-11-01
ekr2nIex040,로제,2024-11-01
ekr2nIex040,Rosé,2024-11-01
ekr2nIex040,BLINK,2024-11-01
ekr2nIex040,블링크,2024-11-01
ekr2nIex040,bruno mars,2024-11-01
ekr2nIex040,APT.,2024-11-01
ekr2nIex040,apt,2024-11-01
ekr2nIex040,apartment game,2024-11-01
ekr2nIex040,meet me at the,2024-11-01
ekr2nIex040,meet me at the apt,2024-11-01
ekr2nIex040,bruno mars rose apt,2024-11-01
ekr2nIex040,rose,2024-11-01
ekr2nIex040,rosesarerosie,2024-11-01
ekr2nIex040,rose apt,2024-11-01
ekr2nIex040,rose apt music video,2024-11-01
ekr2nIex040,rose apt video,2024-11-01
ekr2nIex040,rose bruno mars,2024-11-01
ekr2nIex040,rose bruno mars kiss,2024-11-01
ekr2nIex040,rose kiss,2024-11-01
vcTV5EVeVrc,[none],2024-11-01
iPUwktBQlnM,[none],2024-11-01
dL6LM4DyzU8,[none],2024-11-01
425q-YPQ5sI,walid sax hamza foot,2024-11-01
425q-YPQ5sI,walid sax hamza paris,2024-11-01
425q-YPQ5sI,walid sax football,2024-11-01
425q-YPQ5sI,hamza paris footballeur,2024-11-01
425q-YPQ5sI,pitch addict imposteur,2024-11-01
425q-YPQ5sI,devine le joueur pro,2024-11-01
425q-YPQ5sI,devine le joueur pro pitch addict,2024-11-01
425q-YPQ5sI,devine le joueur pro walid hamza,2024-11-01
425q-YPQ5sI,imposteur squeezie foot,2024-11-01
425q-YPQ5sI,imposteur walid et hamza,2024-11-01
425q-YPQ5sI,pitch addict acteur,2024-11-01
425q-YPQ5sI,pitch addict humoristes,2024-11-01
425q-YPQ5sI,pitch addict humour,2024-11-01
425q-YPQ5sI,pitch addit walid sax et hamza paris,2024-11-01
425q-YPQ5sI,hamza paris frappe,2024-11-01
425q-YPQ5sI,devine le joueur pro vinsky,2024-11-01
425q-YPQ5sI,qui est joueur pro,2024-11-01
425q-YPQ5sI,qui est joueur pro boumesama,2024-11-01
hY0__Ixl1bY,aline,2024-11-01
hY0__Ixl1bY,aline dessine,2024-11-01
hY0__Ixl1bY,dessine,2024-11-01
hY0__Ixl1bY,alice,2024-11-01
hY0__Ixl1bY,travaux,2024-11-01
hY0__Ixl1bY,vlog,2024-11-01
hY0__Ixl1bY,rénovation,2024-11-01
hY0__Ixl1bY,renovation,2024-11-01
hY0__Ixl1bY,tour,2024-11-01
hY0__Ixl1bY,maison,2024-11-01
hY0__Ixl1bY,rénovations,2024-11-01
tTxepK-wJXk,michou,2024-11-01
tTxepK-wJXk,michouoff,2024-11-01
tTxepK-wJXk,off,2024-11-01
tTxepK-wJXk,best of,2024-11-01
tTxepK-wJXk,video,2024-11-01
GM_4maq0BAA,SAIFOND MINTIGUI PROD,2024-11-01
0zl6YXiI8hQ,Werenoi,2024-11-01
0zl6YXiI8hQ,Pyramide 2,2024-11-01
0zl6YXiI8hQ,C63,2024-11-01
bkTHScT2vLk,naza,2024-11-01
bkTHScT2vLk,vie viano,2024-11-01
bkTHScT2vLk,viano,2024-11-01
bkTHScT2vLk,station,2024-11-01
bkTHScT2vLk,capricarolesque,2024-11-01
bkTHScT2vLk,sac a dos,2024-11-01
bkTHScT2vLk,joli bébé,2024-11-01
bkTHScT2vLk,loin de moi,2024-11-01
bkTHScT2vLk,nazaland,2024-11-01
UbuzEuf73pg,SNL,2024-11-01
UbuzEuf73pg,Saturday night live,2024-11-01
UbuzEuf73pg,billie eilish,2024-11-01
UbuzEuf73pg,live from new york,2024-11-01
UbuzEuf73pg,birds of feather,2024-11-01
UbuzEuf73pg,birds,2024-11-01
UbuzEuf73pg,boaf,2024-11-01
UbuzEuf73pg,performance,2024-11-01
UbuzEuf73pg,recording,2024-11-01
UbuzEuf73pg,NBC,2024-11-01
UbuzEuf73pg,october,2024-11-01
UbuzEuf73pg,october 19,2024-11-01
sEkyjvFnH9M,Greg guillotin,2024-11-01
sEkyjvFnH9M,Caméra cachée,2024-11-01
sEkyjvFnH9M,prank,2024-11-01
sEkyjvFnH9M,pranque,2024-11-01
sEkyjvFnH9M,Le pire stagiaire,2024-11-01
sEkyjvFnH9M,le pire gendre,2024-11-01
sEkyjvFnH9M,déménageur,2024-11-01
sEkyjvFnH9M,franck,2024-11-01
