Titulo,Numero_de_videos,Descricao,Imagem_de_perfil,Numero_de_visualizacoes,Link,Numero_de_inscritos,Data,Canal_ID,Pais_codigo
SQUEEZIE,1690,clique sur une vid√©o nan??,https://yt3.ggpht.com/ytc/AIdro_nlYG9XXCWp8oc9g1Ib9w_a_dv6nKs8pRSY-ubNHEbU6Mo=s88-c-k-c0x00ffffff-no-rj,10852600915,https://www.youtube.com/channel/UCWeg2Pkate69NFdBeuRFTAw,19100000,2024-11-01,UCWeg2Pkate69NFdBeuRFTAw,FR
BABYMONSTER,332,BABYMONSTER Official YouTube ChannelÎ≤†Ïù¥ÎπÑÎ™¨Ïä§ÌÑ∞ Í≥µÏãù Ïú†ÌäúÎ∏å Ï±ÑÎÑêÏûÖÎãàÎã§.,https://yt3.ggpht.com/79MZT_n38ZBWrEUjhxwjOGVqsTtBLJBmUEojOvTNNcZguBuoxvZtQse-A-D0Kt6GamsYVPCnqQ=s88-c-k-c0x00ffffff-no-rj,2785108912,https://www.youtube.com/channel/UCqwUnggBBct-AY2lAdI88jQ,7200000,2024-11-01,UCqwUnggBBct-AY2lAdI88jQ,KR
franceinfo,14875,"Suivez franceinfo, l‚Äôoffre d‚Äôinformation en continu du service public. Retrouvez toute l‚Äôinfo et l‚Äôactu en direct et acc√©dez au direct et replay.",https://yt3.ggpht.com/ytc/AIdro_nHB3lxXh8PcGgMTgBPmFKovSbKRxBTavrjbjomHTg1HpFp=s88-c-k-c0x00ffffff-no-rj,215671073,https://www.youtube.com/channel/UCO6K_kkdP-lnSCiO3tPx7WA,639000,2024-11-01,UCO6K_kkdP-lnSCiO3tPx7WA,FR
Jo√© Dw√®t Fil√©,41,Bienvenue sur la cha√Æne officielle Joe Dwet File.,https://yt3.ggpht.com/Dr8xV59BNaqjfLbzjnJ-91Cvtq5BpBXIylxd2Ub3zlvIFSjeji5Uy3gBLTiDACJCBcjNBRQCXw=s88-c-k-c0x00ffffff-no-rj,384037288,https://www.youtube.com/channel/UC7n1N9L_9RKpJQLGhGVWPlg,802000,2024-11-01,UC7n1N9L_9RKpJQLGhGVWPlg,FR
Damso - Topic,168,,https://yt3.ggpht.com/SDMTFLPAXhTer7vfnL4oalVpAfzKrnjw7CPHg9HyNQcMihBC8I5SXJnvY1QW8CLGt_zhZ8xh=s88-c-k-c0x00ffffff-no-rj,352582434,https://www.youtube.com/channel/UCSx2kcfRgmDovMzbw3lfmAA,83200,2024-11-01,UCSx2kcfRgmDovMzbw3lfmAA,ZZ
Oc√©ane,367,Retrouve-moi sur Tiktok & Insta @oceaneamsler ainsi que sur ma chaine youtube secondaire Oceane +Contact professionnel : oceane@oba-oba.fr,https://yt3.ggpht.com/BM8bpSg5b30Y68Er0k4WJpxiFsr048Af5iuDQbnIfAtU_odEp6Nnewh0vhm_OLuHuhrpnf6NLw=s88-c-k-c0x00ffffff-no-rj,336159223,https://www.youtube.com/channel/UCXqnG7hbmGYDqC1iTNkVdew,1750000,2024-11-01,UCXqnG7hbmGYDqC1iTNkVdew,FR
SCH,38,Bienvenue sur ma cha√Æne officielle,https://yt3.ggpht.com/PmDLruhZMNwKh2aIoaB3OkmXsfhw9YXgKSmBv-RFM6D4pPKFS04ZzuEC5bI63M8Smc-E6qm11A=s88-c-k-c0x00ffffff-no-rj,1741475838,https://www.youtube.com/channel/UCeBu6AFsaPVElhFzlj5hetg,2990000,2024-11-01,UCeBu6AFsaPVElhFzlj5hetg,FR
Netflix France,4763,C'est la nuit...Abonnez-vous pour ne rien rater des nouveaut√©s Netflix ! C‚Äôest gratuit et garanti sans #spoiler !SUIVEZ-NOUS SUR NOS AUTRES R√âSEAUX SOCIAUX : Twitter : https://twitter.com/NetflixFRFacebook : https://www.facebook.com/netflixfranceInstagram : https://www.instagram.com/netflixfrTikTok : https://www.tiktok.com/@netflixfrTUDUM ! ,https://yt3.ggpht.com/C4HdMrbFF0k-RG18dN81GAgJoh1zzOCnYxAM3uL1_b3xrpEyA7N1o4AmChbjuOUv3TcHu0QnnA=s88-c-k-c0x00ffffff-no-rj,724001788,https://www.youtube.com/channel/UCroNr00O68n25IqSNapMK8w,2290000,2024-11-01,UCroNr00O68n25IqSNapMK8w,FR
Mariah Carey,149,"Welcome to Mariah Carey's official YouTube channel!MARIAH CAREY¬†is the best-selling female artist of all time with more than 200 million albums sold to date and 19 Billboard¬†Hot 100 #1 singles (18 self-penned), more than any solo artist in history. Mariah is a singer/songwriter/producer recognized with multiple Grammy Awards, numerous American Music Awards,¬†Billboard's 'Artist of the Decade' Award, the World Music Award for 'World's Best Selling Female Artist of the Millennium' and BMI's 'Icon Award' for her outstanding achievements in songwriting, to name a few ‚Äì with her distinct five-octave vocal range, prolific songwriting, and producing talent, Mariah is truly the template¬†of the modern pop performance.¬†Mariah's ongoing impact has transcended the music industry to leave an indelible imprint upon the world at large.",https://yt3.ggpht.com/mkX_M8twWnQRIA8y5GLkGghbHqn59Cvefqs_RrCmICwmHaKgqok_LT2POUv5W9IHVqsRl8eDrg=s88-c-k-c0x00ffffff-no-rj,9188318968,https://www.youtube.com/channel/UCurpiDXSkcUbgdMwHNZkrCg,11200000,2024-11-01,UCurpiDXSkcUbgdMwHNZkrCg,US
Willibed Reacts,66,Je r√©agis au contenu le plus fou de l'internet!,https://yt3.ggpht.com/VrGu6XP0ILuzQThWIonUFopDEx_BLSFB4jheppx7MTzN2awzKIB6UYxm71nQvQf-LoW4oWP_qVw=s88-c-k-c0x00ffffff-no-rj,26032039,https://www.youtube.com/channel/UCyJR3e7OkWFfAnwitHC5nvQ,127000,2024-11-01,UCyJR3e7OkWFfAnwitHC5nvQ,CA
Myl√®ne Farmer,136,Cha√Æne Youtube officielle de Myl√®ne Farmer.,https://yt3.ggpht.com/cqoIL690DFifeS7dOoBQuj53aHY_ux40hJIUxCehJBvJJi5SfVak7RFm-XuNsVqXDALhohm1Ew=s88-c-k-c0x00ffffff-no-rj,666410695,https://www.youtube.com/channel/UC8bXAHcitOUnxe7cFg6Curg,751000,2024-11-01,UC8bXAHcitOUnxe7cFg6Curg,FR
AminematueLive,49,DEUXI√àME CHA√éNE OFFICIELLE D‚ÄôAMINE üòÄRetrouvez tous mes best of et diverses moments sur cette chaine.Chaine principale :  https://www.youtube.com/@Aminematue,https://yt3.ggpht.com/J9xeqK9a2S22QlIQVp0zT4zvZFijLE8syfj7ITKngZ8rJp85L8Cvh8NANej4F8HkZgIGEo92=s88-c-k-c0x00ffffff-no-rj,42273745,https://www.youtube.com/channel/UClm72v5Y5C9KHGs-PTDmCGw,531000,2024-11-01,UClm72v5Y5C9KHGs-PTDmCGw,FR
NBA Extra - beIN SPORTS France,2889,"üèÄ Toute la #NBA, la #NCAA et #WNBA, c'est sur beIN SPORTS !#NBAextra ",https://yt3.ggpht.com/NMKGFDLDPKnHHWllKiwORRddvq7pDNYSm7fgAqgTayQGKNsvgYM7K_g3nqXxkBXfsy8H_s33C4A=s88-c-k-c0x00ffffff-no-rj,134476328,https://www.youtube.com/channel/UCcMGbm0EYWh1SZZ8MsM75tw,209000,2024-11-01,UCcMGbm0EYWh1SZZ8MsM75tw,FR
Claudio Cap√©o,89,"Avec plus d‚Äô1M de disques vendus, Claudio Cap√©o est devenu un artiste incontournable de la nouvelle sc√®ne fran√ßaise.R√©v√©l√© en 2016 par son tube ¬´ Un homme debout ¬ª (single de diamant), son 1er album √©ponyme s‚Äôest class√© N¬∞1 des ventes d√®s sa sortie pendant 5 semaines cons√©cutives et s‚Äôest √©coul√© √† plus de 700 000 exemplaires.Son 2√®me album ¬´ Tant que rien ne m‚Äôarr√™te ¬ª, certifi√© double disque de platine, lui a permis de s‚Äôinstaller durablement dans le paysage musical fran√ßais.En 2020, il se confie sur ses origines italiennes et retourne sur les traces de son enfance avec ¬´ Penso a te ¬ª, un album vendu √† 200K exemplaires, dans lequel il m√©lange reprises de chefs-d‚Äô≈ìuvre de la chanson italienne et titres in√©dits.Avec son nouvel opus ¬´ Rose des vents ¬ª, il conjugue po√©sie et engagement, retour aux racines et militantisme pacifique. Un album dans lequel la f√™te, la ritournelle m√©lancolique, le besoin d‚Äô√©vasion et l‚Äôenvie de changer le monde tourbillonnent dans des m√©lodies ent√™tantes.",https://yt3.ggpht.com/R8ija79dwRg6NP9CInKlliSRN__gv0xG6qqah13Jk21q9AKUTnuHm2awLGRDgeXc7dooRdI3=s88-c-k-c0x00ffffff-no-rj,465414474,https://www.youtube.com/channel/UCKUU4rrmSgmxjoomVb0nzzQ,554000,2024-11-01,UCKUU4rrmSgmxjoomVb0nzzQ,FR
TheWeekndVEVO,205,"The Weeknd on Vevo - Official Music Videos, Live Performances, Interviews and more...",https://yt3.ggpht.com/E9LfgUnjdf7A_d8_9iqVvai4HSwIvrE6NE6yKXOIQjHNXzWdWg5NNU7-a1flZGspflBmYXKtxw=s88-c-k-c0x00ffffff-no-rj,20207560776,https://www.youtube.com/channel/UCF_fDSgPpBQuh1MsUTgIARQ,10400000,2024-11-01,UCF_fDSgPpBQuh1MsUTgIARQ,CA
NBA,59787,"The 2024-25 NBA season continues Friday on ESPN! üèÄ 7:00pm/et: Magic/Cavaliers üèÄ 9:30pm/et: Nuggets/Timberwolves The NBA is the premier professional basketball league in the United States and Canada. The league is truly global, with games and programming in 215 countries and territories in 47 languages. The NBA consists of 30 teams. The NBA offers real time access to live regular season NBA games with a subscription to NBA LEAGUE PASS, available globally for TV, broadband, and mobile.  Real-time Stats, Scores, Highlights and more are available to fans on web and mobile with the NBA App. For news, stories, highlights and more, go to our official website at https://app.link.nba.com/e/NBA_site",https://yt3.ggpht.com/9rkIU1GppqML26EOeGgxHgO-ZZSMPNRe_PAiIirXRLR7UrNC0fLkaPLb_C24-9MA0KuQJLlB=s88-c-k-c0x00ffffff-no-rj,14530568836,https://www.youtube.com/channel/UCWJ2lWNubArHWmf3FIHbfcQ,22300000,2024-11-01,UCWJ2lWNubArHWmf3FIHbfcQ,US
France tv sport,2880,Le plus grand terrain de sport.,https://yt3.ggpht.com/ytc/AIdro_lzRZMMMXeypEnwZyB3h_X6EGn4qU3x1lG84VndygHP4qg=s88-c-k-c0x00ffffff-no-rj,345959415,https://www.youtube.com/channel/UCRm-DLbhzojKd10edotYxMg,769000,2024-11-01,UCRm-DLbhzojKd10edotYxMg,FR
Sheshounet,244,"Je suis Sheshounet et le contenu que je propose est immature.J'ai commenc√© les vid√©os en 2006 (sur Google.Video et Dailymotion) avec Kevin le roxxor, j'ai aussi produit divers tests, des courts-m√©trages et des coups de putes.J'ai fait un passage chez Jeuxvideo.com et Millenium.org, d'o√π mon professionnalisme exemplaire.Depuis 2016 Youtube n'est qu'un hobbie, du coup je fais de la qualit√©.",https://yt3.ggpht.com/ytc/AIdro_lNQK2F_SjWlxhaNBlxhZ1oeqcFy_VNPdIKagqmpxGFFjM=s88-c-k-c0x00ffffff-no-rj,226717704,https://www.youtube.com/channel/UC4peNo-31r7fhQZgu0_JRIA,1150000,2024-11-01,UC4peNo-31r7fhQZgu0_JRIA,FR
FLAMBY,85,Charbon tout l'√©t√©,https://yt3.ggpht.com/W4fJVW3EB0BmfOG9DOhchwAuJQxerZsa8I5LaaK8q78rYHAvs8NwIuC36stf-Ivxx_TNeBb-EA=s88-c-k-c0x00ffffff-no-rj,26158567,https://www.youtube.com/channel/UCdyzLcSvVCKsHFS_TTSa0Gg,353000,2024-11-01,UCdyzLcSvVCKsHFS_TTSa0Gg,FR
Val Lienard,782,Venez suivre mon quotidien de footballeur en National 2 √† travers la s√©rie QDF ! ü¶ÖTikTok : val_lienard Instagram : val_lienardSnapchat : val_lienardContact (pro uniquement) : val.lienardcontact@gmail.com,https://yt3.ggpht.com/fm7kBHiOvBPbWQcolMh_6uWwoC1X5IgKTOb62D1EDFx2UryegRDTe3H4ew6Wz-ZRjUY-_okcTg=s88-c-k-c0x00ffffff-no-rj,190157741,https://www.youtube.com/channel/UCKJ7cmBniTdqzwyeQLOk6ow,479000,2024-11-01,UCKJ7cmBniTdqzwyeQLOk6ow,FR
OfficialGDRAGON,4,G-DRAGON Official YouTube ChannelG-DRAGON Í≥µÏãù Ïú†ÌäúÎ∏å Ï±ÑÎÑêÏûÖÎãàÎã§.,https://yt3.ggpht.com/EB3Z5-_HrnYoSMfhg714oVbLsib8f71RYukIym3LsIOg6TP0uVg53NYDKlYAWgzmAUmXux9NJQ=s88-c-k-c0x00ffffff-no-rj,347828157,https://www.youtube.com/channel/UCeU5qTuBiqTU5z-hyL6WITQ,2810000,2024-11-01,UCeU5qTuBiqTU5z-hyL6WITQ,ZZ
Brawl Stars,246,Fast-paced 3v3 multiplayer and battle royale made for mobile! Play with friends or solo across a variety of game modes in under three minutes.,https://yt3.ggpht.com/FVJpJyrV85TDL2nyiFbnaBuZzuYX1thQywPXCvilPAuw7DmPjFoXphPgkCqekYNIfqFtqGrvCg=s88-c-k-c0x00ffffff-no-rj,2934011885,https://www.youtube.com/channel/UCooVYzDxdwTtGYAkcPmOgOw,20600000,2024-11-01,UCooVYzDxdwTtGYAkcPmOgOw,FI
Studio Bagel,812,,https://yt3.ggpht.com/biEo7Ea6zLQhGGfuJRtapniM_v2SKUQ95l4NxoMV-CrRcUNjvJNOzlT5bGlZoqJvCqz_PQ4IwA=s88-c-k-c0x00ffffff-no-rj,1119800954,https://www.youtube.com/channel/UCZ8kV8vuMdDLSerCIFfWnFQ,3750000,2024-11-01,UCZ8kV8vuMdDLSerCIFfWnFQ,FR
LadyGagaVEVO,221,"Lady Gaga on Vevo - Official Music Videos, Live Performances, Interviews and more...",https://yt3.ggpht.com/yzOEXrp_77aevhp7br98XrNC0Gl3afLllOStYv91C5_MdGr-s2GtRdCzWVqN2psTN6xlBhidCw=s88-c-k-c0x00ffffff-no-rj,15177344343,https://www.youtube.com/channel/UC07Kxew-cMIaykMOkzqHtBQ,8890000,2024-11-01,UC07Kxew-cMIaykMOkzqHtBQ,US
Kep1er,1165,This is the Official YouTube channel for Kep1er ,https://yt3.ggpht.com/_nhXya-TB7QYEVPZ8CWxCuR75lcKGp6cihYIzwsrqAcbjpNHwlabKc4okTKTpDVh-GcA7IWN=s88-c-k-c0x00ffffff-no-rj,940731576,https://www.youtube.com/channel/UC8whlOg70m2Yr3qSMjUhh0g,2520000,2024-11-01,UC8whlOg70m2Yr3qSMjUhh0g,KR
High Side,289,"Bienvenue sur la chaine officielle de High Side : la meilleure √©mission de moto en France ! (Mais bon, √ßa c'est peut-√™tre parce que c'est la seule...)Retrouvez les reportages diffus√©s sur RMC D√©couverte, ainsi que du contenu exclusif ! Bon visionnage et bon courage...",https://yt3.ggpht.com/ytc/AIdro_kHLekmMCU9u5cVYFn5H7yY6kA8aFSTpXEKuIHHB65FQw=s88-c-k-c0x00ffffff-no-rj,134101940,https://www.youtube.com/channel/UCo2LeYTlpLra9swD4Ye-vBg,574000,2024-11-01,UCo2LeYTlpLra9swD4Ye-vBg,FR
L√©o Duff,301,"Je parle de High-Tech, mieux que Bill Gates.Pour toute demande de collaborations commerciales : leoduff@influxcrew.comCo-production /influx - https://www.influxcrew.com¬© 2023 L√©o Duff | Tous droits r√©serv√©s.",https://yt3.ggpht.com/RhMMByDKCvnTB6_RGPer_8P1bVMjG5bhCZcJiurSvCnSAzXFspARTYXWaat7K9-z-by0VA17sA=s88-c-k-c0x00ffffff-no-rj,50318866,https://www.youtube.com/channel/UCNiauGTV7XhkOpUAIXod4xA,655000,2024-11-01,UCNiauGTV7XhkOpUAIXod4xA,FR
Serge Beynaud,639,SUIVEZ SERGE BEYNAUD SUR LES RESEAUX SOCIAUXAbonnez vous √† la chaine Youtube de Serge Beynaud : https://urlz.fr/b6OmAbonnez vous √† la chaine Youtube de Star Factory Music : https://urlz.fr/b6OpSite internet : www.sergebeynaud.comFacebook : https://www.facebook.com/SergeBeynaudOfficiel/Instagram : https://www.instagram.com/sergebeynaud/?hl=frTwitter : https://twitter.com/sergebeynaud?lang=frSnapchat : sergebeynaudEP Quatro : https://backl.ink/148765501EP Mama Africa : https://backl.ink/143460961EP Trilogie : https://backl.ink/115479111 EP Okeninkpin The Album : https://backl.ink/665515Album Accelerate : https://backl.ink/665491Album Seul Dieu : https://sergebeynaudseuldieu.lnk.to/B...Pour Booking : gaetanhynaux@gmail.com,https://yt3.ggpht.com/h4lTlbV_SAYGlL8FKYOCeyvudt0jZ1TDgD5cqVdQ-5KRhQOgoTpmTtS2iYIVCAKMYpE3D5R8=s88-c-k-c0x00ffffff-no-rj,462939204,https://www.youtube.com/channel/UCsdeZbJDhjI8vLIW27vi84w,1490000,2024-11-01,UCsdeZbJDhjI8vLIW27vi84w,FR
Hay Day,194,"Best. Farm. Ever. Welcome to Hay Day, the most popular farming game on mobiles and tablets, number one in 122 countries.Get Hay Day ‚ñ∫‚ñ∫ https://link.haydaygame.com/Learn the lay of the land, tend to your crops, and trade goods with neighbors and friends. It‚Äôs a real special place where the crops never die even though it never rains. Sharing the farm with our quirky animals only makes things more fun!Hay Day is available for devices running iOS, Android and Kindle!Subscribe for more videos ‚ñ∫‚ñ∫ https://supr.cl/SubHayDayFollow us on our Socials!Twitter ‚ñ∫‚ñ∫ https://twitter.com/HayDay/Instagram ‚ñ∫‚ñ∫ https://www.instagram.com/hayday Facebook ‚ñ∫‚ñ∫ https://www.facebook.com/haydayofficialHay Day Discord Chat ‚ñ∫‚ñ∫ https://discord.gg/F7BmubqHay Day Reddit ‚ñ∫‚ñ∫ https://www.reddit.com/r/HayDay/",https://yt3.ggpht.com/3uuvLxttvZAZ7qZSWSa8jKQB1HZa7MKZnHgQTLAtvatZfAw_jKoWs52Uwi684l26qOEldDEE=s88-c-k-c0x00ffffff-no-rj,320577023,https://www.youtube.com/channel/UCBrMq7wkdPWb3PxR-GUR61A,2250000,2024-11-01,UCBrMq7wkdPWb3PxR-GUR61A,FI
TheiCollection,1121,"Hello !Je suis passionn√© par les nouvelles technologies, et √† travers cette cha√Æne YouTube j'essaie de les rendre plus fun et accessibles.Enjoy!",https://yt3.ggpht.com/rAlSwgQnHher0k71RqBS0KCSFu-BLuvlMPzX5-3R2LCKt0AXGx9xvY_Qv8hThl-QHvNsguTD-Dc=s88-c-k-c0x00ffffff-no-rj,197539904,https://www.youtube.com/channel/UCaybrunQi8xWgPMgv1AYBHw,960000,2024-11-01,UCaybrunQi8xWgPMgv1AYBHw,FR
BABYMONSTER,332,BABYMONSTER Official YouTube ChannelÎ≤†Ïù¥ÎπÑÎ™¨Ïä§ÌÑ∞ Í≥µÏãù Ïú†ÌäúÎ∏å Ï±ÑÎÑêÏûÖÎãàÎã§.,https://yt3.ggpht.com/79MZT_n38ZBWrEUjhxwjOGVqsTtBLJBmUEojOvTNNcZguBuoxvZtQse-A-D0Kt6GamsYVPCnqQ=s88-c-k-c0x00ffffff-no-rj,2785108912,https://www.youtube.com/channel/UCqwUnggBBct-AY2lAdI88jQ,7200000,2024-11-01,UCqwUnggBBct-AY2lAdI88jQ,KR
STUDIOCANAL France,1059,"L'actu des sorties salles, DVD/Blu-ray/VOD, ainsi que des extraits exclusifs de l'ensemble des films distribu√©s par Studiocanal en France.",https://yt3.ggpht.com/ytc/AIdro_kMeAeIJwLxxyaPNwu4j_cfpDa1MKtqRviSeW8OLOYL_JA=s88-c-k-c0x00ffffff-no-rj,338718159,https://www.youtube.com/channel/UCCKPoUe4nvn6H-HaoY2UM0g,351000,2024-11-01,UCCKPoUe4nvn6H-HaoY2UM0g,FR
ChocolatAndVanillah,188,"ChocolatAndVanillah 2‚ú®Cha√Æne Secondaire, suis une youtubeuse lifestyle mais sur cette cha√Æne, tu peux consid√©rer comme une youtubeuse gameuse je fais souvent du Fortnite et d'autres jeux de temps en temps.Tu peux me retrouver ici tout les mercredis, samedi √† 13H30 :) üå∫üíïMes r√©seaux sociaux üíïüç¶ Devenir sponsor : https://bit.ly/3bwKXaBüåà  Cha√Æne secondaire : https://bit.ly/2ANLOq3üü£Twitch : https://www.twitch.tv/chocolatandvani... üì∏  Instagram : https://bit.ly/2WyZoWFüëâ  Discord : https://bit.ly/2XXll2Tüå∫  TikTok : https://bit.ly/2Z9NQLc‚úÖTwitter : https://twitter.com/ChocoVanillahüíå Adresse mail pro : chocolatandvanillapro@gmail.com",https://yt3.ggpht.com/30Bomr2zL2WKws5VZpTpFejbJb0LK-eNydq5AQQX-tujSlVj-badkC2_rvUakABgJqBalAvSsw=s88-c-k-c0x00ffffff-no-rj,56427930,https://www.youtube.com/channel/UCaCUq621hbDixsvUDELqMVw,612000,2024-11-01,UCaCUq621hbDixsvUDELqMVw,ZZ
Feldup,352,Des vid√©os et de la musiquec'est un bon d√©part,https://yt3.ggpht.com/ytc/AIdro_mPxoG7z1dBpl_CIvHAq0QEwpU_JduJrP1Xlil0YWWQBgQ=s88-c-k-c0x00ffffff-no-rj,174271111,https://www.youtube.com/channel/UCQVaKQcp4OxSg1eC6SF3NTw,1590000,2024-11-01,UCQVaKQcp4OxSg1eC6SF3NTw,FR
Karmine Corp,764,"Bienvenue sur la chaine Youtube de la Karmine Corp, structure e-sport fran√ßaise pr√©sente sur League of Legends en LEC et LFL, Valorant en VCT et GC, Rocket League et TFT ! Business inquiries : contact@karminecorp.fr",https://yt3.ggpht.com/X9vXoX-ZOjt1nPj2ZVWnlI5DJokKehFzfVpS5oSRl2ZSVJjZ4_tBymZeO9tSBsZfWFqaGoYkyA=s88-c-k-c0x00ffffff-no-rj,34679821,https://www.youtube.com/channel/UCW5Ma_xnAweFIXCGOAZECAA,176000,2024-11-01,UCW5Ma_xnAweFIXCGOAZECAA,FR
Maxime Biaggi,33,sympatoche,https://yt3.ggpht.com/IdQv6OaeVILA0-FjBe176nHUsKLXD5SS0bUsoup6KIYxw-KauGF3igYgOvMWqhHdy3X9pEj3yQ=s88-c-k-c0x00ffffff-no-rj,20722703,https://www.youtube.com/channel/UCwsttsWPse6KzUzUbQDGRPA,556000,2024-11-01,UCwsttsWPse6KzUzUbQDGRPA,FR
CYRILmp4,1043,J‚Äôexplore la cr√©ation !,https://yt3.ggpht.com/wvQK5T9-od3zarWw8zFEEylg-8e9Kx-fVOEZrSGnAtKQizfKP80Xn66tQ857q6p9d7Y6tn2A1Q=s88-c-k-c0x00ffffff-no-rj,1288459263,https://www.youtube.com/channel/UC-4M8AN08hw39nn2v91VuMQ,5060000,2024-11-01,UC-4M8AN08hw39nn2v91VuMQ,FR
Jojol,1955,"Jeune homme de 30 ans et passionn√© par l'high-tech, je me suis lanc√© sur Youtube en 2010 pour partager ma passion. Aujourd'hui vous √™tes plus de 2 millions de JOLOWERS sur la cha√Æne Youtube , un gros GROS MERCI!!! :) N'h√©sitez pas √† vous abonner pour rentrer dans la famille des JOLOWERS  ‚ù§ Je suis aussi sur Facebook, Twitter, Instagram et Tiktok, donc si vous √™tes sur ces r√©seaux sociaux, n'oubliez pas de m'y suivre. Je partage des informations que je ne donne pas forc√©ment sur Youtube ;)J'essaye de faire au minimum 2 vid√©os par semaine : le mercredi et samedi vers 17h00 :D",https://yt3.ggpht.com/Mt3Pz5AH5IUhF8NLaaEOFy8sbJZkbk7gVMjPdHsczuX4m-i6gcvM0dJ57H1x2D2ib0vsPHds4g=s88-c-k-c0x00ffffff-no-rj,567774617,https://www.youtube.com/channel/UCJy0lX8ThZ7lCtst7JnegWQ,2600000,2024-11-01,UCJy0lX8ThZ7lCtst7JnegWQ,FR
Toinelag Gaming,31,,https://yt3.ggpht.com/byO4t7uAeVbfbBSmBK52C35wFh1IlIi0bdrbgNU-oiVt7VkOYW1_RD1pKU19p2bV2V5ySlkqdQ=s88-c-k-c0x00ffffff-no-rj,30415543,https://www.youtube.com/channel/UCbXIt5MtclbWKts5eHQsmew,218000,2024-11-01,UCbXIt5MtclbWKts5eHQsmew,FR
Lara Fabian,178,Bienvenue sur la cha√Æne officielle Youtube de Lara Fabian.Welcome to the official YouTube channel of Lara Fabian.,https://yt3.ggpht.com/2RJ3Z3mRhLk5X33jV2Edw869fO-UIVsRAHSgB3kpceTleTqmlPRf1F3zVY2W6C7gslBAYpoY=s88-c-k-c0x00ffffff-no-rj,348342798,https://www.youtube.com/channel/UC1gUvXeeznSixecbi16b8yg,824000,2024-11-01,UC1gUvXeeznSixecbi16b8yg,ZZ
Boston Dynamics,130,"Boston Dynamics‚Äô mission is to imagine and create exceptional robots that enrich people‚Äôs lives.For more information about Boston Dynamics and our robots, visit us at https://www.bostondynamics.com.",https://yt3.ggpht.com/ytc/AIdro_l_9S2MlIXZn2AUVHjznsbGST36FUd9vq_8bX8saLfT2g=s88-c-k-c0x00ffffff-no-rj,828840983,https://www.youtube.com/channel/UC7vVhkEfw4nOGp8TyDk7RcQ,3350000,2024-11-01,UC7vVhkEfw4nOGp8TyDk7RcQ,ZZ
VSPORTS - Allianz Cup,767,,https://yt3.ggpht.com/ytc/AIdro_n0iT5duRZt6BBMqch0X2pGIknpKW5WQEB1_D4J_vP1ww=s88-c-k-c0x00ffffff-no-rj,8823586,https://www.youtube.com/channel/UCe_huFJ0d9uhFxX74C-UkAg,31400,2024-11-01,UCe_huFJ0d9uhFxX74C-UkAg,PT
L' immigr√© parisien,1891,"Salut √† toi et bienvenue sur ma cha√Æne YouTube  üëãüèºMa chaine YouTube parle de ma passion : Le football. Je commente les plus belles affiches chaque jour! Etant supporter du PSG et Alg√©rien, sur cette chaine, tu pourras vivre avec nous tous les matchs du PSG et de l'Alg√©rie en priorit√©, mais aussi les plus grosses affiches de Ligue des Champions, Ligue 1, Premier League, Liga, Coupe du monde, Euro... FAQ : Pr√©nom : Yanis          Age : 29 ans          Situation : mari√©          Objectif : Vous avez tout fait ü´∂.          Streameur et commentateur Foot depuis le 12 Janvier 2020.         üîπ Mes r√©seaux sociaux : ‚úî Mail Pro : contactprolip@gmail.com ‚úîINSTAGRAM : https://www.instagram.com/immigreparisien/?hl=fr ‚úîTWITTER : https://twitter.com/ImmigreParisien ‚úîTIKTOK : https://www.tiktok.com/@limmigreparisien?lang=fr ",https://yt3.ggpht.com/G5R4raiHpDhi1ngeW-aqq509cQ9cnalN1RG1gVBbQ7cSkWdSHWZ3zL4QeQ0lpJ4ViStdnf903w=s88-c-k-c0x00ffffff-no-rj,248389383,https://www.youtube.com/channel/UCzSSwnU5MohO6vQqmMjKUyw,1470000,2024-11-01,UCzSSwnU5MohO6vQqmMjKUyw,FR
Bruno Mars,103,"The official YouTube channel of Bruno Mars. Subscribe for the latest official music videos, live performances, official audio, and more: https://Atlantic.lnk.to/BMsubscribe 15x GRAMMY Award winner and 27x GRAMMY Award nominee Bruno Mars is a celebrated singer, songwriter, producer, and musician with iconic hits like The Lazy Song, That's What I Like, Just The Way You Are, 24K Magic, Locked Out Of Heaven, and When I Was Your Man. His legendary body of work also includes blockbuster albums such as Doo-Wops & Hooligans, Unorthodox Jukebox, and 24K Magic, as well as era-defining collaborations like Uptown Funk with Mark Ronson, Finesse with Cardi B, and Nothin' On You with B.o.B. Forever classic, yet supremely innovative, Bruno continues to redefine music, style, and popular culture, pushing the boundaries of pop, R&B, funk, soul, hip-hop, and dance, and remains as influential as ever.",https://yt3.ggpht.com/aqNdAvqqq69k4af_gfPdyw-UrP-K0sgXYpLPxpSLRA42bopt0iwUcMfdzYrsbaHZxWF5ld9cjA=s88-c-k-c0x00ffffff-no-rj,21888905651,https://www.youtube.com/channel/UCoUM-UJ7rirJYP8CQ0EIaHA,39000000,2024-11-01,UCoUM-UJ7rirJYP8CQ0EIaHA,ZZ
KATSEYE,669,welcome to KATSEYE world üåêwatch Pop Star Academy: KATSEYE on Netflix,https://yt3.ggpht.com/VZg0eilsCIQS45RTFe2muO8nKDi7Q02HBe14KqTymoot8OrNOQMkxUTKw8tVuqvRBCcugWRPNw=s88-c-k-c0x00ffffff-no-rj,288032120,https://www.youtube.com/channel/UCA61H4fWOMHikLcUFKyQUog,868000,2024-11-01,UCA61H4fWOMHikLcUFKyQUog,ZZ
Underscore_,246,"Le talk-show des passionn√©s de l'IT ‚û°Ô∏è 1 mercredi sur 2 √† 19h sur twitch.tv/micodeüéô Hacking, Dev, IA, Entrepreneuriat üßë‚Äçüíª",https://yt3.ggpht.com/c9wuY-xQqBByos_Rvr8RkN68Pxv1kouzbHU_Yn73JDwaNdH0-vAY_eU9Kauuk9IQxIATDoII7w=s88-c-k-c0x00ffffff-no-rj,98295809,https://www.youtube.com/channel/UCWedHS9qKebauVIK2J7383g,735000,2024-11-01,UCWedHS9qKebauVIK2J7383g,FR
JOYCA,416,Jordan Aka JOYCABeatmaker/Youtuber,https://yt3.ggpht.com/UTwKyCeNxsAhrguvwQWpGvtFgLEY9Mrl3KUJDZGUx04Xs7hb2IgJM17D0SbbphRzXtX18YUPow=s88-c-k-c0x00ffffff-no-rj,1630243976,https://www.youtube.com/channel/UCow2IGnug1l3Xazkrc5jM_Q,6400000,2024-11-01,UCow2IGnug1l3Xazkrc5jM_Q,FR
Philippe Cantenot,336,"Cha√Æne 100% BMX ! Avec un peu de vtt, mais surtout beaucoup de b√™tises !",https://yt3.ggpht.com/ytc/AIdro_n0OsBQ92vC6bFY34hwpPyHqz2hKj_omFY1OBUdqHEi_Mo=s88-c-k-c0x00ffffff-no-rj,173949542,https://www.youtube.com/channel/UCaI0uXLw1aOVklVFdEsB6Yw,912000,2024-11-01,UCaI0uXLw1aOVklVFdEsB6Yw,FR
benzaieTV,631,Humour d√©bile et jeux vid√©o,https://yt3.ggpht.com/ytc/AIdro_nIfVICx4naKPomwc74k-XQXhDWl5Op6xYCqn5-mBeYAQ=s88-c-k-c0x00ffffff-no-rj,255954195,https://www.youtube.com/channel/UC3SLk50bvlivTtnFZqk-bHQ,708000,2024-11-01,UC3SLk50bvlivTtnFZqk-bHQ,FR
GotagaTV,2660,"Bienvenue sur la chaine secondaire de GOTAGA !Vous y trouverez des replays, des edits, des gameplays et beaucoup de fun !‚ñ∫ Contact : contact@gotaga.tv",https://yt3.ggpht.com/ytc/AIdro_nXfemw6geXjuZ4V-bklvRDKipvbkU4HGVHmnRWCBy-DEY=s88-c-k-c0x00ffffff-no-rj,642101250,https://www.youtube.com/channel/UCwDeagCMN0rTg5-r3s9AINA,2500000,2024-11-01,UCwDeagCMN0rTg5-r3s9AINA,FR
Brawl Stars,246,Fast-paced 3v3 multiplayer and battle royale made for mobile! Play with friends or solo across a variety of game modes in under three minutes.,https://yt3.ggpht.com/FVJpJyrV85TDL2nyiFbnaBuZzuYX1thQywPXCvilPAuw7DmPjFoXphPgkCqekYNIfqFtqGrvCg=s88-c-k-c0x00ffffff-no-rj,2934011885,https://www.youtube.com/channel/UCooVYzDxdwTtGYAkcPmOgOw,20600000,2024-11-01,UCooVYzDxdwTtGYAkcPmOgOw,FI
Mohamed Henni,1070,CONTACT : mohamedhenni@urbantalents.fr,https://yt3.ggpht.com/ytc/AIdro_m8o29DwwdCUXihoH1TK_L4mW7GRMViBd-HtiOVW4KrTgY=s88-c-k-c0x00ffffff-no-rj,392786703,https://www.youtube.com/channel/UCpH6zd2mjaicUn4ONhRP0GQ,2140000,2024-11-01,UCpH6zd2mjaicUn4ONhRP0GQ,FR
 30 Millions d'Amis,753,"Fondation Reconnue d'Utilit√© Publique - Des vid√©os exclusives de la Fondation 30 Millions d'Amis qui milite depuis plus de 30 ans pour la d√©fense de tous les animaux.Sensibilisation, responsabilisation, engagements, actions et luttes en faveur de la d√©fense des animaux : la Fondation 30 Millions d'Amis, c'est plus de 30 ans d'amour et de protection au terme d'une incroyable aventure qui reste aujourd'hui in√©gal√©e dans l'histoire de la protection animale.",https://yt3.ggpht.com/RMhw_kle937BPpVpZbTD4fJOUunvmchHWdjcEA1du_gLyW4blU4mWgcGx1OKWWBpFEldgAZwNw=s88-c-k-c0x00ffffff-no-rj,224950741,https://www.youtube.com/channel/UCgFiD33dMIEYulDhjLxcXzQ,431000,2024-11-01,UCgFiD33dMIEYulDhjLxcXzQ,FR
Skyrroz,3815,"Bienvenue sur ma cha√Æne YouTube les amis !Du jeu vid√©o, du fun et une petite touche de rage.",https://yt3.ggpht.com/3CKUsm3wzyJeI1MfK0QbhgFTbnSfYAo9kUz6d36XBEUgcGr5wyriT1YoXhiBvRn-CeNyfNt-=s88-c-k-c0x00ffffff-no-rj,911180862,https://www.youtube.com/channel/UCP4wIoy9W9WdAfVIN2sVmEw,2610000,2024-11-01,UCP4wIoy9W9WdAfVIN2sVmEw,FR
beIN SPORTS France,16096,"beIN SPORTS, le plus grand des spectacles.Suivez sur https://www.beinsports.com/france/ les r√©sultats, les scores et les lives des plus grandes comp√©titions : Ligue 1, Ligue 2,  La Liga, Serie A,  NBA, Lidl Starligue, Champions Cup ... et bien plus encore ! Des vid√©os : revivez les buts et les plus belles actions des plus grands championnats en quasi-direct ! Interviews, r√©sum√©s de matchs, analyses.Des Emissions Web : chaque semaine retrouvez plus d'une dizaine d'√©missions digitales exclusives, r√©alis√©es par nos experts: Omar da Fonseca, Jacques Monclar.. vous livrent leurs expertises Des Articles et analyses exclusifs r√©dig√©s quotidiennement par nos journalistesD√©couvrez comment vous abonner ici : https://sabonner.beinsports.com/ Suivez nous sur les r√©seaux sociaux : Twitter : https://twitter.com/beinsports_FRFacebook : https://www.facebook.com/beINSPORTSFrance Instagram : https://www.instagram.com/beinsports_fr/",https://yt3.ggpht.com/ytc/AIdro_l6ubcgcA94MLXY28XrHLzdOCLmpSebx0JNk4XBMCI-SVE=s88-c-k-c0x00ffffff-no-rj,1728794986,https://www.youtube.com/channel/UCfj4kQ6_mYO5r4hzX5KloVw,2410000,2024-11-01,UCfj4kQ6_mYO5r4hzX5KloVw,FR
Les Vid√©os de Riles,2163,Pour tout contact Pro : videos2riles@gmail.com,https://yt3.ggpht.com/ytc/AIdro_m1xZ7qs53oTlDBfL3miOSpXB-dKrIM_03OCLOib9saXds=s88-c-k-c0x00ffffff-no-rj,282756939,https://www.youtube.com/channel/UCEWPsAL5QOfk5f-aoN2CLtA,1160000,2024-11-01,UCEWPsAL5QOfk5f-aoN2CLtA,FR
HugoD√©crypte - Grands formats,195,"Chaque semaine, sur cette cha√Æne, des grands formats, reportages, d√©bats, etc. Bienvenue. üëã",https://yt3.ggpht.com/XaktA1NKmyUc4i3NLshNMATrx6Jr4HvW5f3sT0dKHQ9NjwDuaCHpqGEyhucFZEays_tJdaVe0g=s88-c-k-c0x00ffffff-no-rj,165890681,https://www.youtube.com/channel/UCUo1RqYV8tGjV38sQ8S5p9A,1450000,2024-11-01,UCUo1RqYV8tGjV38sQ8S5p9A,FR
Romain Molina,767,"Bonjour √† tous,Je suis un √©crivain/journaliste ind√©pendant, auteur de dix ouvrages, dont certains traduits en Angleterre, Espagne, Russie ou Uruguay : https://www.romainmolina.comJ'ai √©galement publi√© des enqu√™tes pour The New York Times, The Guardian, la BBC, CNN, The Inquisitor, Josimar, Sport News Africa, Blast ou La Br√®che. Cette cha√Æne Youtube me permet de varier les formats, et publier mes divers travaux d'investigation autour du football, du basket, des sports de combat et parfois de la g√©opolitique.Vous pouvez me retrouver/joindre √©galement sur :- Site internet : https://www.romainmolina.com/- Facebook : https://www.facebook.com/RomainMolina11- Twitter : https://twitter.com/Romain_Molina- Mail : romainmolina at protonmail.comKeep the faith !",https://yt3.ggpht.com/ytc/AIdro_nGi00F3NrOdE_tjmlETuElkxcs_Y3KJTaLeGekKMmxKg=s88-c-k-c0x00ffffff-no-rj,50949733,https://www.youtube.com/channel/UCxfusAsd_n5AMFheiipyaCw,360000,2024-11-01,UCxfusAsd_n5AMFheiipyaCw,ES
Antoine,508,"Nouvelle Vid√©o tous les Dimanches 11h11 !!Je vous partage ma vie et mes d√©lires extr√™mes, des challenges ( d√©fis ), du sport, de la voiture, des vid√©os insolites et surtout du fun !Si tu en veux plus, abonne toi !Contact Pro : scoot2street@hotmail.fr",https://yt3.ggpht.com/I8WH8-4f4i5vHdATYgp4rQhUA99WHbphy6v3aEHIogvlKWaCZrzosw2o35feKpgKbrly27_saeo=s88-c-k-c0x00ffffff-no-rj,387873364,https://www.youtube.com/channel/UCPGUfCravJ90MlO9SC_fnAA,1900000,2024-11-01,UCPGUfCravJ90MlO9SC_fnAA,FR
"Tyler, The Creator - Topic",322,,https://yt3.ggpht.com/-1Bt8eufq601KzmA0Rk1yrIzz372UDDeBkIpWytlztkcAyh1w6g2bNfXVnR6hadnezvUCq0XICA=s88-c-k-c0x00ffffff-no-rj,1374082659,https://www.youtube.com/channel/UCo1DYcm1IZ9v3UPkpiAcgtg,91100,2024-11-01,UCo1DYcm1IZ9v3UPkpiAcgtg,ZZ
Snaptrox,238,"Une phrase accrocheuse en majuscule, abonne-toi.Contact pro : snaptroxpro@outlook.fr",https://yt3.ggpht.com/oe1bxQ00yeAR7lDrzPzIXB5CG_qB8RfsLnQbH5Kiw-5pjjk7Q4XGjCZq5phFTyqeNP0OQxrb5Q=s88-c-k-c0x00ffffff-no-rj,104905856,https://www.youtube.com/channel/UCHmMvgJsdYk-WBh-SePzmLA,988000,2024-11-01,UCHmMvgJsdYk-WBh-SePzmLA,FR
Pok√©mon Trash,443,"Pok√©mon c'est aussi pour les grands ! Pok√©mon Trash de retour, pour vous jouer un mauvais tour ! Pr√™t √† conqu√©rir le Pok√©web avec : Astuces sur Pok√©mon √âcarlate & Violet, Legends Arceus, Ep√©e & Bouclier, Soleil & Lune, Pok√©mon Go ; Secrets de chaque jeu vid√©o, de Pikachu, Dracaufeu et tous les monstres de poches les plus embl√©matiques ; sans oublier Sacha, Liko et Rhod dans le dessin anim√© ; les cartes Pok√©mon du JCC/TCG et toute notre passion pour la licence Pok√©mon !CHEFS DE CHA√éNECry - @Cry_MecolianEagle - @EagleStatesVOIX OFFSareo - @SareoMEMBRESDrPoney - @Dr_poneyEffercio - @EffercioTVFildrong - @FildrongLeonardoSkyban - @SkybanCookieZeste - @Zeste_TxtUne fois de plus Pok√©mon Trash s'envole vers d'autres cieux !",https://yt3.ggpht.com/ytc/AIdro_mxVDnAAmTQ0IiJsC59e-i9SybLEirpVh9l7O3hrbeiENo=s88-c-k-c0x00ffffff-no-rj,340964462,https://www.youtube.com/channel/UCw4P5lkVorlEfkuWiqbWRnA,1110000,2024-11-01,UCw4P5lkVorlEfkuWiqbWRnA,FR
Amixem,1056,"Voyages, Exp√©riences, D√©couvertes, Humour (des fois), LeBonCoin (Souvent), Amazon (Souvent aussi) et plein d'autres vid√©os qui rendent ma cha√Æne tellement indescriptible que du coup j'arrive pas √† finir cette phrase. MAIL PRO / BUSINESS INQUIRIES : contact@spoutnikagency.com",https://yt3.ggpht.com/XX1K_IPhILS54Sgv26VgCmxTN5KltpdWYS9wwWTIJ73wIScBFlzAPB1MMFudvmp06KFklYZR3w=s88-c-k-c0x00ffffff-no-rj,3484396109,https://www.youtube.com/channel/UCgvqvBoSHB1ctlyyhoHrGwQ,8750000,2024-11-01,UCgvqvBoSHB1ctlyyhoHrGwQ,FR
PSG - Paris Saint-Germain,6590,"Welcome to the official Paris Saint-Germain channel on Youtube!üé• Highlights, challenges, interviews, vlogs, live shows and much more üîî Turn your notifications on and never a miss a video ICI C'EST PARIS !üî¥üîµ Subscribe to the Paris Saint-Germain channel. üëâ https://www.youtube.com/PSG",https://yt3.ggpht.com/kjZCjitvwMUwDwDH8alArHvZbG_Jk3f-qDbmdQD44R1PsOxQuqXSf_FBVq2A1ivgPPJI_EZQ=s88-c-k-c0x00ffffff-no-rj,979802815,https://www.youtube.com/channel/UCt9a_qP9CqHCNwilf-iULag,8210000,2024-11-01,UCt9a_qP9CqHCNwilf-iULag,FR
L' immigr√© parisien,1891,"Salut √† toi et bienvenue sur ma cha√Æne YouTube  üëãüèºMa chaine YouTube parle de ma passion : Le football. Je commente les plus belles affiches chaque jour! Etant supporter du PSG et Alg√©rien, sur cette chaine, tu pourras vivre avec nous tous les matchs du PSG et de l'Alg√©rie en priorit√©, mais aussi les plus grosses affiches de Ligue des Champions, Ligue 1, Premier League, Liga, Coupe du monde, Euro... FAQ : Pr√©nom : Yanis          Age : 29 ans          Situation : mari√©          Objectif : Vous avez tout fait ü´∂.          Streameur et commentateur Foot depuis le 12 Janvier 2020.         üîπ Mes r√©seaux sociaux : ‚úî Mail Pro : contactprolip@gmail.com ‚úîINSTAGRAM : https://www.instagram.com/immigreparisien/?hl=fr ‚úîTWITTER : https://twitter.com/ImmigreParisien ‚úîTIKTOK : https://www.tiktok.com/@limmigreparisien?lang=fr ",https://yt3.ggpht.com/G5R4raiHpDhi1ngeW-aqq509cQ9cnalN1RG1gVBbQ7cSkWdSHWZ3zL4QeQ0lpJ4ViStdnf903w=s88-c-k-c0x00ffffff-no-rj,248389383,https://www.youtube.com/channel/UCzSSwnU5MohO6vQqmMjKUyw,1470000,2024-11-01,UCzSSwnU5MohO6vQqmMjKUyw,FR
Trash Bandicoot,215,"Trash Bandicoot est la cha√Æne qui vous fait d√©couvrir tout ce que le jeu vid√©o a √† nous offrir. Astuces, th√©ories, vulgarisation, histoires surprenantes sur des licences que vous adorez !Chefs de la cha√Æne : Numiss - @NumoussCry - @Cry_MecolianMembres : Aymen - @itsaymenherebonezi - @bonezi_Drac - @Drac_RvnDr.PoneyGuMY - @GuMY75_Kitmoon - @SirKitmoonLauraLanding - @LandingSauteOllacart PononoTrekim - @Trekim_YT",https://yt3.ggpht.com/oK1jY_GsTZML8BWIPAnWPOTEyga8YC2UOHkQU0IWPV0_Y9NxVRQBFNsUR_H8LhFIw-3ogIyR3A=s88-c-k-c0x00ffffff-no-rj,178854474,https://www.youtube.com/channel/UCNPdmQb1CkYd-02btbdA79g,837000,2024-11-01,UCNPdmQb1CkYd-02btbdA79g,FR
Serie A,29376,"Welcome to the Official Serie A channel. Over the season, we are going to produce and upload more than 5000 clips, updated everyday with Official Highlights, Magazine & Compilations (such as Best Saves, Numbers, Top 11, etc), Exclusive Interviews, Press Conferences and much more. If you are a football fan and you want to be part of our community don't forget to subscribe to Serie A channel.",https://yt3.ggpht.com/2bMmxx14op_NNRylFwN9dI4mDEWa6O6whg_e-KbDeQwpNvP9uzpp4WjJcJtryP8dos9l0Kcsnw=s88-c-k-c0x00ffffff-no-rj,4134918326,https://www.youtube.com/channel/UCBJeMCIeLQos7wacox4hmLQ,9580000,2024-11-01,UCBJeMCIeLQos7wacox4hmLQ,IT
Sofyan,147,"Anecdotes, histoires et concepts sur le cin√©ma et la pop culture üíôJe fais aussi des doublages et des tournois sur insta et twitter.",https://yt3.ggpht.com/h7vE0b1vzK5IOck7rmVyv26E1stD3PauJGuywWrPm53EvyKKhgboP0ohtlyzNSMrGy_l0L96=s88-c-k-c0x00ffffff-no-rj,213322471,https://www.youtube.com/channel/UCGWoTWsXJi1UtCjOiBHIsfw,2240000,2024-11-01,UCGWoTWsXJi1UtCjOiBHIsfw,FR
L' immigr√© parisien,1891,"Salut √† toi et bienvenue sur ma cha√Æne YouTube  üëãüèºMa chaine YouTube parle de ma passion : Le football. Je commente les plus belles affiches chaque jour! Etant supporter du PSG et Alg√©rien, sur cette chaine, tu pourras vivre avec nous tous les matchs du PSG et de l'Alg√©rie en priorit√©, mais aussi les plus grosses affiches de Ligue des Champions, Ligue 1, Premier League, Liga, Coupe du monde, Euro... FAQ : Pr√©nom : Yanis          Age : 29 ans          Situation : mari√©          Objectif : Vous avez tout fait ü´∂.          Streameur et commentateur Foot depuis le 12 Janvier 2020.         üîπ Mes r√©seaux sociaux : ‚úî Mail Pro : contactprolip@gmail.com ‚úîINSTAGRAM : https://www.instagram.com/immigreparisien/?hl=fr ‚úîTWITTER : https://twitter.com/ImmigreParisien ‚úîTIKTOK : https://www.tiktok.com/@limmigreparisien?lang=fr ",https://yt3.ggpht.com/G5R4raiHpDhi1ngeW-aqq509cQ9cnalN1RG1gVBbQ7cSkWdSHWZ3zL4QeQ0lpJ4ViStdnf903w=s88-c-k-c0x00ffffff-no-rj,248389383,https://www.youtube.com/channel/UCzSSwnU5MohO6vQqmMjKUyw,1470000,2024-11-01,UCzSSwnU5MohO6vQqmMjKUyw,FR
Nico L√†,42,Salut √† tous c‚Äôest LaSalle üòπ Je rigole bien √©videment vu que je fais pas de vid√©os GTA fin je fais des vid√©os mais pas GTA je sais pas si tu tu comprends ü§ôüèΩü§ôüèΩTiktok: Nico_tine84Insta: Nico_tine84,https://yt3.ggpht.com/b02BrKBKrKJbjag6wAf0t7CcjIhbJxRnhOHIMlnihZH8mnzvaQCJwjamLG7kLfHkUO9je9Zb=s88-c-k-c0x00ffffff-no-rj,16865043,https://www.youtube.com/channel/UCrSVu3ryGNObwCFoOGU8lHg,333000,2024-11-01,UCrSVu3ryGNObwCFoOGU8lHg,ZZ
Lena retournement de Situations,21,"Lena Situations, la chaine secondaire.",https://yt3.ggpht.com/LnJYQDXoZTd43-4I5xkGoOihH6kTJxG5UPPdxlB_4MaxFxtAN3BjKIkq7m7kHVD8S8aT_z_otpM=s88-c-k-c0x00ffffff-no-rj,12124520,https://www.youtube.com/channel/UCPhdTwqLwVBsMT8oT8PqcPg,424000,2024-11-01,UCPhdTwqLwVBsMT8oT8PqcPg,FR
Football Club de Marseille,2465,"Gr√¢ce au code promo exclusif   FCM10, profitez de 10‚Ç¨ de freebets sans d√©p√¥t sur votre compte Parions Sports EN PLUS du bonus de 100 Euros de bienvenue ! https://wlfdj.adsrv.eacdn.com/C.ashx?btag=a_951b_275c_&affid=347&siteid=951&adid=275&c=Pour lire toutes les news sur l'OM 24/24, rendez-vous √©galement sur notre site internet http://www.footballclubdemarseille.frPour un site SANS PUBLICITE et du contenu exclusif : https://www.footballclubdemarseille.fr/abonnementsRetrouvez nous sur:Instagram : https://www.instagram.com/fcmarseilleFacebook: www.facebook.com/FootballClubDeMarseilleTwitter: https://twitter.com/FCMarseille",https://yt3.ggpht.com/Kko4VTCxt8Gmr_9PCT3uwxol19yfGq0k_OSkOZsDJ9empfc85Jd2GwqafG369VB0UtUsny4R5g=s88-c-k-c0x00ffffff-no-rj,32775431,https://www.youtube.com/channel/UCocikWsRAudLmjf61hWhyAw,91700,2024-11-01,UCocikWsRAudLmjf61hWhyAw,FR
Station Service,6,,https://yt3.ggpht.com/e3mNp7Bt89jIgmHhZBrpL995MeHIZLOmKfBI_2Gw0U5t3fFRAFb2qdT2tdvQumwy610Mx3zC=s88-c-k-c0x00ffffff-no-rj,19623862,https://www.youtube.com/channel/UCzpz2sUuvZ6VtkfHPSI0REQ,224000,2024-11-01,UCzpz2sUuvZ6VtkfHPSI0REQ,ZZ
RMCSport,32366,,https://yt3.ggpht.com/52KycFtU1nQccuCrfZdfP4zCzGLNQg0Hi9hO73gJ_CDmbIiG9mec48kR-n2PZdldw8mE6A641Q=s88-c-k-c0x00ffffff-no-rj,671803524,https://www.youtube.com/channel/UCR5V8BTvlkyYtw6T_9swNEw,1560000,2024-11-01,UCR5V8BTvlkyYtw6T_9swNEw,FR
Polska Babinks,23,Bienvenue mes poulets gwis ‚ù§Ô∏è@Follow me : NSTAGRAM : @POLSKASSOUKALISNAPCHAT : @POLSKA_LIFE–¢–Ü–ö–¢–û–ö : @POLSKABABINKSBusiness Inquiry / Adresse e-mail professionnelle : Polska@schuss-productions.com,https://yt3.ggpht.com/Y2VOCCT_8Y0Ar8G01ziImg6cxMGhwO1Ba-AN9GYWJ2sBWXKNgIXoxaxaEoaNQOhhINL8h9Zh=s88-c-k-c0x00ffffff-no-rj,5031988,https://www.youtube.com/channel/UCAob8zewTfHD0lanWeEQxjA,118000,2024-11-01,UCAob8zewTfHD0lanWeEQxjA,ZZ
RCT - Rugby Club Toulonnais,577,Bienvenue sur la Chaine Officielle du Rugby Club Toulonnais sur Youtube,https://yt3.ggpht.com/nLCV1Q4UGx_D1zD9Zf0wZ4sFsCKTd7Ivabsr1_Y-E6BuAC2kwlG_8X2YDzFas8TNHNkVUsSw7w=s88-c-k-c0x00ffffff-no-rj,3174980,https://www.youtube.com/channel/UCpRec0XiokU9S7rnRQmheLA,22100,2024-11-01,UCpRec0XiokU9S7rnRQmheLA,FR
NBA Extra - beIN SPORTS France,2889,"üèÄ Toute la #NBA, la #NCAA et #WNBA, c'est sur beIN SPORTS !#NBAextra ",https://yt3.ggpht.com/NMKGFDLDPKnHHWllKiwORRddvq7pDNYSm7fgAqgTayQGKNsvgYM7K_g3nqXxkBXfsy8H_s33C4A=s88-c-k-c0x00ffffff-no-rj,134476328,https://www.youtube.com/channel/UCcMGbm0EYWh1SZZ8MsM75tw,209000,2024-11-01,UCcMGbm0EYWh1SZZ8MsM75tw,FR
Brawl Stars,246,Fast-paced 3v3 multiplayer and battle royale made for mobile! Play with friends or solo across a variety of game modes in under three minutes.,https://yt3.ggpht.com/FVJpJyrV85TDL2nyiFbnaBuZzuYX1thQywPXCvilPAuw7DmPjFoXphPgkCqekYNIfqFtqGrvCg=s88-c-k-c0x00ffffff-no-rj,2934011885,https://www.youtube.com/channel/UCooVYzDxdwTtGYAkcPmOgOw,20600000,2024-11-01,UCooVYzDxdwTtGYAkcPmOgOw,FI
SQUEEZIE GAMING,1141,"En live sur ma cha√Æne Twitch chaque Mercredi de 20h √† 00h, et au moins 2 best-of chaque semaine !",https://yt3.ggpht.com/ytc/AIdro_nesk6wB6N7lwCeREkBUPDEGtDjzktqOL_iDxvTz1VTX_E=s88-c-k-c0x00ffffff-no-rj,2351105777,https://www.youtube.com/channel/UCY-_QmcW09PHAImgVnKxU2g,4940000,2024-11-01,UCY-_QmcW09PHAImgVnKxU2g,FR
JYP Entertainment,2231,"JYPnation Official YouTubeLEADER IN ENTERTAINMENTThere are values and goals that JYP Entertainment (JYP) has pursued. JYP prides itself with those values and strives to be an exemplary leader in the entertainment industry. With the lead of Park Jin Young as one of Asia‚Äôs most prominent producers in the entertainment industry, JYP has discovered and produced some of the most popular and successful K-Pop artists, such as god, Rain, Wonder Girls, 2PM, 2AM, miss A, GOT7, DAY6, TWICE, Stray Kids, ITZY, Xdinary Heroes and NMIXX.Also, we have introduced and led K-Pop‚Äôs dominance by expanding the activities of our artists to the global music industry through the network of our overseas subsidiaries, JYP Japan and JYP China. JYP not only focuses on ordinary business, like planning and creating music, finding and managing artists, conducting online, mobile and overseas business, but also strives to scout creative talents and develop them to be suitable for the entertainment industry.",https://yt3.ggpht.com/kcV7NQkBm-UvvzVTJvrg1Yf1eHSqi-DLXuZPt_ECa3cHEPefujS951Dxj6KUEQ5i9Z7_fyMUjw=s88-c-k-c0x00ffffff-no-rj,23497702233,https://www.youtube.com/channel/UCaO6TYtlC8U5ttz62hTrZgg,29800000,2024-11-01,UCaO6TYtlC8U5ttz62hTrZgg,ZZ
Debordo Leekunfa,205,#Debordo LeelunfaCha√Æne officielle de la super star ivoirienne Debordo Leekunfa.,https://yt3.ggpht.com/ytc/AIdro_mjxxWxmrq7PN0iYcgxuzI7MROtPOo0S8mwjSWbe8XfUQ=s88-c-k-c0x00ffffff-no-rj,116785637,https://www.youtube.com/channel/UCDZHK9n4F8GUEER0m9JYV5w,762000,2024-11-01,UCDZHK9n4F8GUEER0m9JYV5w,CI
JYP Entertainment,2231,"JYPnation Official YouTubeLEADER IN ENTERTAINMENTThere are values and goals that JYP Entertainment (JYP) has pursued. JYP prides itself with those values and strives to be an exemplary leader in the entertainment industry. With the lead of Park Jin Young as one of Asia‚Äôs most prominent producers in the entertainment industry, JYP has discovered and produced some of the most popular and successful K-Pop artists, such as god, Rain, Wonder Girls, 2PM, 2AM, miss A, GOT7, DAY6, TWICE, Stray Kids, ITZY, Xdinary Heroes and NMIXX.Also, we have introduced and led K-Pop‚Äôs dominance by expanding the activities of our artists to the global music industry through the network of our overseas subsidiaries, JYP Japan and JYP China. JYP not only focuses on ordinary business, like planning and creating music, finding and managing artists, conducting online, mobile and overseas business, but also strives to scout creative talents and develop them to be suitable for the entertainment industry.",https://yt3.ggpht.com/kcV7NQkBm-UvvzVTJvrg1Yf1eHSqi-DLXuZPt_ECa3cHEPefujS951Dxj6KUEQ5i9Z7_fyMUjw=s88-c-k-c0x00ffffff-no-rj,23497702233,https://www.youtube.com/channel/UCaO6TYtlC8U5ttz62hTrZgg,29800000,2024-11-01,UCaO6TYtlC8U5ttz62hTrZgg,ZZ
Charles & M√©lanie,202,RDV ici pour ta dose d'action et d'adr√©naline !Nos Insta pour plus de dingueries :@MelanieBuffetaud@CharlesPoujadeFacebook : Charles & M√©lanieContact Pro : charlesetmelaniepro@gmail.com,https://yt3.ggpht.com/c5olY_hsD6tPcf5gMtDsd6pov1pucJTQHl592iJ3CA3OYyMz9153qNljS98e5vdvjznGu8V4Qg=s88-c-k-c0x00ffffff-no-rj,305034851,https://www.youtube.com/channel/UCrrVKLxGCyqw55s6FWYbTVQ,1520000,2024-11-01,UCrrVKLxGCyqw55s6FWYbTVQ,FR
VSPORTS - Liga Portugal,9620,"Canal dedicado ao futebol portugu√™s, com v√≠deos dos golos, resumos, tops, flash interviews, entre outros, da Liga Portuguesa.Benfica | Porto | Sporting | Braga | Mar√≠timo | Chaves | Guimar√£es |  Moreirense | Boavista | Rio Ave | Santa Clara | Portimonense | Estoril Praia | Casa Pia | Arouca | Vizela | Gil Vicente | Pa√ßos de FerreiraLiga Portuguesa | Liga Portugal Betclic",https://yt3.ggpht.com/CrJ5AiGvZYAe4DOq9DSvtUVti4BnBOsit7iOQqAg-VlXIzWxjWXWaJCjJjWx_ytNZF_-y9v3=s88-c-k-c0x00ffffff-no-rj,222852185,https://www.youtube.com/channel/UCuIlu5oGIj1RzHOYmeSV5Eg,456000,2024-11-01,UCuIlu5oGIj1RzHOYmeSV5Eg,PT
DaFuq!?Boom!,303,"DaFuq!?Boom!40 MILLION SUBSCRIBERS - 30th March 202430 MILLION SUBSCRIBERS - 19th September 202325 MILLION SUBSCRIBERS - 17th August 202320 MILLION SUBSCRIBERS - 18th July 202310 MILLION SUBSCRIBERS - 7th June 20235 MILLION SUBSCRIBERS - 15th May 20231 MILLION SUBSCRIBERS - 5:43 A.M., 23rd November 2021900k subscribers 4th April 2021700k subscribers 19th July 2020200 MILLION VIEWS IN TOTAL - 2nd April 2020600k subscribers 27th March 2020500k subscribers 23rd November 2019100 MILLION VIEWS IN TOTAL  - 12 April 2019300k subscribers - 27 February 201935 million views in total - 08/02/201850k subscribers - 12/04/201710 million views in total - 11/28/201730k subscribers - 08/03/20173 million views in total - 07/11/201720k subscribers - 07/05/201710k subscribers - 05/18/2017",https://yt3.ggpht.com/P2dEEGGTZdLx7313inVbiONF5Kz-Pqik9o6s255XtMWMoxikwsswwvf57o3xBq7NSGsXK9lDNQ=s88-c-k-c0x00ffffff-no-rj,17840782655,https://www.youtube.com/channel/UCsSsgPaZ2GSmO6il8Cb5iGA,44200000,2024-11-01,UCsSsgPaZ2GSmO6il8Cb5iGA,US
Guillaume & Kim,7131,"üé• Guillaume et Kim , Youtubers en couple ‚ù§Ô∏è ! On partage nos passions √† travers nos vid√©os ! Des jeux vid√©osüéÆ, des voyages ‚úàÔ∏è et du fun üòÄDe la Nintendo Switch aux jeux mobiles, vous trouverez tous les jeux que l'on aime sur cette cha√Æne üòäS√©ries en cours :- A venir : Super Mario Bros Wonder- Fortnite- Stumble Guys- Brawl Stars- Mario Kart - FIFA 23- Ouverture Pok√©mon - Jeux mobiles - Vid√©os IRL Pour une question ou une information : guillaumeetkim@gmail.com",https://yt3.ggpht.com/ytc/AIdro_kJtYJjtZY8v5HbfdO2RDLv7-DPPMYHpMA5GnZcGQiouD4=s88-c-k-c0x00ffffff-no-rj,795893266,https://www.youtube.com/channel/UCLzhly43KD3s9fdh7Se5p_g,1190000,2024-11-01,UCLzhly43KD3s9fdh7Se5p_g,FR
League of Legends,1501,"Recently recognized as the most played video game in the world‚Äî100 million play every month‚ÄîLeague of Legends¬Æ is a multiplayer online battle arena game (MOBA).Players choose a role from an expanding cast of powerful champions and join forces in strategic, fast-paced gameplay to take control of the enemy‚Äôs end of the battlefield.Sign up for a free League of Legends account at http://riot.com/signup",https://yt3.ggpht.com/olIZhSlrdVwqLu0Xte6d9yjTTKn256CEa1u36pXTKoioQ5c0rmOIV_MQRxybo5ekWzAbA4NV=s88-c-k-c0x00ffffff-no-rj,8245784920,https://www.youtube.com/channel/UC2t5bjwHdUX4vM2g8TRDq5g,15500000,2024-11-01,UC2t5bjwHdUX4vM2g8TRDq5g,US
Apple,201,"Welcome to the official Apple YouTube channel. Here you‚Äôll find news about product launches, tutorials, and other great content. Apple revolutionized personal technology with the introduction of the Macintosh in 1984. Today Apple continues to be a global leader in innovation with products like iPhone, iPad, Mac, Apple Watch and Apple Vision Pro. Our six software platforms (iOS, iPadOS, macOS, watchOS, tvOS, and visionOS) provide seamless experiences across Apple devices. Breakthrough services include the App Store, Apple Music, Apple Pay, and iCloud. And Apple keeps pursuing innovation with products like HomePod, Apple Fitness+, and Apple Card. Apple‚Äôs more than 160,000 employees are dedicated to making the best products on earth, and to leaving the world better than we found it. Additional products include AirPods, AirTags, Apple Arcade, Apple Books, Apple News, Apple Podcasts, and Apple TV.",https://yt3.ggpht.com/05lhMeAH6tZrPIUsp2yHNz3DwzhKbDUQcxcY0_qeXVyZttR_pktBzw0FcLUSR6D4fVqsEgL3ZO0=s88-c-k-c0x00ffffff-no-rj,1182083323,https://www.youtube.com/channel/UCE_M8A5yxnLfW0KghEeajjw,19800000,2024-11-01,UCE_M8A5yxnLfW0KghEeajjw,US
Flapix,1197,"üî∏ Contact pro (Business, partenariat..) : business@flapixtv.früî∏ R√©seaux sociaux :Twitter : MrFlapix57_YTInstagram : flapiixTwitch : FLaPiiXüî∏ Ma boutique de v√™tements : https://www.flapixshop.com/",https://yt3.ggpht.com/Mnwnz0_UbJpGhrllfqMkpSaF18-4ZyAz7PrcIMpFDufjFLeBWSdmMR35oryR0Camo1ZL20CY=s88-c-k-c0x00ffffff-no-rj,60413930,https://www.youtube.com/channel/UCRb7vV9FQg8We3yo2XZGB6g,323000,2024-11-01,UCRb7vV9FQg8We3yo2XZGB6g,FR
Apple,201,"Welcome to the official Apple YouTube channel. Here you‚Äôll find news about product launches, tutorials, and other great content. Apple revolutionized personal technology with the introduction of the Macintosh in 1984. Today Apple continues to be a global leader in innovation with products like iPhone, iPad, Mac, Apple Watch and Apple Vision Pro. Our six software platforms (iOS, iPadOS, macOS, watchOS, tvOS, and visionOS) provide seamless experiences across Apple devices. Breakthrough services include the App Store, Apple Music, Apple Pay, and iCloud. And Apple keeps pursuing innovation with products like HomePod, Apple Fitness+, and Apple Card. Apple‚Äôs more than 160,000 employees are dedicated to making the best products on earth, and to leaving the world better than we found it. Additional products include AirPods, AirTags, Apple Arcade, Apple Books, Apple News, Apple Podcasts, and Apple TV.",https://yt3.ggpht.com/05lhMeAH6tZrPIUsp2yHNz3DwzhKbDUQcxcY0_qeXVyZttR_pktBzw0FcLUSR6D4fVqsEgL3ZO0=s88-c-k-c0x00ffffff-no-rj,1182083323,https://www.youtube.com/channel/UCE_M8A5yxnLfW0KghEeajjw,19800000,2024-11-01,UCE_M8A5yxnLfW0KghEeajjw,US
Jo√© Dw√®t Fil√©,41,Bienvenue sur la cha√Æne officielle Joe Dwet File.,https://yt3.ggpht.com/Dr8xV59BNaqjfLbzjnJ-91Cvtq5BpBXIylxd2Ub3zlvIFSjeji5Uy3gBLTiDACJCBcjNBRQCXw=s88-c-k-c0x00ffffff-no-rj,384037288,https://www.youtube.com/channel/UC7n1N9L_9RKpJQLGhGVWPlg,802000,2024-11-01,UC7n1N9L_9RKpJQLGhGVWPlg,FR
Les Vid√©os de Riles,2163,Pour tout contact Pro : videos2riles@gmail.com,https://yt3.ggpht.com/ytc/AIdro_m1xZ7qs53oTlDBfL3miOSpXB-dKrIM_03OCLOib9saXds=s88-c-k-c0x00ffffff-no-rj,282756939,https://www.youtube.com/channel/UCEWPsAL5QOfk5f-aoN2CLtA,1160000,2024-11-01,UCEWPsAL5QOfk5f-aoN2CLtA,FR
CANAL+ Sport,29920,"Retrouvez le meilleur du sport avec CANAL+ : UEFA Champions League, Premier League, Top 14, Formule 1, MotoGP, Golf, Boxe...  üì≤ Des moments forts, r√©sum√©s, extraits et bien s√ªr les √©missions : Canal Champions Club, Canal Football Club, Formula One, Canal Rugby Club... üîî  Abonnez-vous et activez les notifications pour ne rien manquer ! Retrouvez-nous aussi gratuitement sur myCANAL : https://www.canalplus.com/sport/ üèÜ Abonnez-vous √† notre offre Sport pour suivre le meilleur du sport en live sur CANAL+ : https://boutique.canalplus.com/product/ESS_SP100/canal-et-le-pack-sport/",https://yt3.ggpht.com/ytc/AIdro_m6m57s5NWRzQ2pNz9D4DrjhjhSpYnY3sFwoaY4WMb7AvI=s88-c-k-c0x00ffffff-no-rj,1195880780,https://www.youtube.com/channel/UC8ggH3zU61XO0nMskSQwZdA,1460000,2024-11-01,UC8ggH3zU61XO0nMskSQwZdA,FR
NBA,59787,"The 2024-25 NBA season continues Friday on ESPN! üèÄ 7:00pm/et: Magic/Cavaliers üèÄ 9:30pm/et: Nuggets/Timberwolves The NBA is the premier professional basketball league in the United States and Canada. The league is truly global, with games and programming in 215 countries and territories in 47 languages. The NBA consists of 30 teams. The NBA offers real time access to live regular season NBA games with a subscription to NBA LEAGUE PASS, available globally for TV, broadband, and mobile.  Real-time Stats, Scores, Highlights and more are available to fans on web and mobile with the NBA App. For news, stories, highlights and more, go to our official website at https://app.link.nba.com/e/NBA_site",https://yt3.ggpht.com/9rkIU1GppqML26EOeGgxHgO-ZZSMPNRe_PAiIirXRLR7UrNC0fLkaPLb_C24-9MA0KuQJLlB=s88-c-k-c0x00ffffff-no-rj,14530568836,https://www.youtube.com/channel/UCWJ2lWNubArHWmf3FIHbfcQ,22300000,2024-11-01,UCWJ2lWNubArHWmf3FIHbfcQ,US
FORMULA 1,7991,"The home of risk takers, late brakers and history makers! üí´NEXT UP - RACE 21 OF 24: BRAZIL üáßüá∑ 01-03 NOVEMBER",https://yt3.ggpht.com/tyLW5LsJGwr4ViM30OeYbuLcu_MXfpRzP8y-X9_aKfTNJeMFHmnNbPyxxhaFDA9NRgwEu9mT-g=s88-c-k-c0x00ffffff-no-rj,7281161720,https://www.youtube.com/channel/UCB_qr75-ydFVKSF9Dmo6izg,11200000,2024-11-01,UCB_qr75-ydFVKSF9Dmo6izg,ZZ
Star Academy Officiel,570,Bienvenue sur la Cha√Æne officielle de la Star Academy.,https://yt3.ggpht.com/0IHQ5mgQqe5etrTXSuSjrFAi3oOZiWkQ_wCLvB0WAVngDF8JtfN1US67wGErLbIXLFeCx1K7sQ=s88-c-k-c0x00ffffff-no-rj,89325257,https://www.youtube.com/channel/UCuqr0DrDS998pTPtJWPmP0w,215000,2024-11-01,UCuqr0DrDS998pTPtJWPmP0w,FR
Les OUTSIDERZ ,1793,"Le foot aujourd‚Äôhui est devenu une affaire d‚Äôinsiders. Les insiders ce sont ceux qui monopolisent la divulgation des opinions dans le monde du foot. On parle ici des journalistes, des anciens joueurs et coachs devenus consultants, dirigeants de clubs, etc. Les OutsiderZ c‚Äôest pour vous les fans du monde entier, vous qui avez aussi des opinions, vous qui voulez d√©battre, vous qui kiffez ce sport, vous qui n‚Äôallez pas en cours le lendemain d‚Äôune d√©faite un mercredi de Champions League, vous qui avez un groupe secret sur Whatsapp ou Facebook pour parler de Totocard le Rattaquant. Les OutsiderZ c‚Äôest aussi pour vous qui ne suivez le foot que durant la Coupe du Monde et qui pensez que Cristiano Ronaldo est br√©silien!Le concept est simple, on est l√† pour donner nos vraies opinions sur les diff√©rentes questions qui touchent l‚Äôactualit√© foot tout en restant fid√®les √† nos convictions de fans. #ParolesAuxSupporters",https://yt3.ggpht.com/ChLo0xrhHHdRP-SR371ugXTMu9BIf7rEvW0_AM32FUGxUtGmSqoXrcZEjOF3eu3jZW8-nJ-K=s88-c-k-c0x00ffffff-no-rj,84567478,https://www.youtube.com/channel/UCsadXomBhBQQxA1IL9zauNA,336000,2024-11-01,UCsadXomBhBQQxA1IL9zauNA,ZZ
Mob Entertainment,157,Welcome to the official Mob Entertainment YouTube channel.Currently developing Poppy Playtime and Project Playtime,https://yt3.ggpht.com/3sNL6ThBhi6vYLGVBDeVT8DU5_Wuhl7IcQSwvUpA4IATW7T_weakNsLHMlwr3ZENWDQ_itgtSw=s88-c-k-c0x00ffffff-no-rj,530541878,https://www.youtube.com/channel/UCXqV4yoyC_mmZye6VbKFPeQ,3220000,2024-11-01,UCXqV4yoyC_mmZye6VbKFPeQ,ZZ
SCH,38,Bienvenue sur ma cha√Æne officielle,https://yt3.ggpht.com/PmDLruhZMNwKh2aIoaB3OkmXsfhw9YXgKSmBv-RFM6D4pPKFS04ZzuEC5bI63M8Smc-E6qm11A=s88-c-k-c0x00ffffff-no-rj,1741475838,https://www.youtube.com/channel/UCeBu6AFsaPVElhFzlj5hetg,2990000,2024-11-01,UCeBu6AFsaPVElhFzlj5hetg,FR
MATH,335,Fournisseur de contenu vid√©o qualitatif depuis 2014.,https://yt3.ggpht.com/Ab-Voyjuil-9tV10L8d8NoiTbRZbpfjcMQZMWY-atzpbEj5k3YP-dvndw-AIaskuudMq2EH0Eg=s88-c-k-c0x00ffffff-no-rj,535024865,https://www.youtube.com/channel/UChV2oq_a-UZfJF-UiW0u-DQ,1890000,2024-11-01,UChV2oq_a-UZfJF-UiW0u-DQ,BE
Valouzz,1165,Valouzz.contact@gmail.com,https://yt3.ggpht.com/ytc/AIdro_ktOqumnjtQ3OynlPfn23AaCyrmR9IdP6aVaYQz2RJlv-U=s88-c-k-c0x00ffffff-no-rj,1049077668,https://www.youtube.com/channel/UCNGq4mP3Ds5OUGjPo8IJOcw,3210000,2024-11-01,UCNGq4mP3Ds5OUGjPo8IJOcw,FR
Mhd Officiel,33,MHD Official Channel,https://yt3.ggpht.com/p5_uiSDvNJ4jMLk6oJYAG4hONQEOqPxjLoIMI3_A3od9QTao5Fq5ln-Y0TZr-g4DQepVv60d=s88-c-k-c0x00ffffff-no-rj,1759726456,https://www.youtube.com/channel/UCvebOuGWNvuUpZBzpV_Bc9Q,4740000,2024-11-01,UCvebOuGWNvuUpZBzpV_Bc9Q,FR
Ninho - Topic,281,,https://yt3.ggpht.com/Yk40VBS7t6xrWDCVGDAiFuXfb8eN3auTRltakU2hHT5rQQOF4PsyZwSxriq8G0XYP-x8mmk38Q=s88-c-k-c0x00ffffff-no-rj,1812674762,https://www.youtube.com/channel/UCBNTNHPngOpC-yeC8VpAPJQ,5110,2024-11-01,UCBNTNHPngOpC-yeC8VpAPJQ,ZZ
LadyGagaVEVO,221,"Lady Gaga on Vevo - Official Music Videos, Live Performances, Interviews and more...",https://yt3.ggpht.com/yzOEXrp_77aevhp7br98XrNC0Gl3afLllOStYv91C5_MdGr-s2GtRdCzWVqN2psTN6xlBhidCw=s88-c-k-c0x00ffffff-no-rj,15177344343,https://www.youtube.com/channel/UC07Kxew-cMIaykMOkzqHtBQ,8890000,2024-11-01,UC07Kxew-cMIaykMOkzqHtBQ,US
Liv,244,"Hello, ici Liv Je vous souhaite la bienvenue sur ma cha√Æne, pionni√®re dans le domaine du paranormal ! Sur cette chaine acc√©dez au danger avec s√©r√©nit√©.Je vous donne rendez-vous ici chaque semaine ! Au programme: Des histoires paranormales, des enqu√™tes criminelles, des myst√®res en tout genre et bien d'autres concepts intrigants. #Liv #Paranormal #Myst√®re Clique sur le bouton s'abonner pour rejoindre la communaut√© !",https://yt3.ggpht.com/NOpasUUhZhyiY5eJhCvNmlSrGk5cRrn-H5Y_6MOyOMfeQL7uZtHPRBKjdqSLthcxsZuAsZwrBw=s88-c-k-c0x00ffffff-no-rj,106629956,https://www.youtube.com/channel/UCWQ8XdwaHNDxs9kWoTH9O5A,1020000,2024-11-01,UCWQ8XdwaHNDxs9kWoTH9O5A,FR
VIVINOS,49,vivinos@studiolico.com,https://yt3.ggpht.com/wxcTILsAW1bbpFsmxYd7MJRkUyhe8Drip5hCkjmLucD30OzVcCoTJ9avilOgDBP6NhBJkAc_=s88-c-k-c0x00ffffff-no-rj,195024840,https://www.youtube.com/channel/UCch9Dmg5Juwp8MZGvAmAp4Q,1530000,2024-11-01,UCch9Dmg5Juwp8MZGvAmAp4Q,ZZ
Linkin Park,901,LINKINPARK.COM,https://yt3.ggpht.com/FPtlEh_UDOVYZ_A5YVAcodS8PP5wTVF2zP7za7hOtp3C-Ieh-qJHEgudKODznU60Eo1ctIQi=s88-c-k-c0x00ffffff-no-rj,16219417111,https://www.youtube.com/channel/UCZU9T1ceaOgwfLRq7OKFU4Q,22600000,2024-11-01,UCZU9T1ceaOgwfLRq7OKFU4Q,US
NPR Music,2589,"The official YouTube channel for NPR Music featuring Tiny Desk Concerts, live shows, documentaries and more.  Find more at www.npr.org/music",https://yt3.ggpht.com/0xQ36bByrRGcbiCG2a6Xb-pft78OAm0GW-5vRjC_uPGWD1mfAK8w7J-IjL4NbZGKbimh3QE1Zg=s88-c-k-c0x00ffffff-no-rj,3323797690,https://www.youtube.com/channel/UC4eYXhJI4-7wSWc8UNRwD4A,10100000,2024-11-01,UC4eYXhJI4-7wSWc8UNRwD4A,US
DamianoDavidVEVO,4,,https://yt3.ggpht.com/_xadvk5ph5k7rH2s2x1hTWsRKkwpcyW-4PAryO4uRdyfZPeJ5-n-sZpqEVMGHe0r4VG2v-eM=s88-c-k-c0x00ffffff-no-rj,6033553,https://www.youtube.com/channel/UCcEJwxURVimfFFhBFSfgpQw,4560,2024-11-01,UCcEJwxURVimfFFhBFSfgpQw,ZZ
LA HASBA22,17,75022 ü§øEP DISPONIBLE PARTOUT !http://lahasba22.lnk.to/75022,https://yt3.ggpht.com/kGefJHoBbXgovJUIt1qSAEZ5G2iJ5UqAY4C1o7qu3G0vYsw1aFugPcGK8Duq2yzIIHmNukTE8g=s88-c-k-c0x00ffffff-no-rj,10184074,https://www.youtube.com/channel/UCUDt3EVrl6HszRHrBZN4Vcw,34600,2024-11-01,UCUDt3EVrl6HszRHrBZN4Vcw,ZZ
All Blacks,7951,"All Blacks is the official YouTube channel for the New Zealand's Teams in Black, including the All Blacks and Black Ferns. ",https://yt3.ggpht.com/ytc/AIdro_lkK4AcnsMwy14DBXkxVWTszFgjZh0DAmwHEYpmQUCQWgo=s88-c-k-c0x00ffffff-no-rj,404138569,https://www.youtube.com/channel/UCsAPiUMyBjtKamxYGbSUnLA,949000,2024-11-01,UCsAPiUMyBjtKamxYGbSUnLA,NZ
Kevin Tran L'Empereur,91,Du contenu imp√©rial.,https://yt3.ggpht.com/fJcwYKpt1wcFPxHhC_rs_HRil2cOOtUvQycD6dBakhsJ1Wr8OgX2_3jTbzJNQd0eZErMuTIR=s88-c-k-c0x00ffffff-no-rj,299278159,https://www.youtube.com/channel/UCYD22MFqaNqXp-ogTMosW_A,2510000,2024-11-01,UCYD22MFqaNqXp-ogTMosW_A,FR
HYBE LABELS,2172,"Welcome to the official YouTube channel of HYBE, the content hub for BIGHIT MUSIC, BELIFT LAB, SOURCE MUSIC, PLEDIS Entertainment, KOZ ENTERTAINMENT, ADOR and more.",https://yt3.ggpht.com/ytc/AIdro_l8g0yRFG8xoe_qeqk8Ki9UFy36cB2IjZEWZWz0h7gl-t0=s88-c-k-c0x00ffffff-no-rj,36578093771,https://www.youtube.com/channel/UC3IZKseVpdzPSBaWxBxundA,75900000,2024-11-01,UC3IZKseVpdzPSBaWxBxundA,KR
Booska-P,2836,"Bienvenue sur la chaine YouTube de Booska-P, le m√©dia num√©ro 1 du rap et des cultures populaires en France. Au programme : interviews, freestyles, √©missions, vlogs ou reportages sont disponibles sur notre cha√Æne !Bon visionnage la team !",https://yt3.ggpht.com/YqjJqfWyPOTqn4ihYzfarqZw_AqSKrQ_BHBrkLS1OjHaJmeBGzjm8P98OqD7E029ulWZYfbM=s88-c-k-c0x00ffffff-no-rj,1026086741,https://www.youtube.com/channel/UCczuNg-bajJgZLYhrY7FpfA,2170000,2024-11-01,UCczuNg-bajJgZLYhrY7FpfA,FR
Stupeflip Officiel,182,Prendre des p'tits bouts d'trucs et puis les assembler ensemble.,https://yt3.ggpht.com/EY_qLtksReBY3BUtwMby4PKsNG_FvXhwsYrE0vhBfR0yjfohxr1mFqM8YygiY7ggBW5pJAqN7OU=s88-c-k-c0x00ffffff-no-rj,241653189,https://www.youtube.com/channel/UCFM-_iQVoyFHyHulT9JxSPA,365000,2024-11-01,UCFM-_iQVoyFHyHulT9JxSPA,FR
GAZO OFFICIEL,44,#MALAGANGX,https://yt3.ggpht.com/UOM5lJsAvT_xJXqfyjKYzNDAnG07hdAEZgIWDtd9_9tTN85-T1DUmoodyFdn1OIFLJndCf9ozA=s88-c-k-c0x00ffffff-no-rj,873748119,https://www.youtube.com/channel/UCn2DAE87nJp01zbFmUI8V5A,1660000,2024-11-01,UCn2DAE87nJp01zbFmUI8V5A,FR
Sir Gibsy,107,üñ•Ô∏è Contact/Partenariat: romainp.pro@gmail.com,https://yt3.ggpht.com/Ds7ikSwJ2vSnYC7cPD6m3eTNXqjqGXF9uNv4FuG9Nyt5hGdPjosrgeReQ79QQ6OjQIXCnh6lVWE=s88-c-k-c0x00ffffff-no-rj,43145579,https://www.youtube.com/channel/UCe6JX3pZtPwSD5ksQPfNKRQ,472000,2024-11-01,UCe6JX3pZtPwSD5ksQPfNKRQ,FR
Niska Officiel,113,Album commun GOAT disponible partout !,https://yt3.ggpht.com/SdOo0xi3mAhYtgLsLt-2NMog4icQkWmmAc0LWtEKXSmpOYa59vcP8ll7ASI0s5MInaiNGK1H3g=s88-c-k-c0x00ffffff-no-rj,2596505588,https://www.youtube.com/channel/UCtHtVptJ7tDRvbZrTFDrf7A,6140000,2024-11-01,UCtHtVptJ7tDRvbZrTFDrf7A,FR
Stervio 3.0,409,Salut c'est Stervio ! Bienvenue sur ma chaine secondaire. Ici tu trouvera des vid√©os et lives J'esp√®re que mes vid√©os et mes lives te plairont !üì± Mes r√©seaux !‚òû INSTAGRAM : http://bit.ly/BastienInsta (bastien_ster)‚òû TWITTER : http://bit.ly/BastienTwitter‚òû FACEBOOK : http://bit.ly/BastienFB‚òû DISCORD : https://discord.gg/stervioPour toute demande commerciale me contacter via cette adresse : contact@stervio.fr,https://yt3.ggpht.com/ytc/AIdro_kYUdgjGeyWt0xliHCvrLArd9Z-Zm0UbbNIzICMhk371w=s88-c-k-c0x00ffffff-no-rj,22359815,https://www.youtube.com/channel/UCrfveaMYpL4Uocm_YB8tUsQ,174000,2024-11-01,UCrfveaMYpL4Uocm_YB8tUsQ,FR
Wyktaur,110,les vid√©os avec les cubes l√†.,https://yt3.ggpht.com/Tl6eHDn2e_ctrSpEzqWNu23vf6LPeoJHoHR-XU6Q1rAqUxZ0E6K8FE8BUEoxo7G1QJIcbe-Efw=s88-c-k-c0x00ffffff-no-rj,32442326,https://www.youtube.com/channel/UClSUOi_4VD2oW_o06pC5meA,205000,2024-11-01,UClSUOi_4VD2oW_o06pC5meA,FR
Rsko,31,Rsko ¬´ √áa va ¬ª disponible ici : https://rsko.lnk.to/Cava,https://yt3.ggpht.com/yoPjcaiidDu7kD0IdHt7PaRU_LJUu0bUmi7u-7k-DPV4Q3xnw03KfOBCkNN6hTxbJGvgeaFYlg=s88-c-k-c0x00ffffff-no-rj,82600920,https://www.youtube.com/channel/UClQT1o1z6kn1n5Y5NxeJRAQ,144000,2024-11-01,UClQT1o1z6kn1n5Y5NxeJRAQ,FR
Skyrroz,3815,"Bienvenue sur ma cha√Æne YouTube les amis !Du jeu vid√©o, du fun et une petite touche de rage.",https://yt3.ggpht.com/3CKUsm3wzyJeI1MfK0QbhgFTbnSfYAo9kUz6d36XBEUgcGr5wyriT1YoXhiBvRn-CeNyfNt-=s88-c-k-c0x00ffffff-no-rj,911180862,https://www.youtube.com/channel/UCP4wIoy9W9WdAfVIN2sVmEw,2610000,2024-11-01,UCP4wIoy9W9WdAfVIN2sVmEw,FR
Bruno Mars,103,"The official YouTube channel of Bruno Mars. Subscribe for the latest official music videos, live performances, official audio, and more: https://Atlantic.lnk.to/BMsubscribe 15x GRAMMY Award winner and 27x GRAMMY Award nominee Bruno Mars is a celebrated singer, songwriter, producer, and musician with iconic hits like The Lazy Song, That's What I Like, Just The Way You Are, 24K Magic, Locked Out Of Heaven, and When I Was Your Man. His legendary body of work also includes blockbuster albums such as Doo-Wops & Hooligans, Unorthodox Jukebox, and 24K Magic, as well as era-defining collaborations like Uptown Funk with Mark Ronson, Finesse with Cardi B, and Nothin' On You with B.o.B. Forever classic, yet supremely innovative, Bruno continues to redefine music, style, and popular culture, pushing the boundaries of pop, R&B, funk, soul, hip-hop, and dance, and remains as influential as ever.",https://yt3.ggpht.com/aqNdAvqqq69k4af_gfPdyw-UrP-K0sgXYpLPxpSLRA42bopt0iwUcMfdzYrsbaHZxWF5ld9cjA=s88-c-k-c0x00ffffff-no-rj,21888905651,https://www.youtube.com/channel/UCoUM-UJ7rirJYP8CQ0EIaHA,39000000,2024-11-01,UCoUM-UJ7rirJYP8CQ0EIaHA,ZZ
Niska Officiel,113,Album commun GOAT disponible partout !,https://yt3.ggpht.com/SdOo0xi3mAhYtgLsLt-2NMog4icQkWmmAc0LWtEKXSmpOYa59vcP8ll7ASI0s5MInaiNGK1H3g=s88-c-k-c0x00ffffff-no-rj,2596505588,https://www.youtube.com/channel/UCtHtVptJ7tDRvbZrTFDrf7A,6140000,2024-11-01,UCtHtVptJ7tDRvbZrTFDrf7A,FR
Trash,408,"√ätre _____ Trash, c'est √™tre passionn√© : science, histoire, jeux-vid√©o, manga, internet, cin√©ma, comics, bref toute la culture qu'on aime. Nous faisons toujours de notre mieux pour vous offrir des vid√©os compl√®tes, intelligentes et bien mont√©es.",https://yt3.ggpht.com/ytc/AIdro_l5icC2DHPjaDA9XI077SmNdVVavo0Ekac9vKXDO5DqDBo=s88-c-k-c0x00ffffff-no-rj,857239265,https://www.youtube.com/channel/UCfGfdZuYifBYb1fmZcL1JBQ,3030000,2024-11-01,UCfGfdZuYifBYb1fmZcL1JBQ,FR
RMC Sport Combat,917,La r√©f√©rence et le diffuseur de la boxe et du MMA !,https://yt3.ggpht.com/J8aqaiz8Tjp6NFG9e7JQLCbN-PEqyaUSmZEveaZNJnFn1MeLl0UwfVvSFA1BM8WhEETgZV3q5w=s88-c-k-c0x00ffffff-no-rj,56255927,https://www.youtube.com/channel/UCDqrC9HH1w7hyZCspmukU6A,81000,2024-11-01,UCDqrC9HH1w7hyZCspmukU6A,FR
AddisonRaeVEVO,3,,https://yt3.ggpht.com/KjQpR7Zw5H5Ysu1xPtjZct5QSq_NxGhWzxEXLl4OPon4i_gUsQemkaSRtUdRDIypbfsY5nZXgQ=s88-c-k-c0x00ffffff-no-rj,11072091,https://www.youtube.com/channel/UC3Cs0kPcr0GQPCVzX32NQPg,309,2024-11-01,UC3Cs0kPcr0GQPCVzX32NQPg,ZZ
Rsko,31,Rsko ¬´ √áa va ¬ª disponible ici : https://rsko.lnk.to/Cava,https://yt3.ggpht.com/yoPjcaiidDu7kD0IdHt7PaRU_LJUu0bUmi7u-7k-DPV4Q3xnw03KfOBCkNN6hTxbJGvgeaFYlg=s88-c-k-c0x00ffffff-no-rj,82600920,https://www.youtube.com/channel/UClQT1o1z6kn1n5Y5NxeJRAQ,144000,2024-11-01,UClQT1o1z6kn1n5Y5NxeJRAQ,FR
L2B,48,Cha√Æne Officielle de L2B Gang Abonne toi pour suivre nos prochaines sorties.Rejoignez nous ici:IG: https://www.instagram.com/l2b_gangTwitter : https://mobile.twitter.com/l2b_gangTikTok: ‚Äã‚Äã‚Äãhttps://www.tiktok.com/@l2bgang_Snap KLN: @kln.snapSnap D2: @d2-l2bSnap IDS: @ids_l2b,https://yt3.ggpht.com/V2zNB8rFayCySEBzGRVuAZUbb6NZh1NSnDZ_8ad3Z4bY0pikJEAmT1ZfXGuC_fWmdVWE1O88FSk=s88-c-k-c0x00ffffff-no-rj,102811635,https://www.youtube.com/channel/UCiADY94gaAZlXpItKC0P26g,258000,2024-11-01,UCiADY94gaAZlXpItKC0P26g,FR
Ninho - Topic,281,,https://yt3.ggpht.com/Yk40VBS7t6xrWDCVGDAiFuXfb8eN3auTRltakU2hHT5rQQOF4PsyZwSxriq8G0XYP-x8mmk38Q=s88-c-k-c0x00ffffff-no-rj,1812674762,https://www.youtube.com/channel/UCBNTNHPngOpC-yeC8VpAPJQ,5110,2024-11-01,UCBNTNHPngOpC-yeC8VpAPJQ,ZZ
CANAL+ Sport,29920,"Retrouvez le meilleur du sport avec CANAL+ : UEFA Champions League, Premier League, Top 14, Formule 1, MotoGP, Golf, Boxe...  üì≤ Des moments forts, r√©sum√©s, extraits et bien s√ªr les √©missions : Canal Champions Club, Canal Football Club, Formula One, Canal Rugby Club... üîî  Abonnez-vous et activez les notifications pour ne rien manquer ! Retrouvez-nous aussi gratuitement sur myCANAL : https://www.canalplus.com/sport/ üèÜ Abonnez-vous √† notre offre Sport pour suivre le meilleur du sport en live sur CANAL+ : https://boutique.canalplus.com/product/ESS_SP100/canal-et-le-pack-sport/",https://yt3.ggpht.com/ytc/AIdro_m6m57s5NWRzQ2pNz9D4DrjhjhSpYnY3sFwoaY4WMb7AvI=s88-c-k-c0x00ffffff-no-rj,1195880780,https://www.youtube.com/channel/UC8ggH3zU61XO0nMskSQwZdA,1460000,2024-11-01,UC8ggH3zU61XO0nMskSQwZdA,FR
Megan Thee Stallion,338,Houston's own real H-Town Hottie! Young Tina Snow. ‚ÄòMEGAN‚Äô Is Out Now https://mts.lnk.to/megan,https://yt3.ggpht.com/Isb1-iaJsOcWZAvnC6vDwEV7Qz6dl0OEBoStzSTzK6_tkpaCQy-PuIUxKGP3mjTSlY3LnCIYs1w=s88-c-k-c0x00ffffff-no-rj,3185885743,https://www.youtube.com/channel/UCKrdjiuS66yXOdEZ_cOD_TA,6900000,2024-11-01,UCKrdjiuS66yXOdEZ_cOD_TA,US
Ninho - Topic,281,,https://yt3.ggpht.com/Yk40VBS7t6xrWDCVGDAiFuXfb8eN3auTRltakU2hHT5rQQOF4PsyZwSxriq8G0XYP-x8mmk38Q=s88-c-k-c0x00ffffff-no-rj,1812674762,https://www.youtube.com/channel/UCBNTNHPngOpC-yeC8VpAPJQ,5110,2024-11-01,UCBNTNHPngOpC-yeC8VpAPJQ,ZZ
NBA Extra - beIN SPORTS France,2889,"üèÄ Toute la #NBA, la #NCAA et #WNBA, c'est sur beIN SPORTS !#NBAextra ",https://yt3.ggpht.com/NMKGFDLDPKnHHWllKiwORRddvq7pDNYSm7fgAqgTayQGKNsvgYM7K_g3nqXxkBXfsy8H_s33C4A=s88-c-k-c0x00ffffff-no-rj,134476328,https://www.youtube.com/channel/UCcMGbm0EYWh1SZZ8MsM75tw,209000,2024-11-01,UCcMGbm0EYWh1SZZ8MsM75tw,FR
Emma Graziano,101,,https://yt3.ggpht.com/qF0LxdaXHQ3VtyierEiSY4VKR6s0aH--lsKT8rIFFbii9V3qYX5AMzdmOxx-_rq4fBt26i90vig=s88-c-k-c0x00ffffff-no-rj,32528898,https://www.youtube.com/channel/UCk203NKbyqud8JclTWUWtBg,333000,2024-11-01,UCk203NKbyqud8JclTWUWtBg,ZZ
Manchester United,4399,The official YouTube channel of Manchester United.,https://yt3.ggpht.com/Z2sZwVtMmdeMR-KEb7ATzyBX1_uf1A-zjgSYWuIviU2OEg2KQe2OBwyU9N9Fdm-_3vGgB3DGYQ=s88-c-k-c0x00ffffff-no-rj,2455493311,https://www.youtube.com/channel/UC6yW44UGJJBvYTlfC7CRg2Q,9460000,2024-11-01,UC6yW44UGJJBvYTlfC7CRg2Q,GB
CANAL+ Sport,29920,"Retrouvez le meilleur du sport avec CANAL+ : UEFA Champions League, Premier League, Top 14, Formule 1, MotoGP, Golf, Boxe...  üì≤ Des moments forts, r√©sum√©s, extraits et bien s√ªr les √©missions : Canal Champions Club, Canal Football Club, Formula One, Canal Rugby Club... üîî  Abonnez-vous et activez les notifications pour ne rien manquer ! Retrouvez-nous aussi gratuitement sur myCANAL : https://www.canalplus.com/sport/ üèÜ Abonnez-vous √† notre offre Sport pour suivre le meilleur du sport en live sur CANAL+ : https://boutique.canalplus.com/product/ESS_SP100/canal-et-le-pack-sport/",https://yt3.ggpht.com/ytc/AIdro_m6m57s5NWRzQ2pNz9D4DrjhjhSpYnY3sFwoaY4WMb7AvI=s88-c-k-c0x00ffffff-no-rj,1195880780,https://www.youtube.com/channel/UC8ggH3zU61XO0nMskSQwZdA,1460000,2024-11-01,UC8ggH3zU61XO0nMskSQwZdA,FR
Adem&Bilal,359,"Notre passion ? Faire des vid√©os divertissantes, s'amuser, rigoler, passer du bon temps...tous ensemble ! Afin de fonder une r√©elle famille.Et si tu souhaites faire partie de la famille, fait le nous comprendre en t'abonnant !E-mail pro : AetB@rachimedia.com",https://yt3.ggpht.com/Bx4MxdMO8PUrBAML6bXJ5sNr2o_Me89nnzqG67dY-bo0y-RBe5Yox--nMPERrwN7zipSrrU4Hao=s88-c-k-c0x00ffffff-no-rj,803667545,https://www.youtube.com/channel/UCD7wEPp2a5MPOnrfo5ZtkuA,2120000,2024-11-01,UCD7wEPp2a5MPOnrfo5ZtkuA,FR
Crash Lab',4,Crash Lab' c'est la science diff√©remment.,https://yt3.ggpht.com/Mv7jH_DEIgbUNmcIiP76llfKkzDqeGH7we8fejCEvAnuoFcMJSWhtSqdznucUTR2HWMoiipV0A=s88-c-k-c0x00ffffff-no-rj,670190,https://www.youtube.com/channel/UCzHWSEgF38Q_TFYhXw-_FmA,71200,2024-11-01,UCzHWSEgF38Q_TFYhXw-_FmA,ZZ
Maes officiel,48,Bienvenue sur la chaine Youtube Officielle de l'artiste MaesS'abonner : https://www.youtube.com/@Maesofficiel/?sub_confirmation=1#Omerta47Records,https://yt3.ggpht.com/u8vTIxs3rBxIakylOH9qC-pxJa5uMT_fdnObKsvhRDr7P5P9tfMVK6sKNolBpYfUCEtxRnWD7A=s88-c-k-c0x00ffffff-no-rj,1313177872,https://www.youtube.com/channel/UC8pflMI7DubRMqdqP768p4w,2050000,2024-11-01,UC8pflMI7DubRMqdqP768p4w,ZZ
Chi Lochii,286,,https://yt3.ggpht.com/8votL1N50-3WYkJ-EZ-JLVuOc5H64TePY5tzTfn7F3xERdBU69sAa_qPiy1bkz9pN8p4sDwDEQ=s88-c-k-c0x00ffffff-no-rj,301500294,https://www.youtube.com/channel/UC9p4xo6kdsN_3G-N5PAnF4A,595000,2024-11-01,UC9p4xo6kdsN_3G-N5PAnF4A,ZZ
Man City,8713,Subscribe and get closer to Manchester City than ever before!,https://yt3.ggpht.com/U9x-_BMoXJBPf9RWEab_TEu2TX1o1plDjeY52_BQVshkLYDtiQkCo3MVZsmq5X0gf0cTvRkFig=s88-c-k-c0x00ffffff-no-rj,2143393702,https://www.youtube.com/channel/UCkzCjdRMrW2vXLx8mvPVLdQ,7800000,2024-11-01,UCkzCjdRMrW2vXLx8mvPVLdQ,GB
SummerWalkerVEVO,26,,https://yt3.ggpht.com/k8N51QdDYxAE25A8ZtD38NvcoojPG7QpEBJxcQtbC5lYto7rvECSF3vywXLcGmMxBT2JR1YpLw=s88-c-k-c0x00ffffff-no-rj,418871802,https://www.youtube.com/channel/UC4NBMVsQp6QvIjzUeaqX3ZA,48800,2024-11-01,UC4NBMVsQp6QvIjzUeaqX3ZA,ZZ
ROMY,446,Romane pour les intimes*.,https://yt3.ggpht.com/ytc/AIdro_msDLpgjXiohKL8ESWwXpU2D8EAPFDWaxHeRznEiezl8ik=s88-c-k-c0x00ffffff-no-rj,160814891,https://www.youtube.com/channel/UC_7520oUmZ2piOVjxc3D_nw,1550000,2024-11-01,UC_7520oUmZ2piOVjxc3D_nw,FR
Megan Thee Stallion,338,Houston's own real H-Town Hottie! Young Tina Snow. ‚ÄòMEGAN‚Äô Is Out Now https://mts.lnk.to/megan,https://yt3.ggpht.com/Isb1-iaJsOcWZAvnC6vDwEV7Qz6dl0OEBoStzSTzK6_tkpaCQy-PuIUxKGP3mjTSlY3LnCIYs1w=s88-c-k-c0x00ffffff-no-rj,3185885743,https://www.youtube.com/channel/UCKrdjiuS66yXOdEZ_cOD_TA,6900000,2024-11-01,UCKrdjiuS66yXOdEZ_cOD_TA,US
Smells Like GASOLINE,361,"Le refuge des passionn√©s d'automobile authentiquesElles ont v√©cu de sales moments, sont pass√©es entre de mauvaises mains, mais aujourd'hui, la revanche a sonn√© ! Il est temps de les faire connaitre et reconna√Ætre aux yeux de vous, amateurs de machines √† sensations (attention, pas de mauvaise blague !)Je suis justement l√† pour √ßa : avec des moyens somme toute limit√©s, je me lance dans la m√©canique, sellerie, carrosserie, ou autres... Le but ? Se DEMERDER ! Pour en profiter d'avantage, au bout du compte.",https://yt3.ggpht.com/wTT1ZkEDJEP-UUlA-Y_pBC1VTFDZ43vDoeZvfMX1FUkc6QVRItpLuHNcm0YQix_keA1JxeDdbA=s88-c-k-c0x00ffffff-no-rj,63614967,https://www.youtube.com/channel/UCVMfjO8tFOlYQvg1rDBNnAg,340000,2024-11-01,UCVMfjO8tFOlYQvg1rDBNnAg,FR
HENRY LIVE,199,"Bienvenue sur Henry Live, la cha√Æne d√©di√©e aux meilleurs moments de mes livestream sur Twitch ! ",https://yt3.ggpht.com/zoKBJv4UmzZmBGN_GNbz-r66JTBeYygyIuWKkimuR2Zfi9OV5qP_FfZOIPP1Dpx5sD9eVAhEyA=s88-c-k-c0x00ffffff-no-rj,64909152,https://www.youtube.com/channel/UCYflpzCNR3pA49KiyGkxNmQ,394000,2024-11-01,UCYflpzCNR3pA49KiyGkxNmQ,FR
DADI,25,Cha√Æne officielle de DADICapricarolesque Industry ,https://yt3.ggpht.com/hGXW_JsMAqhODPi-MeQ2A85L3eXve4qdWDlgXDoIOwlTT5p2vEYdAAng8UbU8pG63N-XAQFP=s88-c-k-c0x00ffffff-no-rj,15580686,https://www.youtube.com/channel/UC2LZa2QFTxOiRj1u5TcDgsw,89700,2024-11-01,UC2LZa2QFTxOiRj1u5TcDgsw,FR
GAZO OFFICIEL,44,#MALAGANGX,https://yt3.ggpht.com/UOM5lJsAvT_xJXqfyjKYzNDAnG07hdAEZgIWDtd9_9tTN85-T1DUmoodyFdn1OIFLJndCf9ozA=s88-c-k-c0x00ffffff-no-rj,873748119,https://www.youtube.com/channel/UCn2DAE87nJp01zbFmUI8V5A,1660000,2024-11-01,UCn2DAE87nJp01zbFmUI8V5A,FR
High Side,289,"Bienvenue sur la chaine officielle de High Side : la meilleure √©mission de moto en France ! (Mais bon, √ßa c'est peut-√™tre parce que c'est la seule...)Retrouvez les reportages diffus√©s sur RMC D√©couverte, ainsi que du contenu exclusif ! Bon visionnage et bon courage...",https://yt3.ggpht.com/ytc/AIdro_kHLekmMCU9u5cVYFn5H7yY6kA8aFSTpXEKuIHHB65FQw=s88-c-k-c0x00ffffff-no-rj,134101940,https://www.youtube.com/channel/UCo2LeYTlpLra9swD4Ye-vBg,574000,2024-11-01,UCo2LeYTlpLra9swD4Ye-vBg,FR
Mnet K-POP,39889,K-POP Channel of World's No.1 Music Channel MnetWatch the latest and hottest K-POP contents on ‚ú®Mnet K-POP‚ú®‚ìíCJ ENM. Corp ALL RIGHTS RESERVED,https://yt3.ggpht.com/ytc/AIdro_nUqO-dRLZjKIvfKHI-6pRWYjmx_5ZFEVgcKfMo0m6HTLKH=s88-c-k-c0x00ffffff-no-rj,16948059340,https://www.youtube.com/channel/UCbD8EppRX3ZwJSou-TVo90A,21200000,2024-11-01,UCbD8EppRX3ZwJSou-TVo90A,ZZ
So La Zone,50,La rue mon 1 er album est disponible je vous mais le lien https://solazone.bfan.link/delacelluleauchateau,https://yt3.ggpht.com/S23zlC-wrMlP3TIrZ7_I7W0Szc6k4ms_3tkfyRRcKg0o57tmm01ayjbOBT_CU-fBU6yMFnohCw=s88-c-k-c0x00ffffff-no-rj,38921534,https://www.youtube.com/channel/UCQJmQTMxK86IYywga8tKRPQ,71700,2024-11-01,UCQJmQTMxK86IYywga8tKRPQ,FR
Malik Bentalha,35,Nouveau Spectacle : Nouveau Monde,https://yt3.ggpht.com/KXjaaJG-WANu4iLEPOdYsieJ-dKAPIVaZwxSE7FkX17mfnHR7_lcIq5hw0Bzx0XPzaVsP00r=s88-c-k-c0x00ffffff-no-rj,46306743,https://www.youtube.com/channel/UCl_bk2yyg6hS-qNHJfiJT5w,349000,2024-11-01,UCl_bk2yyg6hS-qNHJfiJT5w,FR
Parole de chat,268,Je donne ma langue au chat.No√´l ChanatLiens : https://linktr.ee/paroledechatEnvoyez-moi vos vid√©os ici : www.paroledechat.com/proposer-une-videoSi elles m'inspirent je me ferai un plaisir de s√©vir dessus ;)‚ñ∫ www.paroledechat.com‚ñ∫ Instagram : https://www.instagram.com/paroledechat_officiel‚ñ∫ TikTok : https://www.tiktok.com/@paroledechat_officiel‚ñ∫ Facebook : https://www.facebook.com/paroledechat‚ñ∫ Twitter : http://www.twitter.com/fairesetContact : info@mypetagency.comJ'en profite pour remercier Patrick Bouchitey et sa Vie priv√©e des animaux qui m'a beaucoup inspir√©.Parce que les animaux AUSSI ont le droit de s'exprimer !Faireset,https://yt3.ggpht.com/kY6GakKInL-zxDDiRDdALGXTcYiNLU3zw-od_9FGPeh7ULhV8glMVwWiZPXO9-TBhJ1-EiGmgg=s88-c-k-c0x00ffffff-no-rj,461901119,https://www.youtube.com/channel/UCnrhy622SNPt04Avj5idFIg,1540000,2024-11-01,UCnrhy622SNPt04Avj5idFIg,FR
Le Figaro,12263,"Bienvenue sur la cha√Æne YouTube du Figaro. Tous les jours, toutes les semaines, retrouvez ici notre regard sur le monde √† travers nos sujets d‚Äôactualit√©, nos portraits, nos √©clairages historiques, ainsi que des opinions d'experts, de philosophes ou bien d'auteurs.Chaque jour, dans vos kiosques, sur notre site ou gr√¢ce aux r√©seaux sociaux, nous travaillons √† faire comprendre le monde, ses d√©fis, ses enjeux, ses rapports de force, mais aussi ses beaut√©s, ses richesses et ses promesses. Abonnez-vous ‚ñ∂ https://abonnement.lefigaro.fr/lefigaro",https://yt3.ggpht.com/2yrwK8J_3eaVbE59nIxtXAxdYzVxYlm-7qVDGNhiAMr83_8YTvZEk14aAT7B6WV9UW9I0jRU=s88-c-k-c0x00ffffff-no-rj,362650289,https://www.youtube.com/channel/UCCDz_XYeKWd0OIyjp95dqyQ,735000,2024-11-01,UCCDz_XYeKWd0OIyjp95dqyQ,FR
Blarod,207,Je joue √† Brawl Stars (c'est tout).,https://yt3.ggpht.com/vZgoIxhP6L3jgl2XcJx2FP7pHtzDw0iDe72uGoDGjj7ZmTq2TQnyY-kkOHQ9z0BHkK2dDgeFQQ=s88-c-k-c0x00ffffff-no-rj,43022560,https://www.youtube.com/channel/UC8xRZZg0nZN6tqrIGNPmnXA,304000,2024-11-01,UC8xRZZg0nZN6tqrIGNPmnXA,FR
Val Lienard,782,Venez suivre mon quotidien de footballeur en National 2 √† travers la s√©rie QDF ! ü¶ÖTikTok : val_lienard Instagram : val_lienardSnapchat : val_lienardContact (pro uniquement) : val.lienardcontact@gmail.com,https://yt3.ggpht.com/fm7kBHiOvBPbWQcolMh_6uWwoC1X5IgKTOb62D1EDFx2UryegRDTe3H4ew6Wz-ZRjUY-_okcTg=s88-c-k-c0x00ffffff-no-rj,190157741,https://www.youtube.com/channel/UCKJ7cmBniTdqzwyeQLOk6ow,479000,2024-11-01,UCKJ7cmBniTdqzwyeQLOk6ow,FR
Stervio 3.0,409,Salut c'est Stervio ! Bienvenue sur ma chaine secondaire. Ici tu trouvera des vid√©os et lives J'esp√®re que mes vid√©os et mes lives te plairont !üì± Mes r√©seaux !‚òû INSTAGRAM : http://bit.ly/BastienInsta (bastien_ster)‚òû TWITTER : http://bit.ly/BastienTwitter‚òû FACEBOOK : http://bit.ly/BastienFB‚òû DISCORD : https://discord.gg/stervioPour toute demande commerciale me contacter via cette adresse : contact@stervio.fr,https://yt3.ggpht.com/ytc/AIdro_kYUdgjGeyWt0xliHCvrLArd9Z-Zm0UbbNIzICMhk371w=s88-c-k-c0x00ffffff-no-rj,22359815,https://www.youtube.com/channel/UCrfveaMYpL4Uocm_YB8tUsQ,174000,2024-11-01,UCrfveaMYpL4Uocm_YB8tUsQ,FR
Ninjaxx¬≤,150,Chaine Multigaming de Ninjaxx !,https://yt3.ggpht.com/9XO0txo7xWw_q4ZcQgQeJk9NVaGVwOyMP_kvXbtitdcUwY_myV4IhCk-bPlp1HairO0DRty-sw=s88-c-k-c0x00ffffff-no-rj,35767276,https://www.youtube.com/channel/UCLkpdLGqX_cAM648W5E1RHg,255000,2024-11-01,UCLkpdLGqX_cAM648W5E1RHg,FR
CYRILmp4,1043,J‚Äôexplore la cr√©ation !,https://yt3.ggpht.com/wvQK5T9-od3zarWw8zFEEylg-8e9Kx-fVOEZrSGnAtKQizfKP80Xn66tQ857q6p9d7Y6tn2A1Q=s88-c-k-c0x00ffffff-no-rj,1288459263,https://www.youtube.com/channel/UC-4M8AN08hw39nn2v91VuMQ,5060000,2024-11-01,UC-4M8AN08hw39nn2v91VuMQ,FR
SQUEEZIE,1690,clique sur une vid√©o nan??,https://yt3.ggpht.com/ytc/AIdro_nlYG9XXCWp8oc9g1Ib9w_a_dv6nKs8pRSY-ubNHEbU6Mo=s88-c-k-c0x00ffffff-no-rj,10852600915,https://www.youtube.com/channel/UCWeg2Pkate69NFdBeuRFTAw,19100000,2024-11-01,UCWeg2Pkate69NFdBeuRFTAw,FR
Succulent Gaming,31,LA SUCCULENTERIE N‚ÄôEST JAMAIS FINIE !!!üî•,https://yt3.ggpht.com/3FYGPdz8U9by5dCvHaAiA47bPhXoQEez_W24UxGaBZ_t_p7Ym6qxZI14h1wTPTKd4_3GH3HJkg=s88-c-k-c0x00ffffff-no-rj,10288922,https://www.youtube.com/channel/UCNpDGgwjJK4-voGoG1lq-YQ,234000,2024-11-01,UCNpDGgwjJK4-voGoG1lq-YQ,FR
HugoD√©crypte - Actus du jour,3166,"Chaque jour du lundi au vendredi, sur cette cha√Æne, un r√©sum√© et une analyse de l'actualit√© du jour. Bienvenue. üëã",https://yt3.ggpht.com/9eMry-HmtijTUp4YNKtOLY5G5lMNUpnF0kNMnwfgaBPWvWooIf5upePmW-gUrhqsHcs33LUo=s88-c-k-c0x00ffffff-no-rj,1033221274,https://www.youtube.com/channel/UCAcAnMF0OrCtUep3Y4M-ZPw,2990000,2024-11-01,UCAcAnMF0OrCtUep3Y4M-ZPw,FR
SMTOWN,4440,Welcome to SM Entertainment Official YouTube Channel!You can enjoy SM artist's latest videos on SMTOWN Official YouTube Channel.,https://yt3.ggpht.com/_1Z4I2qpWaCN9g3BcDd3cVA9MDHOG43lE1YNWDNkKro49haGxkjwuFK-I8faWTKM6Jle9qb4ag=s88-c-k-c0x00ffffff-no-rj,30397847564,https://www.youtube.com/channel/UCEf_Bc-KVd7onSeifS3py9g,32700000,2024-11-01,UCEf_Bc-KVd7onSeifS3py9g,ZZ
Monster Hunter,688,"The official Monster Hunter channel on YouTube.Subscribe for the Newest Trailers, Community Features, and Info on all things Monster Hunter!Monster Hunter Rise is coming to Xbox Series X|S, Xbox One, Windows, Game Pass, PS5, and PS4 on Jan 20 2023.Monster Hunter Rise: #Sunbreak is available now on Nintendo Switch & Steam.#MHStories2 is available now on Nintendo Switch & PC.MHW #Iceborne available now on PS4, Xbox One, PC.Support: http://capcom.com/supportESRB Rating: TEEN with Blood, Crude Humor, Mild Language, Use of Alcohol, Violence, Mild Suggestive Themes¬©CAPCOM CO., LTD. ALL RIGHTS RESERVED.",https://yt3.ggpht.com/YBwrEEBQTxL9CjH4iWOY8qK33uWSujyfLkhEjIKe67jJM0WGrF45kuJnSizJY7PFSb1J3rwZ3w=s88-c-k-c0x00ffffff-no-rj,135909745,https://www.youtube.com/channel/UCVS0xBpOtXBAl12rdG67-OQ,582000,2024-11-01,UCVS0xBpOtXBAl12rdG67-OQ,ZZ
"Tyler, The Creator",90,CHROMAKOPIA is out now: https://tylerthecreator.lnk.to/chromakopia ,https://yt3.ggpht.com/-1Bt8eufq601KzmA0Rk1yrIzz372UDDeBkIpWytlztkcAyh1w6g2bNfXVnR6hadnezvUCq0XICA=s88-c-k-c0x00ffffff-no-rj,2453324652,https://www.youtube.com/channel/UCsQBsZJltmLzlsJNG7HevBg,6090000,2024-11-01,UCsQBsZJltmLzlsJNG7HevBg,ZZ
Nico L√†,42,Salut √† tous c‚Äôest LaSalle üòπ Je rigole bien √©videment vu que je fais pas de vid√©os GTA fin je fais des vid√©os mais pas GTA je sais pas si tu tu comprends ü§ôüèΩü§ôüèΩTiktok: Nico_tine84Insta: Nico_tine84,https://yt3.ggpht.com/b02BrKBKrKJbjag6wAf0t7CcjIhbJxRnhOHIMlnihZH8mnzvaQCJwjamLG7kLfHkUO9je9Zb=s88-c-k-c0x00ffffff-no-rj,16865043,https://www.youtube.com/channel/UCrSVu3ryGNObwCFoOGU8lHg,333000,2024-11-01,UCrSVu3ryGNObwCFoOGU8lHg,ZZ
SQUEEZIE GAMING,1141,"En live sur ma cha√Æne Twitch chaque Mercredi de 20h √† 00h, et au moins 2 best-of chaque semaine !",https://yt3.ggpht.com/ytc/AIdro_nesk6wB6N7lwCeREkBUPDEGtDjzktqOL_iDxvTz1VTX_E=s88-c-k-c0x00ffffff-no-rj,2351105777,https://www.youtube.com/channel/UCY-_QmcW09PHAImgVnKxU2g,4940000,2024-11-01,UCY-_QmcW09PHAImgVnKxU2g,FR
LeChefOtaku,1212,Cha√Æne sur les mangas et plein d'autres trucs.,https://yt3.ggpht.com/ytc/AIdro_mlgbmmt7_YEvlH3CnnYGix5Scd2YANeVf6Z-DL82Jtmhs=s88-c-k-c0x00ffffff-no-rj,262623287,https://www.youtube.com/channel/UC5sbGkJ_Fuzn_NCxFfX0zLw,1050000,2024-11-01,UC5sbGkJ_Fuzn_NCxFfX0zLw,FR
Patrick Bruel,95,Cha√Æne officielle de Patrick Bruel,https://yt3.ggpht.com/uArgFFWnq5yeWmAldzZCDtZy6385PIRyC0qeqzm-crXcXUdtua7iIHR3CKBoI3yUfyOGpjObHw=s88-c-k-c0x00ffffff-no-rj,226899718,https://www.youtube.com/channel/UCykFnxpSK9mQN-CzUNSgE_A,241000,2024-11-01,UCykFnxpSK9mQN-CzUNSgE_A,FR
HugoD√©crypte - Grands formats,195,"Chaque semaine, sur cette cha√Æne, des grands formats, reportages, d√©bats, etc. Bienvenue. üëã",https://yt3.ggpht.com/XaktA1NKmyUc4i3NLshNMATrx6Jr4HvW5f3sT0dKHQ9NjwDuaCHpqGEyhucFZEays_tJdaVe0g=s88-c-k-c0x00ffffff-no-rj,165890681,https://www.youtube.com/channel/UCUo1RqYV8tGjV38sQ8S5p9A,1450000,2024-11-01,UCUo1RqYV8tGjV38sQ8S5p9A,FR
Devibration,207,bienvenue dans mon journal de bord üñãÔ∏è,https://yt3.ggpht.com/ytc/AIdro_kL9kp1vz6lgpYq4cdQ7toj6DBmtLlrpU4DrIOp95_QUKg=s88-c-k-c0x00ffffff-no-rj,21535799,https://www.youtube.com/channel/UCELnGqT6oDc7Gk6lb5ejByg,218000,2024-11-01,UCELnGqT6oDc7Gk6lb5ejByg,FR
HYBE LABELS,2172,"Welcome to the official YouTube channel of HYBE, the content hub for BIGHIT MUSIC, BELIFT LAB, SOURCE MUSIC, PLEDIS Entertainment, KOZ ENTERTAINMENT, ADOR and more.",https://yt3.ggpht.com/ytc/AIdro_l8g0yRFG8xoe_qeqk8Ki9UFy36cB2IjZEWZWz0h7gl-t0=s88-c-k-c0x00ffffff-no-rj,36578093771,https://www.youtube.com/channel/UC3IZKseVpdzPSBaWxBxundA,75900000,2024-11-01,UC3IZKseVpdzPSBaWxBxundA,KR
Sylvqin,64,"Histoires du web mais pas que, enqu√™tes parfois, et un neon kebab.",https://yt3.ggpht.com/RrWKEYeV1fxBHF2yfMrrCLBQ8KyxOI1zpMQIwbBj2EbHaHv4o1HzQtlPdBAxZRd8ojTgr2Ne=s88-c-k-c0x00ffffff-no-rj,31923211,https://www.youtube.com/channel/UCseGV3amBLISlIOMQodPfVQ,457000,2024-11-01,UCseGV3amBLISlIOMQodPfVQ,FR
Maes - Topic,246,,https://yt3.ggpht.com/u8vTIxs3rBxIakylOH9qC-pxJa5uMT_fdnObKsvhRDr7P5P9tfMVK6sKNolBpYfUCEtxRnWD7A=s88-c-k-c0x00ffffff-no-rj,358462223,https://www.youtube.com/channel/UCu3WJjXqlYozV9s8sGYPySA,11600,2024-11-01,UCu3WJjXqlYozV9s8sGYPySA,ZZ
WIXO & LA2S,13,,https://yt3.ggpht.com/uh7EiauSgCb8fr7HDgLzEcGCk5MRNPP4XgVpyimCC5GvFHdbhyMEJjetYqJubD5AuqIVo-4F7Q=s88-c-k-c0x00ffffff-no-rj,5675218,https://www.youtube.com/channel/UCmHoiy6KU2_MsMlceNzhQaw,18300,2024-11-01,UCmHoiy6KU2_MsMlceNzhQaw,ZZ
Feldup,352,Des vid√©os et de la musiquec'est un bon d√©part,https://yt3.ggpht.com/ytc/AIdro_mPxoG7z1dBpl_CIvHAq0QEwpU_JduJrP1Xlil0YWWQBgQ=s88-c-k-c0x00ffffff-no-rj,174271111,https://www.youtube.com/channel/UCQVaKQcp4OxSg1eC6SF3NTw,1590000,2024-11-01,UCQVaKQcp4OxSg1eC6SF3NTw,FR
Mcfly et Carlito,649,C'est deux gars.Notre cha√Æne secondaire : https://www.youtube.com/channel/UCtxhwJ-6n4_C6ElALThD25QContact Pro : lefatshow@gmail.comDiscord : https://discord.gg/mcflyetcarlito,https://yt3.ggpht.com/ytc/AIdro_kSPG3h89eFoHhkLFYl_VQ6OkFpLCfpZUSuIWkRJt0sI-E=s88-c-k-c0x00ffffff-no-rj,2382153680,https://www.youtube.com/channel/UCDPK_MTu3uTUFJXRVcTJcEw,7420000,2024-11-01,UCDPK_MTu3uTUFJXRVcTJcEw,FR
Lady Gaga,193,ladygaga.comhauslabs.com,https://yt3.ggpht.com/yzOEXrp_77aevhp7br98XrNC0Gl3afLllOStYv91C5_MdGr-s2GtRdCzWVqN2psTN6xlBhidCw=s88-c-k-c0x00ffffff-no-rj,18347404895,https://www.youtube.com/channel/UCNL1ZadSjHpjm4q9j2sVtOA,25100000,2024-11-01,UCNL1ZadSjHpjm4q9j2sVtOA,ZZ
RG28,271,Jeune arbitre de Football qui vous partage sa passion √† travers des vid√©os !,https://yt3.ggpht.com/t29G_8Ei4cqcEof1gMXcMHSoLvlnukEApvk7CUw2HZUdS7e2ytU_dLkVy9JfxHT5vWEO5ChxrsE=s88-c-k-c0x00ffffff-no-rj,34667763,https://www.youtube.com/channel/UCZh98aIwhumAAr8OMzV4-xQ,239000,2024-11-01,UCZh98aIwhumAAr8OMzV4-xQ,FR
Amixem,1056,"Voyages, Exp√©riences, D√©couvertes, Humour (des fois), LeBonCoin (Souvent), Amazon (Souvent aussi) et plein d'autres vid√©os qui rendent ma cha√Æne tellement indescriptible que du coup j'arrive pas √† finir cette phrase. MAIL PRO / BUSINESS INQUIRIES : contact@spoutnikagency.com",https://yt3.ggpht.com/XX1K_IPhILS54Sgv26VgCmxTN5KltpdWYS9wwWTIJ73wIScBFlzAPB1MMFudvmp06KFklYZR3w=s88-c-k-c0x00ffffff-no-rj,3484396109,https://www.youtube.com/channel/UCgvqvBoSHB1ctlyyhoHrGwQ,8750000,2024-11-01,UCgvqvBoSHB1ctlyyhoHrGwQ,FR
GMK,455,"Suivez mes aventures avec mes voitures. Le seul but de mes videos est de partager avec vous, uniquement ce qui concerne les voitures. Beaucoup appr√©cient, certains non. Si tu n'appr√©cies pas, passes ton chemin. Je ne suis pas journaliste auto, je ne suis pas Youtubeur, et je ne suis pas un professionnel de la vid√©o. Mes videos sont tourn√©es en mode amateur, et c'est ce qui fait la difference avec les autres. Si tu veux embarquer avec moi en voiture, c'est le moment !",https://yt3.ggpht.com/jesnGzDLANas7t6AWDKeKF_Ei3sEkH4hdpQxo5M8SePI5kUnZ8Ij0QqWUoxx8B3iNqXQMF3fRQ=s88-c-k-c0x00ffffff-no-rj,452919463,https://www.youtube.com/channel/UCWPOLkftHreB1p8ospsiApw,2350000,2024-11-01,UCWPOLkftHreB1p8ospsiApw,FR
clararunaway,60,ta storytelleuse cin√©ma pr√©f√©r√©e,https://yt3.ggpht.com/ytc/AIdro_nriCTXa_WnYHN6JJPJYq_OFMev_LJzOiMOPkYxba-jBb4=s88-c-k-c0x00ffffff-no-rj,8556149,https://www.youtube.com/channel/UCuLS5cbAG6fgBwega9RaG9A,195000,2024-11-01,UCuLS5cbAG6fgBwega9RaG9A,FR
CHRIS üß¢,5,,https://yt3.ggpht.com/f8dKv6eLnATC0m9wjDQX9tx2eXGow2Mxtadjm_2v4E-94eivZi1q_zNUQ0c7xcglm6eMEiqN=s88-c-k-c0x00ffffff-no-rj,1265306,https://www.youtube.com/channel/UC9gQ9nMYEPmzsbOpz0THaDw,47300,2024-11-01,UC9gQ9nMYEPmzsbOpz0THaDw,ZZ
Rzm64 FR ,20,Contact : Contactrzm64@gmail.com,https://yt3.ggpht.com/_ihwMjc0tsNEpdMju4AZiLxGmuO4wnsA8kx96ZGhJSxMxv0_q3nJC9NxS4847CWSkr6blAFvZv4=s88-c-k-c0x00ffffff-no-rj,6916812,https://www.youtube.com/channel/UCB0Faz0mFzbogfIqihllXVw,193000,2024-11-01,UCB0Faz0mFzbogfIqihllXVw,FR
Cyrus North,266,YouTubeur Reflexion : Je pense donc tu me suis. ,https://yt3.ggpht.com/ytc/AIdro_mHAFHVIvsQA_d6FzOsUusZBnw81yEOmfl70kAaBDcGCU4=s88-c-k-c0x00ffffff-no-rj,69633744,https://www.youtube.com/channel/UCah8C0gmLkdtvsy0b2jrjrw,852000,2024-11-01,UCah8C0gmLkdtvsy0b2jrjrw,FR
janelle dltr,27,safe place,https://yt3.ggpht.com/In5vGaH0v6wEstgef3Oo0x8-Ul4O8GvLFQ0a3qVycmJqTNz9Dz0Eqk7GRMCkNml_Tg7IAt6MXg=s88-c-k-c0x00ffffff-no-rj,5788034,https://www.youtube.com/channel/UCObjT6_9D0vIOAfVEhEbLlw,1070000,2024-11-01,UCObjT6_9D0vIOAfVEhEbLlw,FR
Star Academy - Topic,456,,https://yt3.ggpht.com/gfGVRCbxKUdzbFR1kVflbNPY4ZYfPQhS7ZmEH6Zyt8XR2ej3YhPbVT2UnEP95_lRhfOwXn5MsQ=s88-c-k-c0x00ffffff-no-rj,19515907,https://www.youtube.com/channel/UCqZW-sbqCcJzJdUVo8YKQ4g,37500,2024-11-01,UCqZW-sbqCcJzJdUVo8YKQ4g,ZZ
ROS√â,29,,https://yt3.ggpht.com/gYUhm-w3_GKgz07ndhZ2_TvnRB8vgPBiI0n1UillNmGiCHPfkoxVY4Qi5LEP6R8HC7HenTREsQ=s88-c-k-c0x00ffffff-no-rj,772758231,https://www.youtube.com/channel/UCBo1hnzxV9rz3WVsv__Rn1g,10700000,2024-11-01,UCBo1hnzxV9rz3WVsv__Rn1g,ZZ
Honkai: Star Rail,387,"Honkai: Star Rail is a new HoYoverse space fantasy RPG. Hop aboard the Astral Express and experience the galaxy's infinite wonders on this journey filled with adventure and thrills.Players will meet new companions across various worlds and even chance upon some familiar faces. Together, they will overcome the struggles caused by the Stellaron and unravel the hidden truths behind it.",https://yt3.ggpht.com/nil3KDgTHpHQMfxXyYaDCOcIkEwqg999f7vATMSaKX1V5BZXPAi2IM0Mgb46hBYNVdVd_gPEHA=s88-c-k-c0x00ffffff-no-rj,445938424,https://www.youtube.com/channel/UC2PeMPA8PAOp-bynLoCeMLA,2360000,2024-11-01,UC2PeMPA8PAOp-bynLoCeMLA,US
Louis-San,345,"Si t'as souri c'est gagn√©, si t'es heureux c'est encore mieux.Un hybride franco-japonais qui veut te faire sourire, parfois sur des th√®mes japonais parfois non.",https://yt3.ggpht.com/ytc/AIdro_lRX5Dn0hha1n_Lg7Xk6xu-aK3AT8FsyI52VOqFuB1FBVA=s88-c-k-c0x00ffffff-no-rj,270021349,https://www.youtube.com/channel/UCqfANd8RDXTcQddXMwwgUmA,1440000,2024-11-01,UCqfANd8RDXTcQddXMwwgUmA,FR
"Tyler, The Creator",90,CHROMAKOPIA is out now: https://tylerthecreator.lnk.to/chromakopia ,https://yt3.ggpht.com/-1Bt8eufq601KzmA0Rk1yrIzz372UDDeBkIpWytlztkcAyh1w6g2bNfXVnR6hadnezvUCq0XICA=s88-c-k-c0x00ffffff-no-rj,2453324652,https://www.youtube.com/channel/UCsQBsZJltmLzlsJNG7HevBg,6090000,2024-11-01,UCsQBsZJltmLzlsJNG7HevBg,ZZ
Pitch Addict,114,Cha√Æne Youtube principale et officielle de Pitch Addict!‚úâÔ∏è pitchaddict@doubletapcontent.com,https://yt3.ggpht.com/iW-vZTchqHAzkM6NbMJClf7hGU90nPnUJBSkKh3QGw9ouOmWWGurk_kn4D99KyMrjxz4Kwa7ejg=s88-c-k-c0x00ffffff-no-rj,31357855,https://www.youtube.com/channel/UCRflwsKvsCINRlHPs1CQDig,160000,2024-11-01,UCRflwsKvsCINRlHPs1CQDig,FR
Aline Dessine,161,"Je fais plein de trucs! Des r√©novations, des tutos jardinage, du sport, des enqu√™tes internet, je joue aux sims et surtout je fais des blagues nulles :) Et puis j'ai un super chat. Instagram : aline_dessine Tiktok: Alinedessine                   Contact pro: Aline@beyondmedia.fr",https://yt3.ggpht.com/zZM99r5pIkeSlqIP88-n4zsvB7Y4AeQh4E5J0xC_ruq6EB8CQyBXIWW9mAw1URZJs4EIGi565w=s88-c-k-c0x00ffffff-no-rj,250999120,https://www.youtube.com/channel/UCdg2UgrM2iwNQf6N18vJuZw,908000,2024-11-01,UCdg2UgrM2iwNQf6N18vJuZw,BE
MichouOff,1125,"Bienvenue sur ma cha√Æne MichouOff ! Abonne-toi poto √ßa r√©galeCette cha√Æne est consacr√© aux concepts plus simples, je publie aussi des vid√©os condens√©s et mont√©s de mes lives üòâPour les grosses vid√©os, c'est sur ma cha√Æne Michou",https://yt3.ggpht.com/z2LNSuEAGGrHqSKcOWwDt_SPPq8XCGLgPkOLSyIT5MqY_4AmgIrd0HvMmkT5TYrdtgq6kwZsWQ4=s88-c-k-c0x00ffffff-no-rj,1770428577,https://www.youtube.com/channel/UCOdKaYgvLlPuinUJ1z5Gm2g,5190000,2024-11-01,UCOdKaYgvLlPuinUJ1z5Gm2g,FR
SAIFOND,115,"Saifoulaye Bald√© connu sous le nom d‚Äôartiste Saifond est un artiste auteur, compositeur et chanteur n√© √† Lab√©. Venu √† Conakry pour continuer ses √©tudes, il trouva plut√¥t son bonheur dans le milieu musical.Il a commenc√© par la danse, ensuite il rejoint un groupe de rap avant d‚Äôopter finalement pour une carri√®re solo.Dot√© d‚Äôune voix aigu√´, il a su m√©langer tradition et modernit√© pour se cr√©er un genre musical qu‚Äôon appelle aujourd‚Äôhui l‚Äôafro-pastorale. Ce m√©lange dont il est le seul qui a le secret est devenu un genre musical tr√®s suivie en Guin√©e.Il sort son premier projet solo en 2017 Djiwo Athiou Mi Yidh√© qui signifie, fille laisse moi t‚Äôaimer et depuis ce temps il ne s‚Äôest pas arr√™t√©.De nos jours, il est d√©tenteur d‚Äôun album Sabou No Wely sorti en novembre 2022 et plusieurs singles presque tous clip√©s. Il est en pr√©paration de son deuxi√®me album qui sera disponible en fin d‚Äôann√©e 2024.",https://yt3.ggpht.com/hcUIRJ52GnuTOx7UCX1ZMom4b_HEQyuBR4ZDbfGGOsnYtrJfwL7qLL0lfK7BMS3vpEcON8L_Xg=s88-c-k-c0x00ffffff-no-rj,128028804,https://www.youtube.com/channel/UCL3ltgLhi_JcFeFzzsOQ9pg,598000,2024-11-01,UCL3ltgLhi_JcFeFzzsOQ9pg,DE
Werenoi - Topic,111,"On ne sait presque rien de Werenoi. Ce qui est certain, c‚Äôest que le rappeur originaire de Montreuil ne fait pas dans la fiction. Werenoi s‚Äôimpose comme porte-√©tendard du 93, repr√©sentant d‚Äôune musique brute et sombre au possible, pr√©f√©rant chroniquer la vie de quartiers plut√¥t que manier les artifices. Il n‚Äôenjolive pas, ne ment pas, permettant √† son succ√®s de grandir gr√¢ce √† son public. Et √† rien d‚Äôautre.En 2021, Werenoi se faisait d√©finitivement un nom gr√¢ce √† ¬´ La League ¬ª, puis √† ¬´ Solitaire ¬ª, tous deux singles d‚Äôor. D√©j√†, l‚Äôengouement autour de sa musique poussait ses fans √† partager officieusement ses premiers titres. Plusieurs de ces morceaux ont √©t√© r√©unis sur son premier projet, Telegram, assemblage de titres leak√©s, sans que ne soit r√©v√©l√©e l‚Äôorigine de la fuite. Le myst√®re, encore.Sur Carr√©, le Montreuillois continue d‚Äô√©largir sa palette sonore. Avec, toujours, ce besoin visc√©ral de montrer son monde tel qu‚Äôil est, sans fard. Pour b√¢tir Carr√©, Werenoi s‚Äôest entour√© des meilleurs architectes du rap fran√ßais. Dakta & Rednose, Kore, Bellek, Noxious ou encore le fid√®le Floow On The Track apportent leur science du beat. Rien d‚Äô√©tonnant √† ce que les poids lourds tel que Ninho, Tiakola ou encore PLK viennent s‚Äôallier au projet.Avec Carr√©, Werenoi passe √† la vitesse sup√©rieure sans se trahir, sans renier ce qui a permis son √©closion fulgurante. On ne change pas une √©quipe qui gagne. √áa tombe bien, Werenoi rafle tout sur son passage.",https://yt3.ggpht.com/vxoNQj0o6Yj5zvAmgf2kW68sosOhWh2jiZI-BvEDqROFmq0wbrDLhbUHEpvkxEUsopz0gFp8CA=s88-c-k-c0x00ffffff-no-rj,153915452,https://www.youtube.com/channel/UCm6FmMolN-n38Oj8-ZHVuHg,3710,2024-11-01,UCm6FmMolN-n38Oj8-ZHVuHg,ZZ
NAZA,99,Cha√Æne officielle de NAZA,https://yt3.ggpht.com/As4mKQFFXfN4Dz3NHJUEdsOxoG5TM_RJo8V02VNtUEoKbOhH23gVJgXeyYTraAd-0tGwUWufUI8=s88-c-k-c0x00ffffff-no-rj,1117604196,https://www.youtube.com/channel/UC-omFoT0Qf48y7IpEZo-OYQ,2830000,2024-11-01,UC-omFoT0Qf48y7IpEZo-OYQ,FR
BillieEilishVEVO,161,,https://yt3.ggpht.com/tdh4GB7GFwOd7e4cdull42vhyFYTkpni9bDkTLJn-UFLbuFA1ygJHeibVays0FN2yFNE-0hsdw=s88-c-k-c0x00ffffff-no-rj,11507223256,https://www.youtube.com/channel/UCDGmojLIoWpXok597xYo8cg,1120000,2024-11-01,UCDGmojLIoWpXok597xYo8cg,ZZ
Greg Guillotin,134,Instagram : http://instagram.com/gregguillotin,https://yt3.ggpht.com/mdpZS6F6cKNmTZ2plVS_rccj1bkOlrk3WC01CREWhz4NhZeGH-ar8nMl1f3jR__UKjhyTChLSQ=s88-c-k-c0x00ffffff-no-rj,713916484,https://www.youtube.com/channel/UCM1c1okZ-7cPV7BEZ-pzUGg,4210000,2024-11-01,UCM1c1okZ-7cPV7BEZ-pzUGg,FR
