Channel_ID,Palavra_Chave,Trending_Date
UCgvPE_DC9Q-ZJNAaXbppNVA,,2024-11-01
UCKhUmnwERRiKnh8q87an3XQ,inventos,2024-11-01
UCKhUmnwERRiKnh8q87an3XQ,gadgets,2024-11-01
UCKhUmnwERRiKnh8q87an3XQ,TIKTOK,2024-11-01
UCKhUmnwERRiKnh8q87an3XQ,diy,2024-11-01
UCKhUmnwERRiKnh8q87an3XQ,learnontiktok,2024-11-01
UCKhUmnwERRiKnh8q87an3XQ,hack,2024-11-01
UCKhUmnwERRiKnh8q87an3XQ,challenge,2024-11-01
UCKhUmnwERRiKnh8q87an3XQ,test,2024-11-01
UCKhUmnwERRiKnh8q87an3XQ,viral,2024-11-01
UCKhUmnwERRiKnh8q87an3XQ,trick,2024-11-01
UCKhUmnwERRiKnh8q87an3XQ,cap,2024-11-01
UCKhUmnwERRiKnh8q87an3XQ,factcheck,2024-11-01
UCKhUmnwERRiKnh8q87an3XQ,idea,2024-11-01
UCKhUmnwERRiKnh8q87an3XQ,tips,2024-11-01
UCKhUmnwERRiKnh8q87an3XQ,crafts,2024-11-01
UCKhUmnwERRiKnh8q87an3XQ,education,2024-11-01
UCKhUmnwERRiKnh8q87an3XQ,education,2024-11-01
UCKhUmnwERRiKnh8q87an3XQ,howto,2024-11-01
UCKhUmnwERRiKnh8q87an3XQ,tiktokhack,2024-11-01
UCKhUmnwERRiKnh8q87an3XQ,trendingvideos,2024-11-01
UCKhUmnwERRiKnh8q87an3XQ,magictrick,2024-11-01
UCKhUmnwERRiKnh8q87an3XQ,illusiontrick,2024-11-01
UCKhUmnwERRiKnh8q87an3XQ,slime,2024-11-01
UCKhUmnwERRiKnh8q87an3XQ,papercraft,2024-11-01
UCKhUmnwERRiKnh8q87an3XQ,unboxing,2024-11-01
UCKhUmnwERRiKnh8q87an3XQ,painting,2024-11-01
UCKhUmnwERRiKnh8q87an3XQ,testando,2024-11-01
UCKhUmnwERRiKnh8q87an3XQ,foodhacks,2024-11-01
UCKhUmnwERRiKnh8q87an3XQ,videoscurtos,2024-11-01
UCKhUmnwERRiKnh8q87an3XQ,trueorfalse,2024-11-01
UCKhUmnwERRiKnh8q87an3XQ,comida,2024-11-01
UCKhUmnwERRiKnh8q87an3XQ,tiktoktrends,2024-11-01
UCKhUmnwERRiKnh8q87an3XQ,parenthack,2024-11-01
UCKhUmnwERRiKnh8q87an3XQ,react,2024-11-01
UCKhUmnwERRiKnh8q87an3XQ,experimentos,2024-11-01
UCKhUmnwERRiKnh8q87an3XQ,foodhacks,2024-11-01
UCKhUmnwERRiKnh8q87an3XQ,random,2024-11-01
UCKhUmnwERRiKnh8q87an3XQ,streetexperiments,2024-11-01
UCKhUmnwERRiKnh8q87an3XQ,5,2024-11-01
UCKhUmnwERRiKnh8q87an3XQ,minute,2024-11-01
UCKhUmnwERRiKnh8q87an3XQ,crafts,2024-11-01
UCKhUmnwERRiKnh8q87an3XQ,do,2024-11-01
UCKhUmnwERRiKnh8q87an3XQ,it,2024-11-01
UCKhUmnwERRiKnh8q87an3XQ,yourself,2024-11-01
UCKhUmnwERRiKnh8q87an3XQ,life,2024-11-01
UCKhUmnwERRiKnh8q87an3XQ,hack,2024-11-01
UCKhUmnwERRiKnh8q87an3XQ,crafts,2024-11-01
UCKhUmnwERRiKnh8q87an3XQ,experiment,2024-11-01
UCKhUmnwERRiKnh8q87an3XQ,science,2024-11-01
UCKhUmnwERRiKnh8q87an3XQ,science,2024-11-01
UCKhUmnwERRiKnh8q87an3XQ,experiments,2024-11-01
UCKhUmnwERRiKnh8q87an3XQ,viral,2024-11-01
UCKhUmnwERRiKnh8q87an3XQ,tested,2024-11-01
UCKhUmnwERRiKnh8q87an3XQ,tiktok,2024-11-01
UCKhUmnwERRiKnh8q87an3XQ,archie5,2024-11-01
UCKhUmnwERRiKnh8q87an3XQ,tiktok,2024-11-01
UCKhUmnwERRiKnh8q87an3XQ,food,2024-11-01
UCKhUmnwERRiKnh8q87an3XQ,life,2024-11-01
UCKhUmnwERRiKnh8q87an3XQ,hacks,2024-11-01
UCrzwOa2lzzPjfiLIn7Y8SrQ,Kik,2024-11-01
UCrzwOa2lzzPjfiLIn7Y8SrQ,Obzor,2024-11-01
UCrzwOa2lzzPjfiLIn7Y8SrQ,Кик,2024-11-01
UCrzwOa2lzzPjfiLIn7Y8SrQ,Обзор,2024-11-01
UCrzwOa2lzzPjfiLIn7Y8SrQ,Техника,2024-11-01
UCrzwOa2lzzPjfiLIn7Y8SrQ,Новости,2024-11-01
UCrzwOa2lzzPjfiLIn7Y8SrQ,технологий,2024-11-01
UCrzwOa2lzzPjfiLIn7Y8SrQ,Новости,2024-11-01
UCrzwOa2lzzPjfiLIn7Y8SrQ,высоких,2024-11-01
UCrzwOa2lzzPjfiLIn7Y8SrQ,технологий,2024-11-01
UCrzwOa2lzzPjfiLIn7Y8SrQ,Искусственный,2024-11-01
UCrzwOa2lzzPjfiLIn7Y8SrQ,Интеллект,2024-11-01
UCrzwOa2lzzPjfiLIn7Y8SrQ,ИИ,2024-11-01
UCrzwOa2lzzPjfiLIn7Y8SrQ,Apple,2024-11-01
UCrzwOa2lzzPjfiLIn7Y8SrQ,Google,2024-11-01
UCrzwOa2lzzPjfiLIn7Y8SrQ,OpenAI,2024-11-01
UCrzwOa2lzzPjfiLIn7Y8SrQ,Samsung,2024-11-01
UCrzwOa2lzzPjfiLIn7Y8SrQ,Chatgpt,2024-11-01
UCrzwOa2lzzPjfiLIn7Y8SrQ,чатгпт,2024-11-01
UCoN_M7MUBdD0T-r50ZHSRAQ,макияж,2024-11-01
UCoN_M7MUBdD0T-r50ZHSRAQ,косметика,2024-11-01
UCoN_M7MUBdD0T-r50ZHSRAQ,обзоры,2024-11-01
UCoN_M7MUBdD0T-r50ZHSRAQ,косметики,2024-11-01
UCoN_M7MUBdD0T-r50ZHSRAQ,бьюти,2024-11-01
UCoN_M7MUBdD0T-r50ZHSRAQ,блогер,2024-11-01
UCoN_M7MUBdD0T-r50ZHSRAQ,обучение,2024-11-01
UCoN_M7MUBdD0T-r50ZHSRAQ,макияжу,2024-11-01
UCoN_M7MUBdD0T-r50ZHSRAQ,Елена,2024-11-01
UCoN_M7MUBdD0T-r50ZHSRAQ,Богданович,2024-11-01
UCoN_M7MUBdD0T-r50ZHSRAQ,Визажист,2024-11-01
UCoN_M7MUBdD0T-r50ZHSRAQ,школа,2024-11-01
UCoN_M7MUBdD0T-r50ZHSRAQ,макияжа,2024-11-01
UCoN_M7MUBdD0T-r50ZHSRAQ,красота,2024-11-01
UCoN_M7MUBdD0T-r50ZHSRAQ,Стиль,2024-11-01
UCoN_M7MUBdD0T-r50ZHSRAQ,makeup,2024-11-01
UC6JRrn_7Qe1CZBcQDMieadw,exile,2024-11-01
UC6JRrn_7Qe1CZBcQDMieadw,иксайл,2024-11-01
UC6JRrn_7Qe1CZBcQDMieadw,эксайл,2024-11-01
UC6JRrn_7Qe1CZBcQDMieadw,челлендж,2024-11-01
UC6JRrn_7Qe1CZBcQDMieadw,challenge,2024-11-01
UC6JRrn_7Qe1CZBcQDMieadw,csgo,2024-11-01
UC6JRrn_7Qe1CZBcQDMieadw,ксго,2024-11-01
UC6JRrn_7Qe1CZBcQDMieadw,маршмелло,2024-11-01
UC6JRrn_7Qe1CZBcQDMieadw,marshmello,2024-11-01
UC_bPnE6C8ucaq7JHPKlaf-Q,gelblaster,2024-11-01
UC_bPnE6C8ucaq7JHPKlaf-Q,toygun,2024-11-01
UC_bPnE6C8ucaq7JHPKlaf-Q,airsoft,2024-11-01
UCOxQWb-OuyCSZadzWqrKTCQ,Булджать,2024-11-01
UCOxQWb-OuyCSZadzWqrKTCQ,видеоигры,2024-11-01
UCOxQWb-OuyCSZadzWqrKTCQ,теории,2024-11-01
UCOxQWb-OuyCSZadzWqrKTCQ,стримы,2024-11-01
UCOxQWb-OuyCSZadzWqrKTCQ,прохождения,2024-11-01
UCOxQWb-OuyCSZadzWqrKTCQ,топ,2024-11-01
UCOxQWb-OuyCSZadzWqrKTCQ,аналитика,2024-11-01
UCOxQWb-OuyCSZadzWqrKTCQ,game,2024-11-01
UCOxQWb-OuyCSZadzWqrKTCQ,легенда,2024-11-01
UCOxQWb-OuyCSZadzWqrKTCQ,ммо,2024-11-01
UCOxQWb-OuyCSZadzWqrKTCQ,мемы,2024-11-01
UCOxQWb-OuyCSZadzWqrKTCQ,аниме,2024-11-01
UCOxQWb-OuyCSZadzWqrKTCQ,мимо,2024-11-01
UCOxQWb-OuyCSZadzWqrKTCQ,истории,2024-11-01
UCOxQWb-OuyCSZadzWqrKTCQ,майнкрафт,2024-11-01
UCOxQWb-OuyCSZadzWqrKTCQ,2б2т,2024-11-01
UCcIq2rEAjYxPZr2XNx4ECXw,Настя,2024-11-01
UCcIq2rEAjYxPZr2XNx4ECXw,Рыжик,2024-11-01
UCcIq2rEAjYxPZr2XNx4ECXw,Nastia,2024-11-01
UCcIq2rEAjYxPZr2XNx4ECXw,Rizik,2024-11-01
UCcIq2rEAjYxPZr2XNx4ECXw,юмор,2024-11-01
UCcIq2rEAjYxPZr2XNx4ECXw,тренды,2024-11-01
UCcIq2rEAjYxPZr2XNx4ECXw,shorts,2024-11-01
UCcIq2rEAjYxPZr2XNx4ECXw,funny,2024-11-01
UCcIq2rEAjYxPZr2XNx4ECXw,Tik,2024-11-01
UCcIq2rEAjYxPZr2XNx4ECXw,Tok,2024-11-01
UCcIq2rEAjYxPZr2XNx4ECXw,videos,2024-11-01
UCcIq2rEAjYxPZr2XNx4ECXw,tik,2024-11-01
UCcIq2rEAjYxPZr2XNx4ECXw,tok,2024-11-01
UCcIq2rEAjYxPZr2XNx4ECXw,тик,2024-11-01
UCcIq2rEAjYxPZr2XNx4ECXw,ток,2024-11-01
UCcIq2rEAjYxPZr2XNx4ECXw,тикток,2024-11-01
UCcIq2rEAjYxPZr2XNx4ECXw,humor,2024-11-01
UCYmJRZIvn7K7GAVLGf3hGzQ,анна,2024-11-01
UCYmJRZIvn7K7GAVLGf3hGzQ,ханна,2024-11-01
UCYmJRZIvn7K7GAVLGf3hGzQ,anna,2024-11-01
UCYmJRZIvn7K7GAVLGf3hGzQ,hanna,2024-11-01
UCYmJRZIvn7K7GAVLGf3hGzQ,анна,2024-11-01
UCYmJRZIvn7K7GAVLGf3hGzQ,ханна,2024-11-01
UCYmJRZIvn7K7GAVLGf3hGzQ,истории,2024-11-01
UCYmJRZIvn7K7GAVLGf3hGzQ,подкаст,2024-11-01
UCYmJRZIvn7K7GAVLGf3hGzQ,криминальный,2024-11-01
UCYmJRZIvn7K7GAVLGf3hGzQ,подкаст,2024-11-01
UCYmJRZIvn7K7GAVLGf3hGzQ,расследования,2024-11-01
UCYmJRZIvn7K7GAVLGf3hGzQ,скрытые,2024-11-01
UCYmJRZIvn7K7GAVLGf3hGzQ,преступления,2024-11-01
UCYmJRZIvn7K7GAVLGf3hGzQ,пропажи,2024-11-01
UCYmJRZIvn7K7GAVLGf3hGzQ,людей,2024-11-01
UCYmJRZIvn7K7GAVLGf3hGzQ,драмы,2024-11-01
UCYmJRZIvn7K7GAVLGf3hGzQ,понять,2024-11-01
UCYmJRZIvn7K7GAVLGf3hGzQ,простить,2024-11-01
UCYmJRZIvn7K7GAVLGf3hGzQ,разборы,2024-11-01
UCYmJRZIvn7K7GAVLGf3hGzQ,историй,2024-11-01
UCYmJRZIvn7K7GAVLGf3hGzQ,жизнь,2024-11-01
UCYmJRZIvn7K7GAVLGf3hGzQ,круче,2024-11-01
UCYmJRZIvn7K7GAVLGf3hGzQ,чем,2024-11-01
UCYmJRZIvn7K7GAVLGf3hGzQ,кино,2024-11-01
UCYmJRZIvn7K7GAVLGf3hGzQ,интересно,2024-11-01
UCYmJRZIvn7K7GAVLGf3hGzQ,истории,2024-11-01
UCYmJRZIvn7K7GAVLGf3hGzQ,из,2024-11-01
UCYmJRZIvn7K7GAVLGf3hGzQ,жизни,2024-11-01
UCYmJRZIvn7K7GAVLGf3hGzQ,криминальный,2024-11-01
UCYmJRZIvn7K7GAVLGf3hGzQ,подкаст,2024-11-01
UCYmJRZIvn7K7GAVLGf3hGzQ,криминальные,2024-11-01
UCYmJRZIvn7K7GAVLGf3hGzQ,истории,2024-11-01
UCYmJRZIvn7K7GAVLGf3hGzQ,true,2024-11-01
UCYmJRZIvn7K7GAVLGf3hGzQ,crime,2024-11-01
UCYmJRZIvn7K7GAVLGf3hGzQ,story,2024-11-01
UCYmJRZIvn7K7GAVLGf3hGzQ,блог,2024-11-01
UCYmJRZIvn7K7GAVLGf3hGzQ,бывалой,2024-11-01
UCYmJRZIvn7K7GAVLGf3hGzQ,бизнесменши,2024-11-01
UCBExEyByJmPydFVVFcGeOqQ,стинт,2024-11-01
UCBExEyByJmPydFVVFcGeOqQ,stint,2024-11-01
UCBExEyByJmPydFVVFcGeOqQ,stintik,2024-11-01
UCBExEyByJmPydFVVFcGeOqQ,стинтик,2024-11-01
UCBExEyByJmPydFVVFcGeOqQ,стинта,2024-11-01
UCBExEyByJmPydFVVFcGeOqQ,стинтик,2024-11-01
UCBExEyByJmPydFVVFcGeOqQ,стинт,2024-11-01
UCBExEyByJmPydFVVFcGeOqQ,обзор,2024-11-01
UCBExEyByJmPydFVVFcGeOqQ,игр,2024-11-01
UCBExEyByJmPydFVVFcGeOqQ,стинт,2024-11-01
UCBExEyByJmPydFVVFcGeOqQ,обзор,2024-11-01
UCBExEyByJmPydFVVFcGeOqQ,stint,2024-11-01
UCBExEyByJmPydFVVFcGeOqQ,stream,2024-11-01
UCBExEyByJmPydFVVFcGeOqQ,stintik,2024-11-01
UCBExEyByJmPydFVVFcGeOqQ,twitch,2024-11-01
UCBExEyByJmPydFVVFcGeOqQ,stint,2024-11-01
UCBExEyByJmPydFVVFcGeOqQ,twitch,2024-11-01
UCG4yz4wtp2E5S62L06yqC9w,подбор,2024-11-01
UCG4yz4wtp2E5S62L06yqC9w,автомобилей,2024-11-01
UCG4yz4wtp2E5S62L06yqC9w,авто-подбор.рф,2024-11-01
UCG4yz4wtp2E5S62L06yqC9w,автоподбор,2024-11-01
UCG4yz4wtp2E5S62L06yqC9w,автоэксперт,2024-11-01
UCG4yz4wtp2E5S62L06yqC9w,проверка,2024-11-01
UCG4yz4wtp2E5S62L06yqC9w,перед,2024-11-01
UCG4yz4wtp2E5S62L06yqC9w,покупкой,2024-11-01
UCG4yz4wtp2E5S62L06yqC9w,машина,2024-11-01
UCG4yz4wtp2E5S62L06yqC9w,на,2024-11-01
UCG4yz4wtp2E5S62L06yqC9w,заказ,2024-11-01
UCG4yz4wtp2E5S62L06yqC9w,купить,2024-11-01
UCG4yz4wtp2E5S62L06yqC9w,авто,2024-11-01
UCG4yz4wtp2E5S62L06yqC9w,Ильдар,2024-11-01
UCG4yz4wtp2E5S62L06yqC9w,Обзор,2024-11-01
UCG4yz4wtp2E5S62L06yqC9w,авто,2024-11-01
UCG4yz4wtp2E5S62L06yqC9w,Автомобили,2024-11-01
UCG4yz4wtp2E5S62L06yqC9w,Авто,2024-11-01
UCG4yz4wtp2E5S62L06yqC9w,Развод,2024-11-01
UCG4yz4wtp2E5S62L06yqC9w,обман,2024-11-01
UCG4yz4wtp2E5S62L06yqC9w,кидалово,2024-11-01
UCG4yz4wtp2E5S62L06yqC9w,автосалон,2024-11-01
UCG4yz4wtp2E5S62L06yqC9w,как,2024-11-01
UCG4yz4wtp2E5S62L06yqC9w,выбрать,2024-11-01
UCG4yz4wtp2E5S62L06yqC9w,авто,2024-11-01
UCG4yz4wtp2E5S62L06yqC9w,проверка,2024-11-01
UCG4yz4wtp2E5S62L06yqC9w,авто,2024-11-01
UCG4yz4wtp2E5S62L06yqC9w,обзоры,2024-11-01
UCG4yz4wtp2E5S62L06yqC9w,машин,2024-11-01
UCG4yz4wtp2E5S62L06yqC9w,подбор,2024-11-01
UCG4yz4wtp2E5S62L06yqC9w,авто,2024-11-01
UCG4yz4wtp2E5S62L06yqC9w,мск,2024-11-01
UCG4yz4wtp2E5S62L06yqC9w,мск,2024-11-01
UCG4yz4wtp2E5S62L06yqC9w,москва,2024-11-01
UCG4yz4wtp2E5S62L06yqC9w,автоподборрф,2024-11-01
UCG4yz4wtp2E5S62L06yqC9w,авто-подбор,2024-11-01
UCG4yz4wtp2E5S62L06yqC9w,эльдар,2024-11-01
UCvydDeIzW2UDNO7eCqmmGdw,,2024-11-01
UC2bhfksrCXjguRr10mpkvag,Слово,2024-11-01
UC2bhfksrCXjguRr10mpkvag,пацана,2024-11-01
UC2bhfksrCXjguRr10mpkvag,слова,2024-11-01
UC2bhfksrCXjguRr10mpkvag,пацана,2024-11-01
UC2bhfksrCXjguRr10mpkvag,слово,2024-11-01
UC2bhfksrCXjguRr10mpkvag,пацана,2024-11-01
UC2bhfksrCXjguRr10mpkvag,последний,2024-11-01
UC2bhfksrCXjguRr10mpkvag,выпуск,2024-11-01
UC2bhfksrCXjguRr10mpkvag,канал,2024-11-01
UC2bhfksrCXjguRr10mpkvag,слово,2024-11-01
UC2bhfksrCXjguRr10mpkvag,пацана,2024-11-01
UC2bhfksrCXjguRr10mpkvag,slovo,2024-11-01
UC2bhfksrCXjguRr10mpkvag,patsana,2024-11-01
UC2bhfksrCXjguRr10mpkvag,slova,2024-11-01
UC2bhfksrCXjguRr10mpkvag,pacana,2024-11-01
UC2bhfksrCXjguRr10mpkvag,слепоглухой,2024-11-01
UC2bhfksrCXjguRr10mpkvag,саша,2024-11-01
UC2bhfksrCXjguRr10mpkvag,мама,2024-11-01
UC2bhfksrCXjguRr10mpkvag,в,2024-11-01
UC2bhfksrCXjguRr10mpkvag,16,2024-11-01
UC2bhfksrCXjguRr10mpkvag,скупил,2024-11-01
UC2bhfksrCXjguRr10mpkvag,все,2024-11-01
UC2bhfksrCXjguRr10mpkvag,у,2024-11-01
UC2bhfksrCXjguRr10mpkvag,бабушек,2024-11-01
UC2bhfksrCXjguRr10mpkvag,слепоглухой,2024-11-01
UC2bhfksrCXjguRr10mpkvag,саша,2024-11-01
UC2bhfksrCXjguRr10mpkvag,вернули,2024-11-01
UC2bhfksrCXjguRr10mpkvag,слух,2024-11-01
UC2bhfksrCXjguRr10mpkvag,детдомовец,2024-11-01
UC2bhfksrCXjguRr10mpkvag,сергей,2024-11-01
UC2bhfksrCXjguRr10mpkvag,отшельники,2024-11-01
UC2bhfksrCXjguRr10mpkvag,в,2024-11-01
UC2bhfksrCXjguRr10mpkvag,тайге,2024-11-01
UC2bhfksrCXjguRr10mpkvag,слово,2024-11-01
UC2bhfksrCXjguRr10mpkvag,пацана,2024-11-01
UC2bhfksrCXjguRr10mpkvag,газ,2024-11-01
UC2bhfksrCXjguRr10mpkvag,69,2024-11-01
UC2bhfksrCXjguRr10mpkvag,оплатил,2024-11-01
UC2bhfksrCXjguRr10mpkvag,бабушкам,2024-11-01
UC2bhfksrCXjguRr10mpkvag,покупки,2024-11-01
UC2bhfksrCXjguRr10mpkvag,Настя,2024-11-01
UC2bhfksrCXjguRr10mpkvag,из,2024-11-01
UC2bhfksrCXjguRr10mpkvag,жуткого,2024-11-01
UC2bhfksrCXjguRr10mpkvag,дома,2024-11-01
UCKgNnp6G0dlwTS1eR4-77yQ,макарена,2024-11-01
UCKgNnp6G0dlwTS1eR4-77yQ,50,2024-11-01
UCKgNnp6G0dlwTS1eR4-77yQ,вопросов,2024-11-01
UCKgNnp6G0dlwTS1eR4-77yQ,карен,2024-11-01
UCKgNnp6G0dlwTS1eR4-77yQ,адамян,2024-11-01
UCKgNnp6G0dlwTS1eR4-77yQ,макарена,2024-11-01
UCKgNnp6G0dlwTS1eR4-77yQ,интервью,2024-11-01
UCY5IJ4UB96RPb13LMpJEggA,,2024-11-01
UC4Nux1jbudhSm3OTnJ4gocg,Булкин,2024-11-01
UC4Nux1jbudhSm3OTnJ4gocg,Bulkin,2024-11-01
UC4Nux1jbudhSm3OTnJ4gocg,Булкин,2024-11-01
UC4Nux1jbudhSm3OTnJ4gocg,Драйв,2024-11-01
UC4Nux1jbudhSm3OTnJ4gocg,Bulkin,2024-11-01
UC4Nux1jbudhSm3OTnJ4gocg,Drive,2024-11-01
UC4Nux1jbudhSm3OTnJ4gocg,автомобильный,2024-11-01
UC4Nux1jbudhSm3OTnJ4gocg,канал,2024-11-01
UC4Nux1jbudhSm3OTnJ4gocg,новый,2024-11-01
UC4Nux1jbudhSm3OTnJ4gocg,канал,2024-11-01
UC4Nux1jbudhSm3OTnJ4gocg,канал,2024-11-01
UC4Nux1jbudhSm3OTnJ4gocg,авто,2024-11-01
UC4Nux1jbudhSm3OTnJ4gocg,автовлоги,2024-11-01
UCubxWD7pK_GkU9a3aaWmqdg,,2024-11-01
UCi5UoW-5kx367sJxz7K5fFg,,2024-11-01
UCfoOUk3V7-Jln-h0FUjbkSw,Minecraft,2024-11-01
UCfoOUk3V7-Jln-h0FUjbkSw,GigaGargantua,2024-11-01
UCfoOUk3V7-Jln-h0FUjbkSw,wither,2024-11-01
UCfoOUk3V7-Jln-h0FUjbkSw,storm,2024-11-01
UCfoOUk3V7-Jln-h0FUjbkSw,GG,2024-11-01
UCfoOUk3V7-Jln-h0FUjbkSw,animation,2024-11-01
UCfoOUk3V7-Jln-h0FUjbkSw,GGAnimationGG,2024-11-01
UCfoOUk3V7-Jln-h0FUjbkSw,Herobrine,2024-11-01
UCfoOUk3V7-Jln-h0FUjbkSw,shorts,2024-11-01
UCfoOUk3V7-Jln-h0FUjbkSw,minecraft,2024-11-01
UCAvrIl6ltV8MdJo3mV4Nl4Q,Lololowka,2024-11-01
UCAvrIl6ltV8MdJo3mV4Nl4Q,MrLololoshka,2024-11-01
UCAvrIl6ltV8MdJo3mV4Nl4Q,Minecraft,2024-11-01
UCAvrIl6ltV8MdJo3mV4Nl4Q,Майнкрафт,2024-11-01
UCAvrIl6ltV8MdJo3mV4Nl4Q,Минекрафт,2024-11-01
UCAvrIl6ltV8MdJo3mV4Nl4Q,обзор,2024-11-01
UCAvrIl6ltV8MdJo3mV4Nl4Q,модов,2024-11-01
UCAvrIl6ltV8MdJo3mV4Nl4Q,Let's,2024-11-01
UCAvrIl6ltV8MdJo3mV4Nl4Q,play,2024-11-01
UCAvrIl6ltV8MdJo3mV4Nl4Q,летс,2024-11-01
UCAvrIl6ltV8MdJo3mV4Nl4Q,плей,2024-11-01
UCAvrIl6ltV8MdJo3mV4Nl4Q,video,2024-11-01
UCAvrIl6ltV8MdJo3mV4Nl4Q,game,2024-11-01
UCAvrIl6ltV8MdJo3mV4Nl4Q,Лололошка,2024-11-01
UCAvrIl6ltV8MdJo3mV4Nl4Q,лолошка,2024-11-01
UCAvrIl6ltV8MdJo3mV4Nl4Q,мод,2024-11-01
UCAvrIl6ltV8MdJo3mV4Nl4Q,канал,2024-11-01
UCAvrIl6ltV8MdJo3mV4Nl4Q,youtube,2024-11-01
UCAvrIl6ltV8MdJo3mV4Nl4Q,видео,2024-11-01
UCAvrIl6ltV8MdJo3mV4Nl4Q,подписчики,2024-11-01
UCAvrIl6ltV8MdJo3mV4Nl4Q,туториал,2024-11-01
UCAvrIl6ltV8MdJo3mV4Nl4Q,tutorial,2024-11-01
UCAvrIl6ltV8MdJo3mV4Nl4Q,ЬкДщдщдщырлф,2024-11-01
UCAvrIl6ltV8MdJo3mV4Nl4Q,Ьк,2024-11-01
UCAvrIl6ltV8MdJo3mV4Nl4Q,дщдщдщырлф,2024-11-01
UCAvrIl6ltV8MdJo3mV4Nl4Q,Сборка,2024-11-01
UCAvrIl6ltV8MdJo3mV4Nl4Q,по,2024-11-01
UCAvrIl6ltV8MdJo3mV4Nl4Q,майнкрафту,2024-11-01
UCqwUnggBBct-AY2lAdI88jQ,YG,2024-11-01
UCqwUnggBBct-AY2lAdI88jQ,Entertainment,2024-11-01
UCqwUnggBBct-AY2lAdI88jQ,YG,2024-11-01
UCqwUnggBBct-AY2lAdI88jQ,와이지,2024-11-01
UCqwUnggBBct-AY2lAdI88jQ,K-pop,2024-11-01
UCqwUnggBBct-AY2lAdI88jQ,BABYMONSTER,2024-11-01
UCqwUnggBBct-AY2lAdI88jQ,베이비몬스터,2024-11-01
UCqwUnggBBct-AY2lAdI88jQ,베몬,2024-11-01
UCqwUnggBBct-AY2lAdI88jQ,하람,2024-11-01
UCqwUnggBBct-AY2lAdI88jQ,아현,2024-11-01
UCqwUnggBBct-AY2lAdI88jQ,치키타,2024-11-01
UCqwUnggBBct-AY2lAdI88jQ,아사,2024-11-01
UCqwUnggBBct-AY2lAdI88jQ,로라,2024-11-01
UCqwUnggBBct-AY2lAdI88jQ,루카,2024-11-01
UCqwUnggBBct-AY2lAdI88jQ,HARAM,2024-11-01
UCqwUnggBBct-AY2lAdI88jQ,AHYEON,2024-11-01
UCqwUnggBBct-AY2lAdI88jQ,CHIQUITA,2024-11-01
UCqwUnggBBct-AY2lAdI88jQ,ASA,2024-11-01
UCqwUnggBBct-AY2lAdI88jQ,RORA,2024-11-01
UCqwUnggBBct-AY2lAdI88jQ,RUKA,2024-11-01
UCqwUnggBBct-AY2lAdI88jQ,PHARITA,2024-11-01
UCqwUnggBBct-AY2lAdI88jQ,파리타,2024-11-01
UCqwUnggBBct-AY2lAdI88jQ,RAMI,2024-11-01
UCqwUnggBBct-AY2lAdI88jQ,라미,2024-11-01
UC39vKkXIIDsFfbx1__QjOJA,дубровский,2024-11-01
UC39vKkXIIDsFfbx1__QjOJA,плэй,2024-11-01
UC39vKkXIIDsFfbx1__QjOJA,дубровский,2024-11-01
UC39vKkXIIDsFfbx1__QjOJA,плей,2024-11-01
UC39vKkXIIDsFfbx1__QjOJA,прохождение,2024-11-01
UC39vKkXIIDsFfbx1__QjOJA,игр,2024-11-01
UC39vKkXIIDsFfbx1__QjOJA,игры,2024-11-01
UC39vKkXIIDsFfbx1__QjOJA,стрим,2024-11-01
UC39vKkXIIDsFfbx1__QjOJA,стримы,2024-11-01
UC39vKkXIIDsFfbx1__QjOJA,хогвартс,2024-11-01
UC39vKkXIIDsFfbx1__QjOJA,атомик,2024-11-01
UC39vKkXIIDsFfbx1__QjOJA,харт,2024-11-01
UC39vKkXIIDsFfbx1__QjOJA,дубровский,2024-11-01
UC39vKkXIIDsFfbx1__QjOJA,dubrovsky,2024-11-01
UC39vKkXIIDsFfbx1__QjOJA,play,2024-11-01
UC39vKkXIIDsFfbx1__QjOJA,dubrovsky,2024-11-01
UC39vKkXIIDsFfbx1__QjOJA,dubro,2024-11-01
UC39vKkXIIDsFfbx1__QjOJA,roblox,2024-11-01
UC39vKkXIIDsFfbx1__QjOJA,роблокс,2024-11-01
UC39vKkXIIDsFfbx1__QjOJA,re4,2024-11-01
UC39vKkXIIDsFfbx1__QjOJA,remake,2024-11-01
UC39vKkXIIDsFfbx1__QjOJA,slime,2024-11-01
UC39vKkXIIDsFfbx1__QjOJA,rancher,2024-11-01
UC39vKkXIIDsFfbx1__QjOJA,slime,2024-11-01
UC39vKkXIIDsFfbx1__QjOJA,rancher,2024-11-01
UC39vKkXIIDsFfbx1__QjOJA,2,2024-11-01
UCzK8PeP5ERrHUvHQi1Pdr5A,Яна,2024-11-01
UCzK8PeP5ERrHUvHQi1Pdr5A,девушка,2024-11-01
UCzK8PeP5ERrHUvHQi1Pdr5A,Егорика,2024-11-01
UCzK8PeP5ERrHUvHQi1Pdr5A,Яна,2024-11-01
UCzK8PeP5ERrHUvHQi1Pdr5A,Егорика,2024-11-01
UCzK8PeP5ERrHUvHQi1Pdr5A,ЯЯНА,2024-11-01
UCzK8PeP5ERrHUvHQi1Pdr5A,Я,2024-11-01
UCzK8PeP5ERrHUvHQi1Pdr5A,ЯНА,2024-11-01
UCzK8PeP5ERrHUvHQi1Pdr5A,Яна,2024-11-01
UCzK8PeP5ERrHUvHQi1Pdr5A,егорова,2024-11-01
UCzK8PeP5ERrHUvHQi1Pdr5A,Яна,2024-11-01
UCzK8PeP5ERrHUvHQi1Pdr5A,Зенина,2024-11-01
UCzK8PeP5ERrHUvHQi1Pdr5A,Диана,2024-11-01
UCzK8PeP5ERrHUvHQi1Pdr5A,фит,2024-11-01
UCzK8PeP5ERrHUvHQi1Pdr5A,Яна,2024-11-01
UCzK8PeP5ERrHUvHQi1Pdr5A,девушка,2024-11-01
UCzK8PeP5ERrHUvHQi1Pdr5A,Егора,2024-11-01
UCzK8PeP5ERrHUvHQi1Pdr5A,Яна,2024-11-01
UCzK8PeP5ERrHUvHQi1Pdr5A,Егора,2024-11-01
UCzK8PeP5ERrHUvHQi1Pdr5A,Яна,2024-11-01
UCzK8PeP5ERrHUvHQi1Pdr5A,Шкред,2024-11-01
UCDUJu_bQH68A4FXij5P_8MQ,рисование,2024-11-01
UCDUJu_bQH68A4FXij5P_8MQ,арт,2024-11-01
UCDUJu_bQH68A4FXij5P_8MQ,уроки,2024-11-01
UCDUJu_bQH68A4FXij5P_8MQ,рисования,2024-11-01
UCDUJu_bQH68A4FXij5P_8MQ,CG,2024-11-01
UCDUJu_bQH68A4FXij5P_8MQ,как,2024-11-01
UCDUJu_bQH68A4FXij5P_8MQ,научиться,2024-11-01
UCDUJu_bQH68A4FXij5P_8MQ,рисовать,2024-11-01
UCDUJu_bQH68A4FXij5P_8MQ,простые,2024-11-01
UCDUJu_bQH68A4FXij5P_8MQ,рисунки,2024-11-01
UCDUJu_bQH68A4FXij5P_8MQ,рисование,2024-11-01
UCDUJu_bQH68A4FXij5P_8MQ,для,2024-11-01
UCDUJu_bQH68A4FXij5P_8MQ,начинающих,2024-11-01
UCDUJu_bQH68A4FXij5P_8MQ,как,2024-11-01
UCDUJu_bQH68A4FXij5P_8MQ,нарисовать,2024-11-01
UCDUJu_bQH68A4FXij5P_8MQ,SAI,2024-11-01
UCDUJu_bQH68A4FXij5P_8MQ,Krita,2024-11-01
UCDUJu_bQH68A4FXij5P_8MQ,как,2024-11-01
UCDUJu_bQH68A4FXij5P_8MQ,рисовать,2024-11-01
UCDUJu_bQH68A4FXij5P_8MQ,творчество,2024-11-01
UCDUJu_bQH68A4FXij5P_8MQ,скетчбук,2024-11-01
UCDUJu_bQH68A4FXij5P_8MQ,туториалы,2024-11-01
UCDUJu_bQH68A4FXij5P_8MQ,анимация,2024-11-01
UCDUJu_bQH68A4FXij5P_8MQ,хендмейд,2024-11-01
UCDUJu_bQH68A4FXij5P_8MQ,как,2024-11-01
UCDUJu_bQH68A4FXij5P_8MQ,рисовать,2024-11-01
UCDUJu_bQH68A4FXij5P_8MQ,Уроки,2024-11-01
UCDUJu_bQH68A4FXij5P_8MQ,фотошопа,2024-11-01
UCDUJu_bQH68A4FXij5P_8MQ,digital,2024-11-01
UCDUJu_bQH68A4FXij5P_8MQ,art,2024-11-01
UCwd0QUcZSa5iGjt-v8z5w2g,авто,2024-11-01
UCwd0QUcZSa5iGjt-v8z5w2g,автомобиль,2024-11-01
UCwd0QUcZSa5iGjt-v8z5w2g,машина,2024-11-01
UCwd0QUcZSa5iGjt-v8z5w2g,тюнинг,2024-11-01
UCwd0QUcZSa5iGjt-v8z5w2g,тест,2024-11-01
UCwd0QUcZSa5iGjt-v8z5w2g,драйв,2024-11-01
UCwd0QUcZSa5iGjt-v8z5w2g,авто,2024-11-01
UCwd0QUcZSa5iGjt-v8z5w2g,с,2024-11-01
UCwd0QUcZSa5iGjt-v8z5w2g,пробегом,2024-11-01
UCwd0QUcZSa5iGjt-v8z5w2g,бу,2024-11-01
UCwd0QUcZSa5iGjt-v8z5w2g,авто,2024-11-01
UCwd0QUcZSa5iGjt-v8z5w2g,покупка,2024-11-01
UCwd0QUcZSa5iGjt-v8z5w2g,авто,2024-11-01
UCwd0QUcZSa5iGjt-v8z5w2g,мошенники,2024-11-01
UCwd0QUcZSa5iGjt-v8z5w2g,мерседес,2024-11-01
UCwd0QUcZSa5iGjt-v8z5w2g,бмв,2024-11-01
UCwd0QUcZSa5iGjt-v8z5w2g,тесла,2024-11-01
UCwd0QUcZSa5iGjt-v8z5w2g,ремонт,2024-11-01
UCwd0QUcZSa5iGjt-v8z5w2g,авто,2024-11-01
UCwd0QUcZSa5iGjt-v8z5w2g,лиса,2024-11-01
UCwd0QUcZSa5iGjt-v8z5w2g,лиса,2024-11-01
UCwd0QUcZSa5iGjt-v8z5w2g,рулит,2024-11-01
UCwd0QUcZSa5iGjt-v8z5w2g,елена,2024-11-01
UCwd0QUcZSa5iGjt-v8z5w2g,лисовская,2024-11-01
UCwd0QUcZSa5iGjt-v8z5w2g,автоподбор,2024-11-01
UCwd0QUcZSa5iGjt-v8z5w2g,подбор,2024-11-01
UCwd0QUcZSa5iGjt-v8z5w2g,авто,2024-11-01
UC39vKkXIIDsFfbx1__QjOJA,дубровский,2024-11-01
UC39vKkXIIDsFfbx1__QjOJA,плэй,2024-11-01
UC39vKkXIIDsFfbx1__QjOJA,дубровский,2024-11-01
UC39vKkXIIDsFfbx1__QjOJA,плей,2024-11-01
UC39vKkXIIDsFfbx1__QjOJA,прохождение,2024-11-01
UC39vKkXIIDsFfbx1__QjOJA,игр,2024-11-01
UC39vKkXIIDsFfbx1__QjOJA,игры,2024-11-01
UC39vKkXIIDsFfbx1__QjOJA,стрим,2024-11-01
UC39vKkXIIDsFfbx1__QjOJA,стримы,2024-11-01
UC39vKkXIIDsFfbx1__QjOJA,хогвартс,2024-11-01
UC39vKkXIIDsFfbx1__QjOJA,атомик,2024-11-01
UC39vKkXIIDsFfbx1__QjOJA,харт,2024-11-01
UC39vKkXIIDsFfbx1__QjOJA,дубровский,2024-11-01
UC39vKkXIIDsFfbx1__QjOJA,dubrovsky,2024-11-01
UC39vKkXIIDsFfbx1__QjOJA,play,2024-11-01
UC39vKkXIIDsFfbx1__QjOJA,dubrovsky,2024-11-01
UC39vKkXIIDsFfbx1__QjOJA,dubro,2024-11-01
UC39vKkXIIDsFfbx1__QjOJA,roblox,2024-11-01
UC39vKkXIIDsFfbx1__QjOJA,роблокс,2024-11-01
UC39vKkXIIDsFfbx1__QjOJA,re4,2024-11-01
UC39vKkXIIDsFfbx1__QjOJA,remake,2024-11-01
UC39vKkXIIDsFfbx1__QjOJA,slime,2024-11-01
UC39vKkXIIDsFfbx1__QjOJA,rancher,2024-11-01
UC39vKkXIIDsFfbx1__QjOJA,slime,2024-11-01
UC39vKkXIIDsFfbx1__QjOJA,rancher,2024-11-01
UC39vKkXIIDsFfbx1__QjOJA,2,2024-11-01
UCRkQ5F-b2qU2rYE7-GfGkOA,Батя,2024-11-01
UCRkQ5F-b2qU2rYE7-GfGkOA,Oreshek,2024-11-01
UCRkQ5F-b2qU2rYE7-GfGkOA,Орехов,2024-11-01
UCRkQ5F-b2qU2rYE7-GfGkOA,мотивация,2024-11-01
UCRkQ5F-b2qU2rYE7-GfGkOA,видео,2024-11-01
UCRkQ5F-b2qU2rYE7-GfGkOA,качалка,2024-11-01
UCRkQ5F-b2qU2rYE7-GfGkOA,фитнес,2024-11-01
UCRkQ5F-b2qU2rYE7-GfGkOA,юмор,2024-11-01
UCRkQ5F-b2qU2rYE7-GfGkOA,о,2024-11-01
UCRkQ5F-b2qU2rYE7-GfGkOA,качалке,2024-11-01
UCRkQ5F-b2qU2rYE7-GfGkOA,приколы,2024-11-01
UCRkQ5F-b2qU2rYE7-GfGkOA,подснежник,2024-11-01
UCRkQ5F-b2qU2rYE7-GfGkOA,фитоняшка,2024-11-01
UCRkQ5F-b2qU2rYE7-GfGkOA,Анжела,2024-11-01
UCRkQ5F-b2qU2rYE7-GfGkOA,кочка,2024-11-01
UCRkQ5F-b2qU2rYE7-GfGkOA,юмор,2024-11-01
UCRkQ5F-b2qU2rYE7-GfGkOA,о,2024-11-01
UCRkQ5F-b2qU2rYE7-GfGkOA,фитнесе,2024-11-01
UCRkQ5F-b2qU2rYE7-GfGkOA,бодибилдинг,2024-11-01
UCRkQ5F-b2qU2rYE7-GfGkOA,приколы,2024-11-01
UCRkQ5F-b2qU2rYE7-GfGkOA,в,2024-11-01
UCRkQ5F-b2qU2rYE7-GfGkOA,спортзале,2024-11-01
UCRkQ5F-b2qU2rYE7-GfGkOA,dima,2024-11-01
UCRkQ5F-b2qU2rYE7-GfGkOA,explode,2024-11-01
UCRkQ5F-b2qU2rYE7-GfGkOA,виталий,2024-11-01
UCRkQ5F-b2qU2rYE7-GfGkOA,орехов,2024-11-01
UCRkQ5F-b2qU2rYE7-GfGkOA,russian,2024-11-01
UCRkQ5F-b2qU2rYE7-GfGkOA,vines,2024-11-01
UCJwQn49LutwtR0wHaZ5QI_g,,2024-11-01
UCiWMFQCGvwGSc8QWHOqcQhw,радио,2024-11-01
UCiWMFQCGvwGSc8QWHOqcQhw,свобода,2024-11-01
UCiWMFQCGvwGSc8QWHOqcQhw,радио,2024-11-01
UCiWMFQCGvwGSc8QWHOqcQhw,свобода,2024-11-01
UCiWMFQCGvwGSc8QWHOqcQhw,россия,2024-11-01
UCiWMFQCGvwGSc8QWHOqcQhw,свобода,2024-11-01
UCiWMFQCGvwGSc8QWHOqcQhw,радио,2024-11-01
UCiWMFQCGvwGSc8QWHOqcQhw,свобода,2024-11-01
UCiWMFQCGvwGSc8QWHOqcQhw,россия,2024-11-01
UCiWMFQCGvwGSc8QWHOqcQhw,радио,2024-11-01
UCiWMFQCGvwGSc8QWHOqcQhw,свобода,2024-11-01
UCiWMFQCGvwGSc8QWHOqcQhw,россия,2024-11-01
UCiWMFQCGvwGSc8QWHOqcQhw,россия,2024-11-01
UCiWMFQCGvwGSc8QWHOqcQhw,украина,2024-11-01
UCiWMFQCGvwGSc8QWHOqcQhw,война,2024-11-01
UCiWMFQCGvwGSc8QWHOqcQhw,россия,2024-11-01
UCiWMFQCGvwGSc8QWHOqcQhw,украина,2024-11-01
UCiWMFQCGvwGSc8QWHOqcQhw,война,2024-11-01
UCiWMFQCGvwGSc8QWHOqcQhw,в,2024-11-01
UCiWMFQCGvwGSc8QWHOqcQhw,украине,2024-11-01
UCiWMFQCGvwGSc8QWHOqcQhw,главные,2024-11-01
UCiWMFQCGvwGSc8QWHOqcQhw,новости,2024-11-01
UCiWMFQCGvwGSc8QWHOqcQhw,дня,2024-11-01
UCiWMFQCGvwGSc8QWHOqcQhw,политические,2024-11-01
UCiWMFQCGvwGSc8QWHOqcQhw,новости,2024-11-01
UCiWMFQCGvwGSc8QWHOqcQhw,новости,2024-11-01
UCiWMFQCGvwGSc8QWHOqcQhw,экономики,2024-11-01
UCiWMFQCGvwGSc8QWHOqcQhw,портников,2024-11-01
UCiWMFQCGvwGSc8QWHOqcQhw,свобода,2024-11-01
UCiWMFQCGvwGSc8QWHOqcQhw,лицом,2024-11-01
UCiWMFQCGvwGSc8QWHOqcQhw,к,2024-11-01
UCiWMFQCGvwGSc8QWHOqcQhw,событию,2024-11-01
UCiWMFQCGvwGSc8QWHOqcQhw,повестка,2024-11-01
UCiWMFQCGvwGSc8QWHOqcQhw,грани,2024-11-01
UCiWMFQCGvwGSc8QWHOqcQhw,времени,2024-11-01
UCiWMFQCGvwGSc8QWHOqcQhw,деньги,2024-11-01
UCiWMFQCGvwGSc8QWHOqcQhw,на,2024-11-01
UCiWMFQCGvwGSc8QWHOqcQhw,свободе,2024-11-01
UC1tGyMwuF6hUHRp2syrADOQ,,2024-11-01
UCjWy2g76QZf7QLEwx4cB46g,арестович,2024-11-01
UCjWy2g76QZf7QLEwx4cB46g,арестович,2024-11-01
UCjWy2g76QZf7QLEwx4cB46g,алексей,2024-11-01
UCjWy2g76QZf7QLEwx4cB46g,алексей,2024-11-01
UCjWy2g76QZf7QLEwx4cB46g,арестович,2024-11-01
UCjWy2g76QZf7QLEwx4cB46g,арестович,2024-11-01
UCjWy2g76QZf7QLEwx4cB46g,последнее,2024-11-01
UCjWy2g76QZf7QLEwx4cB46g,alexey,2024-11-01
UCjWy2g76QZf7QLEwx4cB46g,arestovych,2024-11-01
UCjWy2g76QZf7QLEwx4cB46g,fhtcnjdbx,2024-11-01
UCjWy2g76QZf7QLEwx4cB46g,alexey,2024-11-01
UCjWy2g76QZf7QLEwx4cB46g,arestovich,2024-11-01
UCjWy2g76QZf7QLEwx4cB46g,arestovich,2024-11-01
UCjWy2g76QZf7QLEwx4cB46g,аристович,2024-11-01
UCjWy2g76QZf7QLEwx4cB46g,arestovych,2024-11-01
UCjWy2g76QZf7QLEwx4cB46g,украина,2024-11-01
UCjWy2g76QZf7QLEwx4cB46g,война,2024-11-01
UCjWy2g76QZf7QLEwx4cB46g,арестович,2024-11-01
UCjWy2g76QZf7QLEwx4cB46g,интервью,2024-11-01
UCjWy2g76QZf7QLEwx4cB46g,новости,2024-11-01
UCjWy2g76QZf7QLEwx4cB46g,олексій,2024-11-01
UCjWy2g76QZf7QLEwx4cB46g,арестович,2024-11-01
UCjWy2g76QZf7QLEwx4cB46g,новости,2024-11-01
UCjWy2g76QZf7QLEwx4cB46g,украины,2024-11-01
UCjWy2g76QZf7QLEwx4cB46g,арестович,2024-11-01
UCjWy2g76QZf7QLEwx4cB46g,олексій,2024-11-01
UCjWy2g76QZf7QLEwx4cB46g,интервью,2024-11-01
UCjWy2g76QZf7QLEwx4cB46g,политика,2024-11-01
UCjWy2g76QZf7QLEwx4cB46g,всу,2024-11-01
UCjWy2g76QZf7QLEwx4cB46g,алексей,2024-11-01
UCjWy2g76QZf7QLEwx4cB46g,арестович,2024-11-01
UCjWy2g76QZf7QLEwx4cB46g,последнее,2024-11-01
UC-Osiqly2kWjXcB6ElD2iCQ,Гордей,2024-11-01
UC-Osiqly2kWjXcB6ElD2iCQ,дима,2024-11-01
UC-Osiqly2kWjXcB6ElD2iCQ,гордей,2024-11-01
UC-Osiqly2kWjXcB6ElD2iCQ,dima,2024-11-01
UC-Osiqly2kWjXcB6ElD2iCQ,gordey,2024-11-01
UC-Osiqly2kWjXcB6ElD2iCQ,тачка,2024-11-01
UC-Osiqly2kWjXcB6ElD2iCQ,на,2024-11-01
UC-Osiqly2kWjXcB6ElD2iCQ,прокачку,2024-11-01
UC-Osiqly2kWjXcB6ElD2iCQ,ламборгини,2024-11-01
UC-Osiqly2kWjXcB6ElD2iCQ,дима,2024-11-01
UC-Osiqly2kWjXcB6ElD2iCQ,гордей,2024-11-01
UC-Osiqly2kWjXcB6ElD2iCQ,ламборгини,2024-11-01
UC-Osiqly2kWjXcB6ElD2iCQ,дима,2024-11-01
UC-Osiqly2kWjXcB6ElD2iCQ,гордеев,2024-11-01
UC-Osiqly2kWjXcB6ElD2iCQ,дима,2024-11-01
UC-Osiqly2kWjXcB6ElD2iCQ,гордей,2024-11-01
UC-Osiqly2kWjXcB6ElD2iCQ,и,2024-11-01
UC-Osiqly2kWjXcB6ElD2iCQ,клава,2024-11-01
UC-Osiqly2kWjXcB6ElD2iCQ,кока,2024-11-01
UC-Osiqly2kWjXcB6ElD2iCQ,автозвук,2024-11-01
UC-Osiqly2kWjXcB6ElD2iCQ,гтр,2024-11-01
UC-Osiqly2kWjXcB6ElD2iCQ,дима,2024-11-01
UC-Osiqly2kWjXcB6ElD2iCQ,гордей,2024-11-01
UC-Osiqly2kWjXcB6ElD2iCQ,и,2024-11-01
UC-Osiqly2kWjXcB6ElD2iCQ,давидыч,2024-11-01
UC-Osiqly2kWjXcB6ElD2iCQ,давидыч,2024-11-01
UC-Osiqly2kWjXcB6ElD2iCQ,дрифт,2024-11-01
UC-Osiqly2kWjXcB6ElD2iCQ,дима,2024-11-01
UC-Osiqly2kWjXcB6ElD2iCQ,гордей,2024-11-01
UC-Osiqly2kWjXcB6ElD2iCQ,дрифт,2024-11-01
UC-Osiqly2kWjXcB6ElD2iCQ,ламба,2024-11-01
UCoGSDYSipkPYfj93crGSOwg,бадабум,2024-11-01
UCoGSDYSipkPYfj93crGSOwg,бадабумчик,2024-11-01
UCoGSDYSipkPYfj93crGSOwg,квинка,2024-11-01
UCnXuj5Q9vmJjNbgkQw9qgnA,,2024-11-01
UC6S_LVqciNzftYE_tpcGe_w,MDKTRIO,2024-11-01
UC6S_LVqciNzftYE_tpcGe_w,asmr,2024-11-01
UC6S_LVqciNzftYE_tpcGe_w,challenge,2024-11-01
UC4IPy7-vQCG2WAHn1qjZYvA,симбочка,2024-11-01
UC4IPy7-vQCG2WAHn1qjZYvA,симбочка,2024-11-01
UC4IPy7-vQCG2WAHn1qjZYvA,пимпочка,2024-11-01
UC4IPy7-vQCG2WAHn1qjZYvA,симбочка,2024-11-01
UC4IPy7-vQCG2WAHn1qjZYvA,тикток,2024-11-01
UC4IPy7-vQCG2WAHn1qjZYvA,симба,2024-11-01
UC4IPy7-vQCG2WAHn1qjZYvA,младший,2024-11-01
UC4IPy7-vQCG2WAHn1qjZYvA,симба,2024-11-01
UC4IPy7-vQCG2WAHn1qjZYvA,и,2024-11-01
UC4IPy7-vQCG2WAHn1qjZYvA,хозяин,2024-11-01
UC4IPy7-vQCG2WAHn1qjZYvA,песни,2024-11-01
UC4IPy7-vQCG2WAHn1qjZYvA,симбы,2024-11-01
UC4IPy7-vQCG2WAHn1qjZYvA,игра,2024-11-01
UC4IPy7-vQCG2WAHn1qjZYvA,симбы,2024-11-01
UC4IPy7-vQCG2WAHn1qjZYvA,симбочка,2024-11-01
UC4IPy7-vQCG2WAHn1qjZYvA,игра,2024-11-01
UC4IPy7-vQCG2WAHn1qjZYvA,simba,2024-11-01
UC4IPy7-vQCG2WAHn1qjZYvA,simbachka,2024-11-01
UC4IPy7-vQCG2WAHn1qjZYvA,simbochka,2024-11-01
UC4IPy7-vQCG2WAHn1qjZYvA,simba,2024-11-01
UC4IPy7-vQCG2WAHn1qjZYvA,pimpa,2024-11-01
UC4IPy7-vQCG2WAHn1qjZYvA,simb,2024-11-01
UC4IPy7-vQCG2WAHn1qjZYvA,simb,2024-11-01
UC4IPy7-vQCG2WAHn1qjZYvA,pimp,2024-11-01
UC4IPy7-vQCG2WAHn1qjZYvA,игры,2024-11-01
UC4IPy7-vQCG2WAHn1qjZYvA,симбы,2024-11-01
UC4IPy7-vQCG2WAHn1qjZYvA,симба,2024-11-01
UC4IPy7-vQCG2WAHn1qjZYvA,майнкрафт,2024-11-01
UC4IPy7-vQCG2WAHn1qjZYvA,майнкрафт,2024-11-01
UC4IPy7-vQCG2WAHn1qjZYvA,мурсдей,2024-11-01
UC4IPy7-vQCG2WAHn1qjZYvA,тигра,2024-11-01
UC4IPy7-vQCG2WAHn1qjZYvA,булли,2024-11-01
UC4IPy7-vQCG2WAHn1qjZYvA,мультик,2024-11-01
UC4IPy7-vQCG2WAHn1qjZYvA,симбы,2024-11-01
UC4IPy7-vQCG2WAHn1qjZYvA,анимации,2024-11-01
UC4IPy7-vQCG2WAHn1qjZYvA,симбы,2024-11-01
UC4IPy7-vQCG2WAHn1qjZYvA,mursday,2024-11-01
UC4IPy7-vQCG2WAHn1qjZYvA,tigra,2024-11-01
UC4IPy7-vQCG2WAHn1qjZYvA,bully,2024-11-01
UC4IPy7-vQCG2WAHn1qjZYvA,simba,2024-11-01
UC4IPy7-vQCG2WAHn1qjZYvA,animations,2024-11-01
UC4IPy7-vQCG2WAHn1qjZYvA,teeny,2024-11-01
UC4IPy7-vQCG2WAHn1qjZYvA,tiny,2024-11-01
UC4IPy7-vQCG2WAHn1qjZYvA,simba,2024-11-01
UCJtpOu1ME42zh5IqBJur9NA,сделай,2024-11-01
UCJtpOu1ME42zh5IqBJur9NA,сам,2024-11-01
UCJtpOu1ME42zh5IqBJur9NA,своими,2024-11-01
UCJtpOu1ME42zh5IqBJur9NA,руками,2024-11-01
UCJtpOu1ME42zh5IqBJur9NA,самоделки,2024-11-01
UCJtpOu1ME42zh5IqBJur9NA,самоделки,2024-11-01
UCJtpOu1ME42zh5IqBJur9NA,для,2024-11-01
UCJtpOu1ME42zh5IqBJur9NA,гаража,2024-11-01
UCJtpOu1ME42zh5IqBJur9NA,самоделка,2024-11-01
UCJtpOu1ME42zh5IqBJur9NA,в,2024-11-01
UCJtpOu1ME42zh5IqBJur9NA,домашних,2024-11-01
UCJtpOu1ME42zh5IqBJur9NA,условиях,2024-11-01
UCJtpOu1ME42zh5IqBJur9NA,drill,2024-11-01
UCJtpOu1ME42zh5IqBJur9NA,idea,2024-11-01
UCJtpOu1ME42zh5IqBJur9NA,Woodworking,2024-11-01
UCJtpOu1ME42zh5IqBJur9NA,Ideas,2024-11-01
UCJtpOu1ME42zh5IqBJur9NA,Brillant,2024-11-01
UCJtpOu1ME42zh5IqBJur9NA,idea,2024-11-01
UCJtpOu1ME42zh5IqBJur9NA,torno,2024-11-01
UCJtpOu1ME42zh5IqBJur9NA,casero,2024-11-01
UCJtpOu1ME42zh5IqBJur9NA,como,2024-11-01
UCJtpOu1ME42zh5IqBJur9NA,hacer,2024-11-01
UCJtpOu1ME42zh5IqBJur9NA,un,2024-11-01
UCJtpOu1ME42zh5IqBJur9NA,torno,2024-11-01
UCJtpOu1ME42zh5IqBJur9NA,diy,2024-11-01
UCJtpOu1ME42zh5IqBJur9NA,amazing,2024-11-01
UCJtpOu1ME42zh5IqBJur9NA,invention,2024-11-01
UCJtpOu1ME42zh5IqBJur9NA,cool,2024-11-01
UCJtpOu1ME42zh5IqBJur9NA,idea,2024-11-01
UCJtpOu1ME42zh5IqBJur9NA,diy,2024-11-01
UCJtpOu1ME42zh5IqBJur9NA,ideas,2024-11-01
UCJtpOu1ME42zh5IqBJur9NA,useful,2024-11-01
UCJtpOu1ME42zh5IqBJur9NA,invention,2024-11-01
UCJtpOu1ME42zh5IqBJur9NA,craft,2024-11-01
UCJtpOu1ME42zh5IqBJur9NA,idea,2024-11-01
UCJtpOu1ME42zh5IqBJur9NA,brillante,2024-11-01
UCJtpOu1ME42zh5IqBJur9NA,invento,2024-11-01
UCi2_q03LmlBCVvIYFybq3Fw,новости,2024-11-01
UCi2_q03LmlBCVvIYFybq3Fw,главные,2024-11-01
UCi2_q03LmlBCVvIYFybq3Fw,новости,2024-11-01
UCi2_q03LmlBCVvIYFybq3Fw,новости,2024-11-01
UCi2_q03LmlBCVvIYFybq3Fw,дня,2024-11-01
UCi2_q03LmlBCVvIYFybq3Fw,новости,2024-11-01
UCi2_q03LmlBCVvIYFybq3Fw,сегодня,2024-11-01
UCi2_q03LmlBCVvIYFybq3Fw,свежие,2024-11-01
UCi2_q03LmlBCVvIYFybq3Fw,новости,2024-11-01
UCi2_q03LmlBCVvIYFybq3Fw,срочные,2024-11-01
UCi2_q03LmlBCVvIYFybq3Fw,новости,2024-11-01
UCi2_q03LmlBCVvIYFybq3Fw,короткие,2024-11-01
UCi2_q03LmlBCVvIYFybq3Fw,новости,2024-11-01
UCi2_q03LmlBCVvIYFybq3Fw,короче,2024-11-01
UCi2_q03LmlBCVvIYFybq3Fw,новости,2024-11-01
UCi2_q03LmlBCVvIYFybq3Fw,новости,2024-11-01
UCi2_q03LmlBCVvIYFybq3Fw,короче,2024-11-01
UCi2_q03LmlBCVvIYFybq3Fw,события,2024-11-01
UCi2_q03LmlBCVvIYFybq3Fw,новостничок,2024-11-01
UCi2_q03LmlBCVvIYFybq3Fw,новостник,2024-11-01
UCi2_q03LmlBCVvIYFybq3Fw,новостничок,2024-11-01
UCi2_q03LmlBCVvIYFybq3Fw,шортс,2024-11-01
UCJsOVd61dzow401WI1hR-kg,столяров,2024-11-01
UCJsOVd61dzow401WI1hR-kg,войтенко,2024-11-01
UCJsOVd61dzow401WI1hR-kg,спорт,2024-11-01
UCJsOVd61dzow401WI1hR-kg,фитнес,2024-11-01
UCJsOVd61dzow401WI1hR-kg,уничтожение,2024-11-01
UCJsOVd61dzow401WI1hR-kg,Юлик,2024-11-01
UCJsOVd61dzow401WI1hR-kg,Маева,2024-11-01
UCJsOVd61dzow401WI1hR-kg,растяжка,2024-11-01
UCJsOVd61dzow401WI1hR-kg,красавица,2024-11-01
UCJsOVd61dzow401WI1hR-kg,девушка,2024-11-01
UCJsOVd61dzow401WI1hR-kg,влог,2024-11-01
UCJsOVd61dzow401WI1hR-kg,туризм,2024-11-01
UCJsOVd61dzow401WI1hR-kg,тревел,2024-11-01
UCJsOVd61dzow401WI1hR-kg,заруба,2024-11-01
UCJsOVd61dzow401WI1hR-kg,против,2024-11-01
UCJsOVd61dzow401WI1hR-kg,спорт,2024-11-01
UCJsOVd61dzow401WI1hR-kg,блогер,2024-11-01
UCaYLBJfw6d8XqmNlL204lNg,esl,2024-11-01
UCaYLBJfw6d8XqmNlL204lNg,dota,2024-11-01
UCaYLBJfw6d8XqmNlL204lNg,esports,2024-11-01
UCaYLBJfw6d8XqmNlL204lNg,dota,2024-11-01
UCaYLBJfw6d8XqmNlL204lNg,2,2024-11-01
UCaYLBJfw6d8XqmNlL204lNg,professional,2024-11-01
UCaYLBJfw6d8XqmNlL204lNg,dota,2024-11-01
UCaYLBJfw6d8XqmNlL204lNg,dota,2024-11-01
UCaYLBJfw6d8XqmNlL204lNg,esports,2024-11-01
UCaYLBJfw6d8XqmNlL204lNg,esl,2024-11-01
UCaYLBJfw6d8XqmNlL204lNg,dota,2024-11-01
UCaYLBJfw6d8XqmNlL204lNg,dream,2024-11-01
UCaYLBJfw6d8XqmNlL204lNg,league,2024-11-01
UCaYLBJfw6d8XqmNlL204lNg,ESL,2024-11-01
UCaYLBJfw6d8XqmNlL204lNg,One,2024-11-01
UCaYLBJfw6d8XqmNlL204lNg,ESL,2024-11-01
UCaYLBJfw6d8XqmNlL204lNg,One,2024-11-01
UCaYLBJfw6d8XqmNlL204lNg,Dota,2024-11-01
UCaYLBJfw6d8XqmNlL204lNg,Dota,2024-11-01
UCaYLBJfw6d8XqmNlL204lNg,Major,2024-11-01
UCaYLBJfw6d8XqmNlL204lNg,Dota,2024-11-01
UCaYLBJfw6d8XqmNlL204lNg,pro,2024-11-01
UCaYLBJfw6d8XqmNlL204lNg,Dota,2024-11-01
UCaYLBJfw6d8XqmNlL204lNg,streams,2024-11-01
UCaYLBJfw6d8XqmNlL204lNg,esports,2024-11-01
UCaYLBJfw6d8XqmNlL204lNg,stream,2024-11-01
UCaYLBJfw6d8XqmNlL204lNg,dota2,2024-11-01
UCaYLBJfw6d8XqmNlL204lNg,stream,2024-11-01
UCaYLBJfw6d8XqmNlL204lNg,dota,2024-11-01
UCaYLBJfw6d8XqmNlL204lNg,2,2024-11-01
UCaYLBJfw6d8XqmNlL204lNg,streaming,2024-11-01
UCaYLBJfw6d8XqmNlL204lNg,dota,2024-11-01
UCaYLBJfw6d8XqmNlL204lNg,live,2024-11-01
UCaYLBJfw6d8XqmNlL204lNg,live,2024-11-01
UCaYLBJfw6d8XqmNlL204lNg,dota,2024-11-01
UCaYLBJfw6d8XqmNlL204lNg,dota,2024-11-01
UCaYLBJfw6d8XqmNlL204lNg,live,2024-11-01
UCaYLBJfw6d8XqmNlL204lNg,esports,2024-11-01
UCtctOXlHYeQyuXSgW861nMA,마샬아츠,2024-11-01
UCtctOXlHYeQyuXSgW861nMA,트릭킹,2024-11-01
UCtctOXlHYeQyuXSgW861nMA,아크로바틱,2024-11-01
UCtctOXlHYeQyuXSgW861nMA,덤블링,2024-11-01
UCtctOXlHYeQyuXSgW861nMA,텀블링,2024-11-01
UCtctOXlHYeQyuXSgW861nMA,치어리딩,2024-11-01
UCtctOXlHYeQyuXSgW861nMA,태권도,2024-11-01
UCtctOXlHYeQyuXSgW861nMA,현대무용,2024-11-01
UCtctOXlHYeQyuXSgW861nMA,테크닉,2024-11-01
UCtctOXlHYeQyuXSgW861nMA,현대무용테크닉,2024-11-01
UCtctOXlHYeQyuXSgW861nMA,무용테크닉,2024-11-01
UCtctOXlHYeQyuXSgW861nMA,한국무용,2024-11-01
UCtctOXlHYeQyuXSgW861nMA,태권도시범,2024-11-01
UCtctOXlHYeQyuXSgW861nMA,체육임용,2024-11-01
UCtctOXlHYeQyuXSgW861nMA,입시특기,2024-11-01
UCtctOXlHYeQyuXSgW861nMA,대한마샬아츠트릭킹협회,2024-11-01
UCtctOXlHYeQyuXSgW861nMA,파쿠르,2024-11-01
UCtctOXlHYeQyuXSgW861nMA,프리러닝,2024-11-01
UCtctOXlHYeQyuXSgW861nMA,앞구르기,2024-11-01
UCtctOXlHYeQyuXSgW861nMA,뒤구르기,2024-11-01
UCtctOXlHYeQyuXSgW861nMA,물구나무,2024-11-01
UCtctOXlHYeQyuXSgW861nMA,앞공중돌기,2024-11-01
UCtctOXlHYeQyuXSgW861nMA,뒤공중돌기,2024-11-01
UCtctOXlHYeQyuXSgW861nMA,빽공,2024-11-01
UCtctOXlHYeQyuXSgW861nMA,주가리,2024-11-01
UCtctOXlHYeQyuXSgW861nMA,측전,2024-11-01
UCtctOXlHYeQyuXSgW861nMA,라이즈,2024-11-01
UCtctOXlHYeQyuXSgW861nMA,레인보우,2024-11-01
UCtctOXlHYeQyuXSgW861nMA,검비,2024-11-01
UCtctOXlHYeQyuXSgW861nMA,터치다운라이즈,2024-11-01
UCtctOXlHYeQyuXSgW861nMA,핸드스프링,2024-11-01
UCtctOXlHYeQyuXSgW861nMA,백핸드스프링,2024-11-01
UCtctOXlHYeQyuXSgW861nMA,석고,2024-11-01
UCtctOXlHYeQyuXSgW861nMA,옆공중,2024-11-01
UCtctOXlHYeQyuXSgW861nMA,옆돌기,2024-11-01
UCtctOXlHYeQyuXSgW861nMA,선자,2024-11-01
UCtctOXlHYeQyuXSgW861nMA,하우스턴,2024-11-01
UCtctOXlHYeQyuXSgW861nMA,벨트,2024-11-01
UCtctOXlHYeQyuXSgW861nMA,웹스터,2024-11-01
UCtctOXlHYeQyuXSgW861nMA,리버사오,2024-11-01
UCtctOXlHYeQyuXSgW861nMA,헬리콥터,2024-11-01
UCo0gqwjsVtBtlj1jLZOnyHA,,2024-11-01
UCzfyYtgvkx5mLy8nlLlayYg,,2024-11-01
UCq3PlGB0_e6jTc9Jr2Al7LQ,трэш,2024-11-01
UCq3PlGB0_e6jTc9Jr2Al7LQ,обзор,2024-11-01
UCq3PlGB0_e6jTc9Jr2Al7LQ,обзор,2024-11-01
UCq3PlGB0_e6jTc9Jr2Al7LQ,беттер,2024-11-01
UCq3PlGB0_e6jTc9Jr2Al7LQ,войс,2024-11-01
UCq3PlGB0_e6jTc9Jr2Al7LQ,трэш,2024-11-01
UCq3PlGB0_e6jTc9Jr2Al7LQ,обзор,2024-11-01
UCXNUrJGI6-5hv6xcncrQq8g,Apple,2024-11-01
UCXNUrJGI6-5hv6xcncrQq8g,Эппл,2024-11-01
UCXNUrJGI6-5hv6xcncrQq8g,Айфон,2024-11-01
UCXNUrJGI6-5hv6xcncrQq8g,iPhone,2024-11-01
UCXNUrJGI6-5hv6xcncrQq8g,Mac,2024-11-01
UCXNUrJGI6-5hv6xcncrQq8g,iOS,2024-11-01
UCXNUrJGI6-5hv6xcncrQq8g,андроид,2024-11-01
UCXNUrJGI6-5hv6xcncrQq8g,фишки,2024-11-01
UCXNUrJGI6-5hv6xcncrQq8g,лайфхаки,2024-11-01
UCXNUrJGI6-5hv6xcncrQq8g,romancev768,2024-11-01
UCXNUrJGI6-5hv6xcncrQq8g,как,2024-11-01
UCXNUrJGI6-5hv6xcncrQq8g,просто,2024-11-01
UCXNUrJGI6-5hv6xcncrQq8g,чехлы,2024-11-01
UCXNUrJGI6-5hv6xcncrQq8g,смартфон,2024-11-01
UCXNUrJGI6-5hv6xcncrQq8g,ноутбук,2024-11-01
UCXNUrJGI6-5hv6xcncrQq8g,компьютер,2024-11-01
UCXNUrJGI6-5hv6xcncrQq8g,короткие,2024-11-01
UCXNUrJGI6-5hv6xcncrQq8g,видео,2024-11-01
UCXNUrJGI6-5hv6xcncrQq8g,shorts,2024-11-01
UCE7f6y9VGVdZEtHeluRj_Wg,приколы,2024-11-01
UCE7f6y9VGVdZEtHeluRj_Wg,про,2024-11-01
UCE7f6y9VGVdZEtHeluRj_Wg,девушек,2024-11-01
UCE7f6y9VGVdZEtHeluRj_Wg,смешное,2024-11-01
UCE7f6y9VGVdZEtHeluRj_Wg,видео,2024-11-01
UCE7f6y9VGVdZEtHeluRj_Wg,поржать,2024-11-01
UCE7f6y9VGVdZEtHeluRj_Wg,подборка,2024-11-01
UCE7f6y9VGVdZEtHeluRj_Wg,приколов,2024-11-01
UCE7f6y9VGVdZEtHeluRj_Wg,2020,2024-11-01
UCE7f6y9VGVdZEtHeluRj_Wg,смешные,2024-11-01
UCE7f6y9VGVdZEtHeluRj_Wg,скетчи,2024-11-01
UCE7f6y9VGVdZEtHeluRj_Wg,ржу,2024-11-01
UCE7f6y9VGVdZEtHeluRj_Wg,не,2024-11-01
UCE7f6y9VGVdZEtHeluRj_Wg,могу,2024-11-01
UCE7f6y9VGVdZEtHeluRj_Wg,хорошее,2024-11-01
UCE7f6y9VGVdZEtHeluRj_Wg,настроение,2024-11-01
UCE7f6y9VGVdZEtHeluRj_Wg,лучшие,2024-11-01
UCE7f6y9VGVdZEtHeluRj_Wg,приколы,2024-11-01
UCE7f6y9VGVdZEtHeluRj_Wg,жизненный,2024-11-01
UCE7f6y9VGVdZEtHeluRj_Wg,юмор,2024-11-01
UCE7f6y9VGVdZEtHeluRj_Wg,для,2024-11-01
UCE7f6y9VGVdZEtHeluRj_Wg,хорошего,2024-11-01
UCE7f6y9VGVdZEtHeluRj_Wg,настроения,2024-11-01
UCE7f6y9VGVdZEtHeluRj_Wg,рассмеши,2024-11-01
UCE7f6y9VGVdZEtHeluRj_Wg,смешного,2024-11-01
UCE7f6y9VGVdZEtHeluRj_Wg,лучшее,2024-11-01
UCE7f6y9VGVdZEtHeluRj_Wg,лучшие,2024-11-01
UCE7f6y9VGVdZEtHeluRj_Wg,приколы,2024-11-01
UCE7f6y9VGVdZEtHeluRj_Wg,в,2024-11-01
UCE7f6y9VGVdZEtHeluRj_Wg,интернете,2024-11-01
UCE7f6y9VGVdZEtHeluRj_Wg,смех,2024-11-01
UCE7f6y9VGVdZEtHeluRj_Wg,и,2024-11-01
UCE7f6y9VGVdZEtHeluRj_Wg,слёзы,2024-11-01
UCE7f6y9VGVdZEtHeluRj_Wg,типичные,2024-11-01
UCE7f6y9VGVdZEtHeluRj_Wg,девушки,2024-11-01
UCE7f6y9VGVdZEtHeluRj_Wg,приколы,2024-11-01
UCE7f6y9VGVdZEtHeluRj_Wg,камеди,2024-11-01
UCE7f6y9VGVdZEtHeluRj_Wg,клаб,2024-11-01
UCE7f6y9VGVdZEtHeluRj_Wg,новое,2024-11-01
UCgvPE_DC9Q-ZJNAaXbppNVA,,2024-11-01
UCFCKDylEz4F7yB50yYMye0g,Super,2024-11-01
UCFCKDylEz4F7yB50yYMye0g,супер,2024-11-01
UCFCKDylEz4F7yB50yYMye0g,super.ru,2024-11-01
UCFCKDylEz4F7yB50yYMye0g,блогеры,2024-11-01
UCFCKDylEz4F7yB50yYMye0g,хайп,2024-11-01
UCFCKDylEz4F7yB50yYMye0g,звезды,2024-11-01
UCFCKDylEz4F7yB50yYMye0g,клип,2024-11-01
UCFCKDylEz4F7yB50yYMye0g,песня,2024-11-01
UCFCKDylEz4F7yB50yYMye0g,шоу,2024-11-01
UCFCKDylEz4F7yB50yYMye0g,шоубизнес,2024-11-01
UCFCKDylEz4F7yB50yYMye0g,ютубер,2024-11-01
UCFCKDylEz4F7yB50yYMye0g,певец,2024-11-01
UCFCKDylEz4F7yB50yYMye0g,топ,2024-11-01
UCFCKDylEz4F7yB50yYMye0g,самый,2024-11-01
UCFCKDylEz4F7yB50yYMye0g,знаменитый,2024-11-01
UCOxQWb-OuyCSZadzWqrKTCQ,Булджать,2024-11-01
UCOxQWb-OuyCSZadzWqrKTCQ,видеоигры,2024-11-01
UCOxQWb-OuyCSZadzWqrKTCQ,теории,2024-11-01
UCOxQWb-OuyCSZadzWqrKTCQ,стримы,2024-11-01
UCOxQWb-OuyCSZadzWqrKTCQ,прохождения,2024-11-01
UCOxQWb-OuyCSZadzWqrKTCQ,топ,2024-11-01
UCOxQWb-OuyCSZadzWqrKTCQ,аналитика,2024-11-01
UCOxQWb-OuyCSZadzWqrKTCQ,game,2024-11-01
UCOxQWb-OuyCSZadzWqrKTCQ,легенда,2024-11-01
UCOxQWb-OuyCSZadzWqrKTCQ,ммо,2024-11-01
UCOxQWb-OuyCSZadzWqrKTCQ,мемы,2024-11-01
UCOxQWb-OuyCSZadzWqrKTCQ,аниме,2024-11-01
UCOxQWb-OuyCSZadzWqrKTCQ,мимо,2024-11-01
UCOxQWb-OuyCSZadzWqrKTCQ,истории,2024-11-01
UCOxQWb-OuyCSZadzWqrKTCQ,майнкрафт,2024-11-01
UCOxQWb-OuyCSZadzWqrKTCQ,2б2т,2024-11-01
UCg0Y6Q0m3A_5X0CPY-IG3Yg,#психолог,2024-11-01
UCg0Y6Q0m3A_5X0CPY-IG3Yg,#психология,2024-11-01
UCg0Y6Q0m3A_5X0CPY-IG3Yg,#любовь,2024-11-01
UCg0Y6Q0m3A_5X0CPY-IG3Yg,#деньги,2024-11-01
UCRv1uDv7I2bv7aavxmkRTtw,Дело,2024-11-01
UCRv1uDv7I2bv7aavxmkRTtw,№,2024-11-01
UCRv1uDv7I2bv7aavxmkRTtw,очень,2024-11-01
UCRv1uDv7I2bv7aavxmkRTtw,странные,2024-11-01
UCRv1uDv7I2bv7aavxmkRTtw,дела,2024-11-01
UCRv1uDv7I2bv7aavxmkRTtw,уголовное,2024-11-01
UCRv1uDv7I2bv7aavxmkRTtw,дело,2024-11-01
UCRv1uDv7I2bv7aavxmkRTtw,Детектив,2024-11-01
UCRv1uDv7I2bv7aavxmkRTtw,причина,2024-11-01
UCRv1uDv7I2bv7aavxmkRTtw,смерти,2024-11-01
UCRv1uDv7I2bv7aavxmkRTtw,Шерлок,2024-11-01
UCRv1uDv7I2bv7aavxmkRTtw,Поиск,2024-11-01
UCRv1uDv7I2bv7aavxmkRTtw,Поиск,2024-11-01
UCRv1uDv7I2bv7aavxmkRTtw,людей,2024-11-01
UCRv1uDv7I2bv7aavxmkRTtw,расследование,2024-11-01
UCRv1uDv7I2bv7aavxmkRTtw,вели,2024-11-01
UCRv1uDv7I2bv7aavxmkRTtw,наказание,2024-11-01
UCRv1uDv7I2bv7aavxmkRTtw,за,2024-11-01
UCRv1uDv7I2bv7aavxmkRTtw,убийство,2024-11-01
UCRv1uDv7I2bv7aavxmkRTtw,странные,2024-11-01
UCRv1uDv7I2bv7aavxmkRTtw,дела,2024-11-01
UCRv1uDv7I2bv7aavxmkRTtw,фильм,2024-11-01
UCRv1uDv7I2bv7aavxmkRTtw,дело,2024-11-01
UCRv1uDv7I2bv7aavxmkRTtw,сериал,2024-11-01
UCRv1uDv7I2bv7aavxmkRTtw,след,2024-11-01
UCRv1uDv7I2bv7aavxmkRTtw,страшные,2024-11-01
UCRv1uDv7I2bv7aavxmkRTtw,истории,2024-11-01
UCvydDeIzW2UDNO7eCqmmGdw,,2024-11-01
UCDZ0U6BUI26KjWXUhoJeFHw,Pubg,2024-11-01
UCDZ0U6BUI26KjWXUhoJeFHw,mobile,2024-11-01
UCDZ0U6BUI26KjWXUhoJeFHw,пабг,2024-11-01
UCDZ0U6BUI26KjWXUhoJeFHw,мобайл,2024-11-01
UCDZ0U6BUI26KjWXUhoJeFHw,OPENCASE,2024-11-01
UCDZ0U6BUI26KjWXUhoJeFHw,Открытие,2024-11-01
UCDZ0U6BUI26KjWXUhoJeFHw,кейсов,2024-11-01
UCDZ0U6BUI26KjWXUhoJeFHw,открытие,2024-11-01
UCDZ0U6BUI26KjWXUhoJeFHw,ящиков,2024-11-01
UCDZ0U6BUI26KjWXUhoJeFHw,пубг,2024-11-01
UCDZ0U6BUI26KjWXUhoJeFHw,мобайл,2024-11-01
UCDZ0U6BUI26KjWXUhoJeFHw,PUBG,2024-11-01
UCDZ0U6BUI26KjWXUhoJeFHw,Soul,2024-11-01
UCDZ0U6BUI26KjWXUhoJeFHw,Knight,2024-11-01
UCDZ0U6BUI26KjWXUhoJeFHw,Brawl,2024-11-01
UCDZ0U6BUI26KjWXUhoJeFHw,Stars,2024-11-01
UCDZ0U6BUI26KjWXUhoJeFHw,Соул,2024-11-01
UCDZ0U6BUI26KjWXUhoJeFHw,Кнайт,2024-11-01
UCDZ0U6BUI26KjWXUhoJeFHw,Пабг,2024-11-01
UCDZ0U6BUI26KjWXUhoJeFHw,пубг,2024-11-01
UCyTDJHSzuKZ2JZO41c5Do1A,радиои,2024-11-01
UCyTDJHSzuKZ2JZO41c5Do1A,озоди,2024-11-01
UCyTDJHSzuKZ2JZO41c5Do1A,ахбори,2024-11-01
UCyTDJHSzuKZ2JZO41c5Do1A,озоди,2024-11-01
UCyTDJHSzuKZ2JZO41c5Do1A,радио,2024-11-01
UCyTDJHSzuKZ2JZO41c5Do1A,озоди,2024-11-01
UCyTDJHSzuKZ2JZO41c5Do1A,радиои,2024-11-01
UCyTDJHSzuKZ2JZO41c5Do1A,озоди,2024-11-01
UCyTDJHSzuKZ2JZO41c5Do1A,имруз,2024-11-01
UCyTDJHSzuKZ2JZO41c5Do1A,озоди,2024-11-01
UCyTDJHSzuKZ2JZO41c5Do1A,точик,2024-11-01
UCyTDJHSzuKZ2JZO41c5Do1A,точикистон,2024-11-01
UCyTDJHSzuKZ2JZO41c5Do1A,таджики,2024-11-01
UCyTDJHSzuKZ2JZO41c5Do1A,таджикистан,2024-11-01
UCyTDJHSzuKZ2JZO41c5Do1A,тоҷик,2024-11-01
UCyTDJHSzuKZ2JZO41c5Do1A,душанбе,2024-11-01
UCyTDJHSzuKZ2JZO41c5Do1A,озодӣ,2024-11-01
UCyTDJHSzuKZ2JZO41c5Do1A,ozodi,2024-11-01
UCyTDJHSzuKZ2JZO41c5Do1A,озодивидео,2024-11-01
UCyTDJHSzuKZ2JZO41c5Do1A,исфара,2024-11-01
UCyTDJHSzuKZ2JZO41c5Do1A,қирғиз,2024-11-01
UCyTDJHSzuKZ2JZO41c5Do1A,фаластин,2024-11-01
UCyTDJHSzuKZ2JZO41c5Do1A,ғазза,2024-11-01
UCyTDJHSzuKZ2JZO41c5Do1A,исроил,2024-11-01
UCyTDJHSzuKZ2JZO41c5Do1A,фаластиниҳо,2024-11-01
UCyTDJHSzuKZ2JZO41c5Do1A,палестин,2024-11-01
UCyTDJHSzuKZ2JZO41c5Do1A,паластин,2024-11-01
UCyTDJHSzuKZ2JZO41c5Do1A,ахбори,2024-11-01
UCyTDJHSzuKZ2JZO41c5Do1A,точикистон,2024-11-01
UCyTDJHSzuKZ2JZO41c5Do1A,имруза,2024-11-01
UCyTDJHSzuKZ2JZO41c5Do1A,чанги,2024-11-01
UCyTDJHSzuKZ2JZO41c5Do1A,исроил,2024-11-01
UCyTDJHSzuKZ2JZO41c5Do1A,ва,2024-11-01
UCyTDJHSzuKZ2JZO41c5Do1A,фаластин,2024-11-01
UCyTDJHSzuKZ2JZO41c5Do1A,ҷанг,2024-11-01
UCyTDJHSzuKZ2JZO41c5Do1A,патент,2024-11-01
UCyTDJHSzuKZ2JZO41c5Do1A,паспорт,2024-11-01
UCyTDJHSzuKZ2JZO41c5Do1A,шаҳрвандӣ,2024-11-01
UC0lT9K8Wfuc1KPqm6YjRf1A,AcademeG,2024-11-01
UC0lT9K8Wfuc1KPqm6YjRf1A,Авто,2024-11-01
UC0lT9K8Wfuc1KPqm6YjRf1A,Тест,2024-11-01
UC0lT9K8Wfuc1KPqm6YjRf1A,Драйв,2024-11-01
UC0lT9K8Wfuc1KPqm6YjRf1A,обзор,2024-11-01
UCLWvIB80ANqrEJhzYzfkgGA,#vlog,2024-11-01
UCLWvIB80ANqrEJhzYzfkgGA,#funny,2024-11-01
UCLWvIB80ANqrEJhzYzfkgGA,video,2024-11-01
UCLWvIB80ANqrEJhzYzfkgGA,#challenge,2024-11-01
UCLWvIB80ANqrEJhzYzfkgGA,#game,2024-11-01
UCLWvIB80ANqrEJhzYzfkgGA,#test,2024-11-01
UCLWvIB80ANqrEJhzYzfkgGA,#comedy,2024-11-01
UC1TKzKqa_EYyJ13wUELnXlg,,2024-11-01
UCaYLBJfw6d8XqmNlL204lNg,esl,2024-11-01
UCaYLBJfw6d8XqmNlL204lNg,dota,2024-11-01
UCaYLBJfw6d8XqmNlL204lNg,esports,2024-11-01
UCaYLBJfw6d8XqmNlL204lNg,dota,2024-11-01
UCaYLBJfw6d8XqmNlL204lNg,2,2024-11-01
UCaYLBJfw6d8XqmNlL204lNg,professional,2024-11-01
UCaYLBJfw6d8XqmNlL204lNg,dota,2024-11-01
UCaYLBJfw6d8XqmNlL204lNg,dota,2024-11-01
UCaYLBJfw6d8XqmNlL204lNg,esports,2024-11-01
UCaYLBJfw6d8XqmNlL204lNg,esl,2024-11-01
UCaYLBJfw6d8XqmNlL204lNg,dota,2024-11-01
UCaYLBJfw6d8XqmNlL204lNg,dream,2024-11-01
UCaYLBJfw6d8XqmNlL204lNg,league,2024-11-01
UCaYLBJfw6d8XqmNlL204lNg,ESL,2024-11-01
UCaYLBJfw6d8XqmNlL204lNg,One,2024-11-01
UCaYLBJfw6d8XqmNlL204lNg,ESL,2024-11-01
UCaYLBJfw6d8XqmNlL204lNg,One,2024-11-01
UCaYLBJfw6d8XqmNlL204lNg,Dota,2024-11-01
UCaYLBJfw6d8XqmNlL204lNg,Dota,2024-11-01
UCaYLBJfw6d8XqmNlL204lNg,Major,2024-11-01
UCaYLBJfw6d8XqmNlL204lNg,Dota,2024-11-01
UCaYLBJfw6d8XqmNlL204lNg,pro,2024-11-01
UCaYLBJfw6d8XqmNlL204lNg,Dota,2024-11-01
UCaYLBJfw6d8XqmNlL204lNg,streams,2024-11-01
UCaYLBJfw6d8XqmNlL204lNg,esports,2024-11-01
UCaYLBJfw6d8XqmNlL204lNg,stream,2024-11-01
UCaYLBJfw6d8XqmNlL204lNg,dota2,2024-11-01
UCaYLBJfw6d8XqmNlL204lNg,stream,2024-11-01
UCaYLBJfw6d8XqmNlL204lNg,dota,2024-11-01
UCaYLBJfw6d8XqmNlL204lNg,2,2024-11-01
UCaYLBJfw6d8XqmNlL204lNg,streaming,2024-11-01
UCaYLBJfw6d8XqmNlL204lNg,dota,2024-11-01
UCaYLBJfw6d8XqmNlL204lNg,live,2024-11-01
UCaYLBJfw6d8XqmNlL204lNg,live,2024-11-01
UCaYLBJfw6d8XqmNlL204lNg,dota,2024-11-01
UCaYLBJfw6d8XqmNlL204lNg,dota,2024-11-01
UCaYLBJfw6d8XqmNlL204lNg,live,2024-11-01
UCaYLBJfw6d8XqmNlL204lNg,esports,2024-11-01
UCn1YQ4g_kKwJbt0MUVZfY7A,,2024-11-01
UC3eP27DHBYIMFkN-1up0Y_A,萌娃日常生活,2024-11-01
UC3eP27DHBYIMFkN-1up0Y_A,亲子互动,2024-11-01
UC3eP27DHBYIMFkN-1up0Y_A,幼儿成长点滴,2024-11-01
UC3eP27DHBYIMFkN-1up0Y_A,家庭欢乐时光,2024-11-01
UC3eP27DHBYIMFkN-1up0Y_A,儿童教育,2024-11-01
UC3eP27DHBYIMFkN-1up0Y_A,亲子游戏,2024-11-01
UC3eP27DHBYIMFkN-1up0Y_A,宝宝成长日记,2024-11-01
UC3eP27DHBYIMFkN-1up0Y_A,家庭生活分享,2024-11-01
UC3eP27DHBYIMFkN-1up0Y_A,儿童成长故事,2024-11-01
UC3eP27DHBYIMFkN-1up0Y_A,萌娃趣事,2024-11-01
UC3eP27DHBYIMFkN-1up0Y_A,宝宝日常,2024-11-01
UC3eP27DHBYIMFkN-1up0Y_A,育儿心得,2024-11-01
UC3eP27DHBYIMFkN-1up0Y_A,亲子关系,2024-11-01
UC3eP27DHBYIMFkN-1up0Y_A,宝宝成长记录,2024-11-01
UC3eP27DHBYIMFkN-1up0Y_A,儿童生活点滴,2024-11-01
UC3eP27DHBYIMFkN-1up0Y_A,家庭教育,2024-11-01
UC3eP27DHBYIMFkN-1up0Y_A,亲子活动,2024-11-01
UC3eP27DHBYIMFkN-1up0Y_A,幼儿教育技巧,2024-11-01
UC3eP27DHBYIMFkN-1up0Y_A,宝宝成长里程碑,2024-11-01
UC3eP27DHBYIMFkN-1up0Y_A,育儿日常,2024-11-01
UC3eP27DHBYIMFkN-1up0Y_A,亲子互动游戏,2024-11-01
UC3eP27DHBYIMFkN-1up0Y_A,幼儿成长故事,2024-11-01
UC3eP27DHBYIMFkN-1up0Y_A,家庭生活乐趣,2024-11-01
UC3eP27DHBYIMFkN-1up0Y_A,儿童教育理念,2024-11-01
UC3eP27DHBYIMFkN-1up0Y_A,亲子早教,2024-11-01
UC3eP27DHBYIMFkN-1up0Y_A,宝宝第一次经历,2024-11-01
UCKoFMFiKx297VCuHB29mMXw,Дарья,2024-11-01
UCKoFMFiKx297VCuHB29mMXw,Граф,2024-11-01
UCKoFMFiKx297VCuHB29mMXw,макияж,2024-11-01
UCKoFMFiKx297VCuHB29mMXw,косметика,2024-11-01
UCKoFMFiKx297VCuHB29mMXw,маникюр,2024-11-01
UCKoFMFiKx297VCuHB29mMXw,Даша,2024-11-01
UCKoFMFiKx297VCuHB29mMXw,Граф,2024-11-01
UCKoFMFiKx297VCuHB29mMXw,daria,2024-11-01
UCKoFMFiKx297VCuHB29mMXw,graph,2024-11-01
UCKoFMFiKx297VCuHB29mMXw,graph,2024-11-01
UCbFHDplh6agAg1-oa6u2wzw,Музыка,2024-11-01
UCbFHDplh6agAg1-oa6u2wzw,Песня,2024-11-01
UCbFHDplh6agAg1-oa6u2wzw,Песни,2024-11-01
UCbFHDplh6agAg1-oa6u2wzw,Премьера,2024-11-01
UCbFHDplh6agAg1-oa6u2wzw,Хиты2023,2024-11-01
UCbFHDplh6agAg1-oa6u2wzw,Хиты,2024-11-01
UCbFHDplh6agAg1-oa6u2wzw,2023,2024-11-01
UCbFHDplh6agAg1-oa6u2wzw,Music,2024-11-01
UCbFHDplh6agAg1-oa6u2wzw,video,2024-11-01
UCbFHDplh6agAg1-oa6u2wzw,Хиты,2024-11-01
UCbFHDplh6agAg1-oa6u2wzw,Хит,2024-11-01
UCbFHDplh6agAg1-oa6u2wzw,лета,2024-11-01
UCbFHDplh6agAg1-oa6u2wzw,2023,2024-11-01
UCbFHDplh6agAg1-oa6u2wzw,Блог,2024-11-01
UCbFHDplh6agAg1-oa6u2wzw,Популярный,2024-11-01
UCbFHDplh6agAg1-oa6u2wzw,блогер,2024-11-01
UCbFHDplh6agAg1-oa6u2wzw,Нилетто,2024-11-01
UCbFHDplh6agAg1-oa6u2wzw,Niletto,2024-11-01
UCbFHDplh6agAg1-oa6u2wzw,Нилето,2024-11-01
UCbFHDplh6agAg1-oa6u2wzw,Ниллетто,2024-11-01
UCbFHDplh6agAg1-oa6u2wzw,Раса,2024-11-01
UCbFHDplh6agAg1-oa6u2wzw,Rasa,2024-11-01
UCbFHDplh6agAg1-oa6u2wzw,Любимка,2024-11-01
UCbFHDplh6agAg1-oa6u2wzw,Пчеловод,2024-11-01
UCbFHDplh6agAg1-oa6u2wzw,кукла,2024-11-01
UCbFHDplh6agAg1-oa6u2wzw,под,2024-11-01
UCbFHDplh6agAg1-oa6u2wzw,фонарем,2024-11-01
UCbFHDplh6agAg1-oa6u2wzw,под,2024-11-01
UCbFHDplh6agAg1-oa6u2wzw,фонарём,2024-11-01
UCbFHDplh6agAg1-oa6u2wzw,а,2024-11-01
UCbFHDplh6agAg1-oa6u2wzw,уже,2024-11-01
UCbFHDplh6agAg1-oa6u2wzw,фсе,2024-11-01
UCbFHDplh6agAg1-oa6u2wzw,а,2024-11-01
UCbFHDplh6agAg1-oa6u2wzw,уже,2024-11-01
UCbFHDplh6agAg1-oa6u2wzw,все,2024-11-01
UCbFHDplh6agAg1-oa6u2wzw,митчел,2024-11-01
UCbFHDplh6agAg1-oa6u2wzw,mitchel,2024-11-01
UCbFHDplh6agAg1-oa6u2wzw,новая,2024-11-01
UCbFHDplh6agAg1-oa6u2wzw,музыка,2024-11-01
UCbFHDplh6agAg1-oa6u2wzw,2023,2024-11-01
UCbFHDplh6agAg1-oa6u2wzw,хиты,2024-11-01
UCbFHDplh6agAg1-oa6u2wzw,2023,2024-11-01
UCbFHDplh6agAg1-oa6u2wzw,хиты2023,2024-11-01
UCbFHDplh6agAg1-oa6u2wzw,дмитриенко,2024-11-01
UCbFHDplh6agAg1-oa6u2wzw,Ваня,2024-11-01
UCbFHDplh6agAg1-oa6u2wzw,Дмитриенко,2024-11-01
UCbFHDplh6agAg1-oa6u2wzw,ВенераЮпитер,2024-11-01
UCbFHDplh6agAg1-oa6u2wzw,Венера-Юпитер,2024-11-01
UCUHQKxU-_DWsrwBxlKWgsew,А4,2024-11-01
UCUHQKxU-_DWsrwBxlKWgsew,ЕГОРИК,2024-11-01
UCUHQKxU-_DWsrwBxlKWgsew,Влад,2024-11-01
UCUHQKxU-_DWsrwBxlKWgsew,Бумага,2024-11-01
UCUHQKxU-_DWsrwBxlKWgsew,Развлечения,2024-11-01
UCUHQKxU-_DWsrwBxlKWgsew,Куда,2024-11-01
UCUHQKxU-_DWsrwBxlKWgsew,делся,2024-11-01
UCUHQKxU-_DWsrwBxlKWgsew,Егорик,2024-11-01
UCUHQKxU-_DWsrwBxlKWgsew,А4,2024-11-01
UC5aNdQmTYqlSxJHS9Ld0pBw,Akstar,2024-11-01
UC5aNdQmTYqlSxJHS9Ld0pBw,акстар,2024-11-01
UC5aNdQmTYqlSxJHS9Ld0pBw,гитара,2024-11-01
UC5aNdQmTYqlSxJHS9Ld0pBw,гитарист,2024-11-01
UC5aNdQmTYqlSxJHS9Ld0pBw,табы,2024-11-01
UC5aNdQmTYqlSxJHS9Ld0pBw,фингерстайл,2024-11-01
UC5aNdQmTYqlSxJHS9Ld0pBw,fingerstyle,2024-11-01
UC5gxP-2QqIh_09djvlm9Xcg,alanchikinchow,2024-11-01
UC5gxP-2QqIh_09djvlm9Xcg,tiktok,2024-11-01
UC5gxP-2QqIh_09djvlm9Xcg,comedy,2024-11-01
UC5gxP-2QqIh_09djvlm9Xcg,kpop,2024-11-01
UC5gxP-2QqIh_09djvlm9Xcg,anime,2024-11-01
UC5gxP-2QqIh_09djvlm9Xcg,alanarmy,2024-11-01
UC5gxP-2QqIh_09djvlm9Xcg,alan,2024-11-01
UC5gxP-2QqIh_09djvlm9Xcg,army,2024-11-01
UC5gxP-2QqIh_09djvlm9Xcg,alan,2024-11-01
UC5gxP-2QqIh_09djvlm9Xcg,chikin,2024-11-01
UC5gxP-2QqIh_09djvlm9Xcg,chow,2024-11-01
UC5gxP-2QqIh_09djvlm9Xcg,alan,2024-11-01
UC5gxP-2QqIh_09djvlm9Xcg,chicken,2024-11-01
UC5gxP-2QqIh_09djvlm9Xcg,chow,2024-11-01
UC5gxP-2QqIh_09djvlm9Xcg,alan,2024-11-01
UC5gxP-2QqIh_09djvlm9Xcg,chicken,2024-11-01
UC5gxP-2QqIh_09djvlm9Xcg,show,2024-11-01
UC5gxP-2QqIh_09djvlm9Xcg,alan,2024-11-01
UC5gxP-2QqIh_09djvlm9Xcg,chikin,2024-11-01
UC5gxP-2QqIh_09djvlm9Xcg,show,2024-11-01
UCM4UbeXfkW2_1gOFvtYs_KQ,Любовь,2024-11-01
UCM4UbeXfkW2_1gOFvtYs_KQ,Ким,2024-11-01
UCM4UbeXfkW2_1gOFvtYs_KQ,Шиндр,2024-11-01
UCM4UbeXfkW2_1gOFvtYs_KQ,Мындр,2024-11-01
UCM4UbeXfkW2_1gOFvtYs_KQ,Любовь,2024-11-01
UCM4UbeXfkW2_1gOFvtYs_KQ,Ким,2024-11-01
UCM4UbeXfkW2_1gOFvtYs_KQ,рецепты,2024-11-01
UCM4UbeXfkW2_1gOFvtYs_KQ,Корейская,2024-11-01
UCM4UbeXfkW2_1gOFvtYs_KQ,Кухня,2024-11-01
UCM4UbeXfkW2_1gOFvtYs_KQ,Влог,2024-11-01
UCM4UbeXfkW2_1gOFvtYs_KQ,Семья,2024-11-01
UCM4UbeXfkW2_1gOFvtYs_KQ,Ютуб,2024-11-01
UCM4UbeXfkW2_1gOFvtYs_KQ,Автомобиль,2024-11-01
UCM4UbeXfkW2_1gOFvtYs_KQ,Россия,2024-11-01
UCM4UbeXfkW2_1gOFvtYs_KQ,Корея,2024-11-01
UCM4UbeXfkW2_1gOFvtYs_KQ,Кимчи,2024-11-01
UCi2_q03LmlBCVvIYFybq3Fw,новости,2024-11-01
UCi2_q03LmlBCVvIYFybq3Fw,главные,2024-11-01
UCi2_q03LmlBCVvIYFybq3Fw,новости,2024-11-01
UCi2_q03LmlBCVvIYFybq3Fw,новости,2024-11-01
UCi2_q03LmlBCVvIYFybq3Fw,дня,2024-11-01
UCi2_q03LmlBCVvIYFybq3Fw,новости,2024-11-01
UCi2_q03LmlBCVvIYFybq3Fw,сегодня,2024-11-01
UCi2_q03LmlBCVvIYFybq3Fw,свежие,2024-11-01
UCi2_q03LmlBCVvIYFybq3Fw,новости,2024-11-01
UCi2_q03LmlBCVvIYFybq3Fw,срочные,2024-11-01
UCi2_q03LmlBCVvIYFybq3Fw,новости,2024-11-01
UCi2_q03LmlBCVvIYFybq3Fw,короткие,2024-11-01
UCi2_q03LmlBCVvIYFybq3Fw,новости,2024-11-01
UCi2_q03LmlBCVvIYFybq3Fw,короче,2024-11-01
UCi2_q03LmlBCVvIYFybq3Fw,новости,2024-11-01
UCi2_q03LmlBCVvIYFybq3Fw,новости,2024-11-01
UCi2_q03LmlBCVvIYFybq3Fw,короче,2024-11-01
UCi2_q03LmlBCVvIYFybq3Fw,события,2024-11-01
UCi2_q03LmlBCVvIYFybq3Fw,новостничок,2024-11-01
UCi2_q03LmlBCVvIYFybq3Fw,новостник,2024-11-01
UCi2_q03LmlBCVvIYFybq3Fw,новостничок,2024-11-01
UCi2_q03LmlBCVvIYFybq3Fw,шортс,2024-11-01
UCkUFua6WbuKcmMDrcxRpH7A,Дюшес,2024-11-01
UCkUFua6WbuKcmMDrcxRpH7A,Обзоры,2024-11-01
UCkUFua6WbuKcmMDrcxRpH7A,Реакция,2024-11-01
UCkUFua6WbuKcmMDrcxRpH7A,Яжемать,2024-11-01
UCkUFua6WbuKcmMDrcxRpH7A,Скетчи,2024-11-01
UCkUFua6WbuKcmMDrcxRpH7A,Пранки,2024-11-01
UCkUFua6WbuKcmMDrcxRpH7A,влоги,2024-11-01
UCkUFua6WbuKcmMDrcxRpH7A,Vlog,2024-11-01
UCkUFua6WbuKcmMDrcxRpH7A,Эксперименты,2024-11-01
UCkUFua6WbuKcmMDrcxRpH7A,DIY,2024-11-01
UCDx2-SCLzDaC4vlh2PCGYQA,Игры,2024-11-01
UCDx2-SCLzDaC4vlh2PCGYQA,Прохождения,2024-11-01
UCDx2-SCLzDaC4vlh2PCGYQA,Летсплеи,2024-11-01
UCDx2-SCLzDaC4vlh2PCGYQA,Стримы,2024-11-01
UCDx2-SCLzDaC4vlh2PCGYQA,Трансляции,2024-11-01
UCDx2-SCLzDaC4vlh2PCGYQA,Games,2024-11-01
UCDx2-SCLzDaC4vlh2PCGYQA,Game,2024-11-01
UCDx2-SCLzDaC4vlh2PCGYQA,Lets,2024-11-01
UCDx2-SCLzDaC4vlh2PCGYQA,Play,2024-11-01
UCDx2-SCLzDaC4vlh2PCGYQA,Let's,2024-11-01
UCDx2-SCLzDaC4vlh2PCGYQA,Play,2024-11-01
UCDx2-SCLzDaC4vlh2PCGYQA,Обзоры,2024-11-01
UCDx2-SCLzDaC4vlh2PCGYQA,Комплектующие,2024-11-01
UCDx2-SCLzDaC4vlh2PCGYQA,Компьютер,2024-11-01
UCDx2-SCLzDaC4vlh2PCGYQA,Видеокарта,2024-11-01
UCDx2-SCLzDaC4vlh2PCGYQA,Nvidia,2024-11-01
UCDx2-SCLzDaC4vlh2PCGYQA,Ноутбук,2024-11-01
UCDx2-SCLzDaC4vlh2PCGYQA,jove,2024-11-01
UCDx2-SCLzDaC4vlh2PCGYQA,джов,2024-11-01
UCDx2-SCLzDaC4vlh2PCGYQA,world,2024-11-01
UCDx2-SCLzDaC4vlh2PCGYQA,of,2024-11-01
UCDx2-SCLzDaC4vlh2PCGYQA,tanks,2024-11-01
UCDx2-SCLzDaC4vlh2PCGYQA,мир,2024-11-01
UCDx2-SCLzDaC4vlh2PCGYQA,танков,2024-11-01
UCDx2-SCLzDaC4vlh2PCGYQA,танки,2024-11-01
UCDx2-SCLzDaC4vlh2PCGYQA,tanks,2024-11-01
UCDx2-SCLzDaC4vlh2PCGYQA,вот,2024-11-01
UCDx2-SCLzDaC4vlh2PCGYQA,танк,2024-11-01
UCDx2-SCLzDaC4vlh2PCGYQA,ворлд,2024-11-01
UCDx2-SCLzDaC4vlh2PCGYQA,оф,2024-11-01
UCDx2-SCLzDaC4vlh2PCGYQA,танкс,2024-11-01
UCDx2-SCLzDaC4vlh2PCGYQA,игра,2024-11-01
UCDx2-SCLzDaC4vlh2PCGYQA,модпак,2024-11-01
UCDx2-SCLzDaC4vlh2PCGYQA,wot,2024-11-01
UCDx2-SCLzDaC4vlh2PCGYQA,стрим,2024-11-01
UCDx2-SCLzDaC4vlh2PCGYQA,wot,2024-11-01
UCDx2-SCLzDaC4vlh2PCGYQA,jove,2024-11-01
UCDx2-SCLzDaC4vlh2PCGYQA,wot,2024-11-01
UCDx2-SCLzDaC4vlh2PCGYQA,варгейминг,2024-11-01
UCDx2-SCLzDaC4vlh2PCGYQA,wargaming,2024-11-01
UCDx2-SCLzDaC4vlh2PCGYQA,worldoftanks,2024-11-01
UCDx2-SCLzDaC4vlh2PCGYQA,WoT,2024-11-01
UCDx2-SCLzDaC4vlh2PCGYQA,лрн,2024-11-01
UCDx2-SCLzDaC4vlh2PCGYQA,патч,2024-11-01
UCDx2-SCLzDaC4vlh2PCGYQA,танки,2024-11-01
UCDx2-SCLzDaC4vlh2PCGYQA,патч,2024-11-01
UCDx2-SCLzDaC4vlh2PCGYQA,wot,2024-11-01
UCDx2-SCLzDaC4vlh2PCGYQA,канал,2024-11-01
UCb5oqCZ4AfmfXbgHsfei0tQ,майнкрафт,2024-11-01
UCb5oqCZ4AfmfXbgHsfei0tQ,domer,2024-11-01
UCb5oqCZ4AfmfXbgHsfei0tQ,grief,2024-11-01
UCb5oqCZ4AfmfXbgHsfei0tQ,minecraft,2024-11-01
UCb5oqCZ4AfmfXbgHsfei0tQ,админ,2024-11-01
UCb5oqCZ4AfmfXbgHsfei0tQ,шоу,2024-11-01
UCb5oqCZ4AfmfXbgHsfei0tQ,админка,2024-11-01
UCb5oqCZ4AfmfXbgHsfei0tQ,в,2024-11-01
UCb5oqCZ4AfmfXbgHsfei0tQ,майнкрафт,2024-11-01
UCb5oqCZ4AfmfXbgHsfei0tQ,анти,2024-11-01
UCb5oqCZ4AfmfXbgHsfei0tQ,грифер,2024-11-01
UCb5oqCZ4AfmfXbgHsfei0tQ,анти,2024-11-01
UCb5oqCZ4AfmfXbgHsfei0tQ,грифер,2024-11-01
UCb5oqCZ4AfmfXbgHsfei0tQ,шоу,2024-11-01
UCb5oqCZ4AfmfXbgHsfei0tQ,троллинг,2024-11-01
UCb5oqCZ4AfmfXbgHsfei0tQ,троллинг,2024-11-01
UCb5oqCZ4AfmfXbgHsfei0tQ,в,2024-11-01
UCb5oqCZ4AfmfXbgHsfei0tQ,майнкрафте,2024-11-01
UCb5oqCZ4AfmfXbgHsfei0tQ,домер,2024-11-01
UC_1O5w8-Gv812YiZwxd1qSw,,2024-11-01
UCNqktdxgAADBj36dC7VGOgg,,2024-11-01
UCCbW0FO6y14X0eEREEkUq3A,автомобили,2024-11-01
UCCbW0FO6y14X0eEREEkUq3A,bmw,2024-11-01
UCCbW0FO6y14X0eEREEkUq3A,блог,2024-11-01
UCCbW0FO6y14X0eEREEkUq3A,1000км,2024-11-01
UCCbW0FO6y14X0eEREEkUq3A,путешествие,2024-11-01
UCCbW0FO6y14X0eEREEkUq3A,поездка,2024-11-01
UCgxTPTFbIbCWfTR9I2-5SeQ,навальный,2024-11-01
UCgxTPTFbIbCWfTR9I2-5SeQ,навальный,2024-11-01
UCgxTPTFbIbCWfTR9I2-5SeQ,лайв,2024-11-01
UCgxTPTFbIbCWfTR9I2-5SeQ,алексей,2024-11-01
UCgxTPTFbIbCWfTR9I2-5SeQ,навальный,2024-11-01
UCgxTPTFbIbCWfTR9I2-5SeQ,Navalny,2024-11-01
UCgxTPTFbIbCWfTR9I2-5SeQ,Навальный,2024-11-01
UCgxTPTFbIbCWfTR9I2-5SeQ,live,2024-11-01
UCgxTPTFbIbCWfTR9I2-5SeQ,Кактус,2024-11-01
UCgxTPTFbIbCWfTR9I2-5SeQ,Россия,2024-11-01
UCgxTPTFbIbCWfTR9I2-5SeQ,Будущего,2024-11-01
UCgxTPTFbIbCWfTR9I2-5SeQ,лайф,2024-11-01
UCgxTPTFbIbCWfTR9I2-5SeQ,navalny,2024-11-01
UCgxTPTFbIbCWfTR9I2-5SeQ,live,2024-11-01
UCgxTPTFbIbCWfTR9I2-5SeQ,навальный2018,2024-11-01
UCgxTPTFbIbCWfTR9I2-5SeQ,yfdfkmysq,2024-11-01
UCgxTPTFbIbCWfTR9I2-5SeQ,соболь,2024-11-01
UCgxTPTFbIbCWfTR9I2-5SeQ,навальный,2024-11-01
UCgxTPTFbIbCWfTR9I2-5SeQ,лайф,2024-11-01
UCgxTPTFbIbCWfTR9I2-5SeQ,навальный,2024-11-01
UCgxTPTFbIbCWfTR9I2-5SeQ,шизо,2024-11-01
UCgxTPTFbIbCWfTR9I2-5SeQ,навальный,2024-11-01
UCgxTPTFbIbCWfTR9I2-5SeQ,пост,2024-11-01
UCgxTPTFbIbCWfTR9I2-5SeQ,навальный,2024-11-01
UCgxTPTFbIbCWfTR9I2-5SeQ,инстаграм,2024-11-01
UCgxTPTFbIbCWfTR9I2-5SeQ,навальный,2024-11-01
UCgxTPTFbIbCWfTR9I2-5SeQ,срок,2024-11-01
UCgxTPTFbIbCWfTR9I2-5SeQ,популярная,2024-11-01
UCgxTPTFbIbCWfTR9I2-5SeQ,политика,2024-11-01
UCgxTPTFbIbCWfTR9I2-5SeQ,фбк,2024-11-01
UCgxTPTFbIbCWfTR9I2-5SeQ,команда,2024-11-01
UCgxTPTFbIbCWfTR9I2-5SeQ,Навального,2024-11-01
UCAvrIl6ltV8MdJo3mV4Nl4Q,Lololowka,2024-11-01
UCAvrIl6ltV8MdJo3mV4Nl4Q,MrLololoshka,2024-11-01
UCAvrIl6ltV8MdJo3mV4Nl4Q,Minecraft,2024-11-01
UCAvrIl6ltV8MdJo3mV4Nl4Q,Майнкрафт,2024-11-01
UCAvrIl6ltV8MdJo3mV4Nl4Q,Минекрафт,2024-11-01
UCAvrIl6ltV8MdJo3mV4Nl4Q,обзор,2024-11-01
UCAvrIl6ltV8MdJo3mV4Nl4Q,модов,2024-11-01
UCAvrIl6ltV8MdJo3mV4Nl4Q,Let's,2024-11-01
UCAvrIl6ltV8MdJo3mV4Nl4Q,play,2024-11-01
UCAvrIl6ltV8MdJo3mV4Nl4Q,летс,2024-11-01
UCAvrIl6ltV8MdJo3mV4Nl4Q,плей,2024-11-01
UCAvrIl6ltV8MdJo3mV4Nl4Q,video,2024-11-01
UCAvrIl6ltV8MdJo3mV4Nl4Q,game,2024-11-01
UCAvrIl6ltV8MdJo3mV4Nl4Q,Лололошка,2024-11-01
UCAvrIl6ltV8MdJo3mV4Nl4Q,лолошка,2024-11-01
UCAvrIl6ltV8MdJo3mV4Nl4Q,мод,2024-11-01
UCAvrIl6ltV8MdJo3mV4Nl4Q,канал,2024-11-01
UCAvrIl6ltV8MdJo3mV4Nl4Q,youtube,2024-11-01
UCAvrIl6ltV8MdJo3mV4Nl4Q,видео,2024-11-01
UCAvrIl6ltV8MdJo3mV4Nl4Q,подписчики,2024-11-01
UCAvrIl6ltV8MdJo3mV4Nl4Q,туториал,2024-11-01
UCAvrIl6ltV8MdJo3mV4Nl4Q,tutorial,2024-11-01
UCAvrIl6ltV8MdJo3mV4Nl4Q,ЬкДщдщдщырлф,2024-11-01
UCAvrIl6ltV8MdJo3mV4Nl4Q,Ьк,2024-11-01
UCAvrIl6ltV8MdJo3mV4Nl4Q,дщдщдщырлф,2024-11-01
UCAvrIl6ltV8MdJo3mV4Nl4Q,Сборка,2024-11-01
UCAvrIl6ltV8MdJo3mV4Nl4Q,по,2024-11-01
UCAvrIl6ltV8MdJo3mV4Nl4Q,майнкрафту,2024-11-01
UCQeGq915GhiFlOE-fuoXGKQ,Новости,2024-11-01
UCQeGq915GhiFlOE-fuoXGKQ,новости,2024-11-01
UCQeGq915GhiFlOE-fuoXGKQ,Украины,2024-11-01
UCQeGq915GhiFlOE-fuoXGKQ,канал,2024-11-01
UCQeGq915GhiFlOE-fuoXGKQ,центр,2024-11-01
UCQeGq915GhiFlOE-fuoXGKQ,останні,2024-11-01
UCQeGq915GhiFlOE-fuoXGKQ,новини,2024-11-01
UCQeGq915GhiFlOE-fuoXGKQ,новини,2024-11-01
UCQeGq915GhiFlOE-fuoXGKQ,україни,2024-11-01
UCQeGq915GhiFlOE-fuoXGKQ,прямой,2024-11-01
UCQeGq915GhiFlOE-fuoXGKQ,эфир,2024-11-01
UCQeGq915GhiFlOE-fuoXGKQ,наживо,2024-11-01
UCQeGq915GhiFlOE-fuoXGKQ,прямий,2024-11-01
UCQeGq915GhiFlOE-fuoXGKQ,етер,2024-11-01
UCQeGq915GhiFlOE-fuoXGKQ,новини,2024-11-01
UCQeGq915GhiFlOE-fuoXGKQ,дайджест,2024-11-01
UCQeGq915GhiFlOE-fuoXGKQ,політичний,2024-11-01
UCQeGq915GhiFlOE-fuoXGKQ,блок,2024-11-01
UCQeGq915GhiFlOE-fuoXGKQ,центр,2024-11-01
UCQeGq915GhiFlOE-fuoXGKQ,дніпро,2024-11-01
UCQeGq915GhiFlOE-fuoXGKQ,прямий,2024-11-01
UCQeGq915GhiFlOE-fuoXGKQ,ефір,2024-11-01
UCQeGq915GhiFlOE-fuoXGKQ,centr.tv,2024-11-01
UCQeGq915GhiFlOE-fuoXGKQ,николай,2024-11-01
UCQeGq915GhiFlOE-fuoXGKQ,фельдман,2024-11-01
UCQeGq915GhiFlOE-fuoXGKQ,2022,2024-11-01
UCQeGq915GhiFlOE-fuoXGKQ,прямий,2024-11-01
UCQeGq915GhiFlOE-fuoXGKQ,ефір,2024-11-01
UCQeGq915GhiFlOE-fuoXGKQ,микола,2024-11-01
UCQeGq915GhiFlOE-fuoXGKQ,фельдман,2024-11-01
UCQeGq915GhiFlOE-fuoXGKQ,михайло,2024-11-01
UCQeGq915GhiFlOE-fuoXGKQ,шаманов,2024-11-01
UCQeGq915GhiFlOE-fuoXGKQ,михаил,2024-11-01
UCQeGq915GhiFlOE-fuoXGKQ,шаманов,2024-11-01
UCQeGq915GhiFlOE-fuoXGKQ,центр,2024-11-01
UCQeGq915GhiFlOE-fuoXGKQ,війна,2024-11-01
UCQeGq915GhiFlOE-fuoXGKQ,война,2024-11-01
UCQeGq915GhiFlOE-fuoXGKQ,війна,2024-11-01
UCQeGq915GhiFlOE-fuoXGKQ,росія,2024-11-01
UCQeGq915GhiFlOE-fuoXGKQ,україна,2024-11-01
UCLTgbvgydbIU3OQ0Z-PpTpA,квашеная,2024-11-01
UCLTgbvgydbIU3OQ0Z-PpTpA,песни,2024-11-01
UCLTgbvgydbIU3OQ0Z-PpTpA,певица,2024-11-01
UCLTgbvgydbIU3OQ0Z-PpTpA,стрим,2024-11-01
UCLTgbvgydbIU3OQ0Z-PpTpA,прямая,2024-11-01
UCLTgbvgydbIU3OQ0Z-PpTpA,трансляция,2024-11-01
UCLTgbvgydbIU3OQ0Z-PpTpA,песенный,2024-11-01
UCLTgbvgydbIU3OQ0Z-PpTpA,стрим,2024-11-01
UCLTgbvgydbIU3OQ0Z-PpTpA,стрим,2024-11-01
UCLTgbvgydbIU3OQ0Z-PpTpA,с,2024-11-01
UCLTgbvgydbIU3OQ0Z-PpTpA,песнями,2024-11-01
UCLTgbvgydbIU3OQ0Z-PpTpA,фанера,2024-11-01
UCLTgbvgydbIU3OQ0Z-PpTpA,без,2024-11-01
UCLTgbvgydbIU3OQ0Z-PpTpA,фанеры,2024-11-01
UCLTgbvgydbIU3OQ0Z-PpTpA,живой,2024-11-01
UCLTgbvgydbIU3OQ0Z-PpTpA,звук,2024-11-01
UCLTgbvgydbIU3OQ0Z-PpTpA,спела,2024-11-01
UCLTgbvgydbIU3OQ0Z-PpTpA,cover,2024-11-01
UCLTgbvgydbIU3OQ0Z-PpTpA,рок,2024-11-01
UCLTgbvgydbIU3OQ0Z-PpTpA,русский,2024-11-01
UCLTgbvgydbIU3OQ0Z-PpTpA,рок,2024-11-01
UCLTgbvgydbIU3OQ0Z-PpTpA,вживую,2024-11-01
UCLTgbvgydbIU3OQ0Z-PpTpA,хит,2024-11-01
UCLTgbvgydbIU3OQ0Z-PpTpA,радио,2024-11-01
UCLTgbvgydbIU3OQ0Z-PpTpA,музыка,2024-11-01
UCLTgbvgydbIU3OQ0Z-PpTpA,концерт,2024-11-01
UCLTgbvgydbIU3OQ0Z-PpTpA,клип,2024-11-01
UCLTgbvgydbIU3OQ0Z-PpTpA,капустина,2024-11-01
UCLTgbvgydbIU3OQ0Z-PpTpA,саша,2024-11-01
UCLTgbvgydbIU3OQ0Z-PpTpA,капустина,2024-11-01
UCLTgbvgydbIU3OQ0Z-PpTpA,александра,2024-11-01
UCLTgbvgydbIU3OQ0Z-PpTpA,капустина,2024-11-01
UCLTgbvgydbIU3OQ0Z-PpTpA,анкудинова,2024-11-01
UCLTgbvgydbIU3OQ0Z-PpTpA,radiotapok,2024-11-01
UCLTgbvgydbIU3OQ0Z-PpTpA,ai,2024-11-01
UCLTgbvgydbIU3OQ0Z-PpTpA,mori,2024-11-01
UCLTgbvgydbIU3OQ0Z-PpTpA,радио,2024-11-01
UCLTgbvgydbIU3OQ0Z-PpTpA,тапок,2024-11-01
UC-0PebZ8l-aQvGnf8Poj9ng,Вписка,2024-11-01
UC-0PebZ8l-aQvGnf8Poj9ng,интервью,2024-11-01
UC-0PebZ8l-aQvGnf8Poj9ng,подкаст,2024-11-01
UC-0PebZ8l-aQvGnf8Poj9ng,подкасты,2024-11-01
UC-0PebZ8l-aQvGnf8Poj9ng,вписка,2024-11-01
UC-0PebZ8l-aQvGnf8Poj9ng,live,2024-11-01
UC-0PebZ8l-aQvGnf8Poj9ng,рэп,2024-11-01
UCYsVtR0mpHEOON2YsycCFWA,,2024-11-01
UC6HKWohA11bBbyob7ieP-0g,роблокс,2024-11-01
UC6HKWohA11bBbyob7ieP-0g,квин,2024-11-01
UC6HKWohA11bBbyob7ieP-0g,квинка,2024-11-01
UC6HKWohA11bBbyob7ieP-0g,роблокс,2024-11-01
UCaCyjTZo0yY2UoKxASfms9w,цыганка,2024-11-01
UCaCyjTZo0yY2UoKxASfms9w,готовит,2024-11-01
UCaCyjTZo0yY2UoKxASfms9w,цыганские,2024-11-01
UCaCyjTZo0yY2UoKxASfms9w,рецепты,2024-11-01
UCaCyjTZo0yY2UoKxASfms9w,цыганские,2024-11-01
UCaCyjTZo0yY2UoKxASfms9w,традиции,2024-11-01
UCaCyjTZo0yY2UoKxASfms9w,кухня,2024-11-01
UCaCyjTZo0yY2UoKxASfms9w,еда,2024-11-01
UCaCyjTZo0yY2UoKxASfms9w,первые,2024-11-01
UCaCyjTZo0yY2UoKxASfms9w,блюда,2024-11-01
UCaCyjTZo0yY2UoKxASfms9w,мясные,2024-11-01
UCaCyjTZo0yY2UoKxASfms9w,блюда,2024-11-01
UCaCyjTZo0yY2UoKxASfms9w,торты,2024-11-01
UCaCyjTZo0yY2UoKxASfms9w,закрутки,2024-11-01
UCaCyjTZo0yY2UoKxASfms9w,на,2024-11-01
UCaCyjTZo0yY2UoKxASfms9w,зиму,2024-11-01
UCaCyjTZo0yY2UoKxASfms9w,салаты,2024-11-01
UCaCyjTZo0yY2UoKxASfms9w,консервы,2024-11-01
UCaCyjTZo0yY2UoKxASfms9w,цыганка,2024-11-01
UCaCyjTZo0yY2UoKxASfms9w,Галя,2024-11-01
UCaCyjTZo0yY2UoKxASfms9w,вторые,2024-11-01
UCaCyjTZo0yY2UoKxASfms9w,блюда,2024-11-01
UCaCyjTZo0yY2UoKxASfms9w,десерты,2024-11-01
UCaCyjTZo0yY2UoKxASfms9w,напитки,2024-11-01
UCaCyjTZo0yY2UoKxASfms9w,компоты,2024-11-01
UCaCyjTZo0yY2UoKxASfms9w,выпечка,2024-11-01
UCaCyjTZo0yY2UoKxASfms9w,сдоба,2024-11-01
UCaCyjTZo0yY2UoKxASfms9w,пироги,2024-11-01
UCaCyjTZo0yY2UoKxASfms9w,как,2024-11-01
UCaCyjTZo0yY2UoKxASfms9w,приготовить,2024-11-01
UCaCyjTZo0yY2UoKxASfms9w,рецепты,2024-11-01
UCaCyjTZo0yY2UoKxASfms9w,что,2024-11-01
UCaCyjTZo0yY2UoKxASfms9w,приготовить,2024-11-01
UCaCyjTZo0yY2UoKxASfms9w,цыгане,2024-11-01
UCaCyjTZo0yY2UoKxASfms9w,галина,2024-11-01
UCaCyjTZo0yY2UoKxASfms9w,кухня,2024-11-01
UCaCyjTZo0yY2UoKxASfms9w,домашние,2024-11-01
UCaCyjTZo0yY2UoKxASfms9w,рецепты,2024-11-01
UCvydDeIzW2UDNO7eCqmmGdw,,2024-11-01
UC9XJvt8OT-9_8QHDBdqocaw,Авто,2024-11-01
UC9XJvt8OT-9_8QHDBdqocaw,тачки,2024-11-01
UC9XJvt8OT-9_8QHDBdqocaw,машины,2024-11-01
UC9XJvt8OT-9_8QHDBdqocaw,Операция,2024-11-01
UC9XJvt8OT-9_8QHDBdqocaw,феррари,2024-11-01
UC9XJvt8OT-9_8QHDBdqocaw,Тачка,2024-11-01
UC9XJvt8OT-9_8QHDBdqocaw,Невозврата,2024-11-01
UC9XJvt8OT-9_8QHDBdqocaw,Жекич,2024-11-01
UC9XJvt8OT-9_8QHDBdqocaw,Дубровский,2024-11-01
UC9XJvt8OT-9_8QHDBdqocaw,Дубровский,2024-11-01
UC9XJvt8OT-9_8QHDBdqocaw,Синдикат,2024-11-01
UCnXuj5Q9vmJjNbgkQw9qgnA,,2024-11-01
UCDUJu_bQH68A4FXij5P_8MQ,рисование,2024-11-01
UCDUJu_bQH68A4FXij5P_8MQ,арт,2024-11-01
UCDUJu_bQH68A4FXij5P_8MQ,уроки,2024-11-01
UCDUJu_bQH68A4FXij5P_8MQ,рисования,2024-11-01
UCDUJu_bQH68A4FXij5P_8MQ,CG,2024-11-01
UCDUJu_bQH68A4FXij5P_8MQ,как,2024-11-01
UCDUJu_bQH68A4FXij5P_8MQ,научиться,2024-11-01
UCDUJu_bQH68A4FXij5P_8MQ,рисовать,2024-11-01
UCDUJu_bQH68A4FXij5P_8MQ,простые,2024-11-01
UCDUJu_bQH68A4FXij5P_8MQ,рисунки,2024-11-01
UCDUJu_bQH68A4FXij5P_8MQ,рисование,2024-11-01
UCDUJu_bQH68A4FXij5P_8MQ,для,2024-11-01
UCDUJu_bQH68A4FXij5P_8MQ,начинающих,2024-11-01
UCDUJu_bQH68A4FXij5P_8MQ,как,2024-11-01
UCDUJu_bQH68A4FXij5P_8MQ,нарисовать,2024-11-01
UCDUJu_bQH68A4FXij5P_8MQ,SAI,2024-11-01
UCDUJu_bQH68A4FXij5P_8MQ,Krita,2024-11-01
UCDUJu_bQH68A4FXij5P_8MQ,как,2024-11-01
UCDUJu_bQH68A4FXij5P_8MQ,рисовать,2024-11-01
UCDUJu_bQH68A4FXij5P_8MQ,творчество,2024-11-01
UCDUJu_bQH68A4FXij5P_8MQ,скетчбук,2024-11-01
UCDUJu_bQH68A4FXij5P_8MQ,туториалы,2024-11-01
UCDUJu_bQH68A4FXij5P_8MQ,анимация,2024-11-01
UCDUJu_bQH68A4FXij5P_8MQ,хендмейд,2024-11-01
UCDUJu_bQH68A4FXij5P_8MQ,как,2024-11-01
UCDUJu_bQH68A4FXij5P_8MQ,рисовать,2024-11-01
UCDUJu_bQH68A4FXij5P_8MQ,Уроки,2024-11-01
UCDUJu_bQH68A4FXij5P_8MQ,фотошопа,2024-11-01
UCDUJu_bQH68A4FXij5P_8MQ,digital,2024-11-01
UCDUJu_bQH68A4FXij5P_8MQ,art,2024-11-01
UCGkWnDo79DJX4raTx73NidA,музыка,2024-11-01
UCGkWnDo79DJX4raTx73NidA,вокал,2024-11-01
UCGkWnDo79DJX4raTx73NidA,кавер,2024-11-01
UCGkWnDo79DJX4raTx73NidA,пение,2024-11-01
UCGkWnDo79DJX4raTx73NidA,чат,2024-11-01
UCGkWnDo79DJX4raTx73NidA,рулетка,2024-11-01
UCGkWnDo79DJX4raTx73NidA,народная,2024-11-01
UCGkWnDo79DJX4raTx73NidA,песня,2024-11-01
UCGkWnDo79DJX4raTx73NidA,русская,2024-11-01
UCGkWnDo79DJX4raTx73NidA,народная,2024-11-01
UCGkWnDo79DJX4raTx73NidA,песня,2024-11-01
UCGkWnDo79DJX4raTx73NidA,песня,2024-11-01
UCGkWnDo79DJX4raTx73NidA,от,2024-11-01
UCGkWnDo79DJX4raTx73NidA,души,2024-11-01
UCGkWnDo79DJX4raTx73NidA,реакция,2024-11-01
UCGkWnDo79DJX4raTx73NidA,иностранцев,2024-11-01
UCGkWnDo79DJX4raTx73NidA,иностранцы,2024-11-01
UCGkWnDo79DJX4raTx73NidA,слушают,2024-11-01
UCGkWnDo79DJX4raTx73NidA,русские,2024-11-01
UCGkWnDo79DJX4raTx73NidA,песни,2024-11-01
UCQDVQ8Bf-b9ibGvfRR3UoUw,История,2024-11-01
UCQDVQ8Bf-b9ibGvfRR3UoUw,Руси,2024-11-01
UCQDVQ8Bf-b9ibGvfRR3UoUw,Древнекиевские,2024-11-01
UCQDVQ8Bf-b9ibGvfRR3UoUw,князья,2024-11-01
UCQDVQ8Bf-b9ibGvfRR3UoUw,история,2024-11-01
UCQDVQ8Bf-b9ibGvfRR3UoUw,государства,2024-11-01
UCQDVQ8Bf-b9ibGvfRR3UoUw,российского,2024-11-01
UCQDVQ8Bf-b9ibGvfRR3UoUw,Российская,2024-11-01
UCQDVQ8Bf-b9ibGvfRR3UoUw,история,2024-11-01
UCQDVQ8Bf-b9ibGvfRR3UoUw,от,2024-11-01
UCQDVQ8Bf-b9ibGvfRR3UoUw,Руси,2024-11-01
UCQDVQ8Bf-b9ibGvfRR3UoUw,до,2024-11-01
UCQDVQ8Bf-b9ibGvfRR3UoUw,России,2024-11-01
UCQDVQ8Bf-b9ibGvfRR3UoUw,Русские,2024-11-01
UCQDVQ8Bf-b9ibGvfRR3UoUw,княжества,2024-11-01
UCQDVQ8Bf-b9ibGvfRR3UoUw,Дворянство,2024-11-01
UCQDVQ8Bf-b9ibGvfRR3UoUw,Российская,2024-11-01
UCQDVQ8Bf-b9ibGvfRR3UoUw,империя,2024-11-01
